2010-01-01;18755.666666666668;1.0006666666666666;3780.3271666666665;100.0;0.16216666666666668;15.254166666666668;0.1025;0.04649999999999999;149.787;61628.51066666667;0.0;0.0;940053.9466666667;46.978;50.195;0.41416666666666674;0.4888333333333333;0.13831666666666667;0.0858;0.41556666666666664;0.0;0.782;0.08083333333333333;261.6558166666667;0.008783333333333332;0.17618333333333333;0.0;1037.56175;2681.6184;145.55863333333335;0.0;8089.856666666667;43.24313123686101
2010-02-01;18782.833333333332;1.0065;5577.133333333334;32.204;0.1745;15.085;0.284;0.207;149.20083333333332;6038.176833333334;0.0;0.0;937069.6685;-290.7391666666667;84.89333333333333;1.9043333333333334;0.5673333333333334;0.5106333333333334;0.028683333333333335;0.4298333333333333;0.005783333333333334;0.7826666666666666;0.07716666666666666;205.00173333333336;0.00665;0.7149333333333333;0.0;2367.1032;6705.701783333334;359.9576666666667;0.15026666666666666;17042.039999999997;143.35580593154268
2010-03-01;18804.666666666668;1.0071666666666665;7520.462166666667;25.9105;0.18166666666666664;15.008333333333333;0.5323333333333333;0.361;150.25066666666666;7250.5935;0.0;0.0;934169.6448333333;-825.913;108.97166666666668;3.571;0.5133333333333333;0.8483499999999999;0.011099999999999999;0.43884999999999996;0.0006166666666666667;0.7840000000000001;0.0745;208.53528333333335;0.004916666666666666;0.8408666666666668;0.0;4013.428633333333;10772.815216666668;649.49905;14.994833333333332;27100.26;276.3214861064536
2010-04-01;18823.0;1.007;8218.0295;8.424833333333334;0.18633333333333332;14.975666666666667;0.5991666666666666;0.42849999999999994;152.08383333333333;14834.711833333335;0.0;0.0;933018.991;-1082.9878333333334;131.25166666666667;4.412;0.5301666666666667;0.9996999999999999;0.010566666666666667;0.4492;-8.333333333333336e-05;0.7853333333333333;0.07266666666666666;214.62276666666665;0.0032333333333333333;0.8665166666666666;0.0;5780.329766666667;14829.363599999999;965.9898166666667;61.88023333333334;36790.418333333335;428.27508021889565
2010-05-01;18842.666666666668;1.0058333333333334;9149.118833333334;9.948500000000001;0.1905;14.9495;0.7853333333333333;0.5201666666666667;153.94166666666666;20678.12283333333;0.0;0.0;933056.2353333334;-1523.8825;147.55166666666665;5.595666666666666;0.5101666666666667;1.2073833333333333;0.008283333333333334;0.4589833333333333;-0.0011833333333333333;0.7865000000000001;0.07066666666666667;213.76206666666667;0.0023833333333333332;0.8989833333333334;0.0;7736.271633333334;18972.28055;1317.4219333333333;127.69883333333333;46733.551666666666;604.9669225401526
2010-06-01;18865.5;1.006;11265.918;18.7255;0.19366666666666665;14.947333333333333;1.1558333333333335;0.6703333333333333;156.29066666666668;23889.118;0.0;0.0;935215.7046666667;-1295.222;162.16333333333333;7.293166666666667;0.4696666666666667;1.6325666666666667;0.007233333333333334;0.46388333333333337;6.666666666666682e-05;0.7881666666666667;0.069;212.14858333333333;0.0013333333333333333;0.9365666666666667;0.0;10040.89055;23519.741816666665;1750.0059833333332;222.21768333333333;56311.78333333333;827.5657070736598
2010-07-01;18879.833333333332;1.0065;12206.938166666667;7.498;0.19666666666666666;14.9405;1.4643333333333333;0.7908333333333334;158.2015;28774.471166666666;0.0;0.0;939502.4673333332;-1650.8511666666666;172.57000000000002;9.026000000000002;0.45016666666666666;1.8814333333333335;0.00755;0.47029999999999994;0.0005333333333333333;0.7903333333333333;0.06683333333333334;212.35538333333332;0.0001833333333333333;0.9550666666666667;0.0;12566.545316666665;27962.406633333332;2218.79615;323.4649166666667;66080.875;1078.7630019506512
2010-08-01;18902.5;1.006;13947.691166666666;12.324666666666667;0.19883333333333333;14.949333333333334;1.709666666666667;0.9013333333333334;160.63433333333333;41007.005;0.0;0.0;945804.2895;-1791.0793333333334;178.99833333333333;10.355333333333334;0.439;2.2032666666666665;0.007816666666666666;0.47631666666666667;-0.0005;0.7923333333333334;0.06516666666666666;215.72018333333335;-0.0010833333333333335;0.9646833333333333;0.0;15518.763416666667;32857.542616666666;2753.9385166666666;560.2239666666667;75518.52833333334;1373.1882221532667
2010-09-01;18920.0;1.007;14038.423;0.6613333333333334;0.20083333333333334;14.9585;1.7846666666666666;0.9655;162.98583333333332;46084.48416666667;0.0;0.0;953959.4691666667;-2392.5943333333335;182.65;10.931666666666667;0.4406666666666667;2.2093166666666666;0.008849999999999998;0.48295;0.0010166666666666666;0.7946666666666667;0.0625;214.40241666666665;-0.00235;0.96475;0.0;18105.48415;37679.196449999996;3292.796966666667;137.82421666666667;85121.455;1690.6198754809782
2010-10-01;18934.5;1.0076666666666665;14436.072833333334;1.9583333333333333;0.2021666666666667;14.976500000000001;1.7511666666666665;0.9951666666666666;165.18733333333333;47518.162000000004;0.0;0.0;964329.7425;-2507.406;186.37833333333333;11.327333333333334;0.4495;2.2348166666666667;0.010799999999999999;0.4874;0.0008833333333333333;0.7966666666666667;0.06133333333333333;215.44563333333335;-0.002816666666666667;0.96135;0.011116666666666665;20620.126433333335;42476.974416666664;3847.16575;13.040383333333333;94559.675;1995.9495125292297
2010-11-01;18948.0;1.008;14503.457499999999;0.19716666666666693;0.20350000000000001;14.995666666666667;1.7313333333333334;1.0018333333333334;167.703;47847.276333333335;0.0;0.0;977186.9313333334;-2684.6818333333335;192.78166666666667;11.651833333333334;0.45616666666666666;2.2350166666666667;0.0135;0.49101666666666666;0.00015000000000000004;0.7991666666666667;0.0595;215.79638333333332;-0.003916666666666666;0.9586666666666667;0.0;23139.687766666666;47154.60673333333;4403.998483333334;17.767166666666665;103862.65666666666;2317.9145963047536
2010-12-01;18955.833333333332;1.0078333333333334;15056.924666666666;3.177166666666667;0.20483333333333334;15.010666666666665;1.7695;1.0553333333333332;170.0745;47512.61083333333;0.0;0.0;992870.5688333333;-2721.1656666666668;201.68833333333336;12.0645;0.4583333333333333;2.2988666666666666;0.015433333333333334;0.49555;-8.333333333333332e-05;0.8015;0.057333333333333326;217.05406666666667;-0.005083333333333333;0.96015;0.0;25745.667083333334;51829.16449999999;4981.602383333334;48.89346666666666;112984.21;2662.506821068727
2011-01-01;18951.5;1.008;15533.812166666668;2.7070000000000003;0.20566666666666666;15.025;1.7431666666666665;1.0821666666666667;172.6;49496.668000000005;0.0;0.0;1011450.4888333334;-2621.4396666666667;206.57500000000002;12.044666666666666;0.4658333333333333;2.3213;0.019316666666666666;0.50085;0.0003;0.8041666666666667;0.0555;219.13413333333332;-0.0062499999999999995;0.9566;0.011116666666666665;28369.808;56398.07095;5579.113383333333;10.886066666666666;121917.52333333333;3029.960577929182
2011-02-01;18952.666666666668;1.0081666666666667;15610.550166666668;0.2106666666666667;0.20666666666666667;15.045499999999999;1.7135;1.0823333333333334;175.11950000000002;49677.36033333334;0.0;0.0;1033282.2400000001;-2779.4629999999997;214.29333333333332;12.231333333333334;0.4716666666666667;2.3272999999999997;0.020566666666666667;0.5039666666666667;-6.666666666666667e-05;0.8071666666666667;0.05366666666666667;221.94833333333335;-0.00735;0.9533;0.019183333333333333;30995.565733333333;61001.75935;6179.679383333333;8.260933333333332;130740.65833333333;3395.3407608695375
2011-03-01;18955.5;1.008;15358.853666666668;-1.7236666666666665;0.20750000000000002;15.0715;1.7149999999999999;1.071;177.58366666666666;49511.69583333333;0.0;0.0;1058691.4556666666;-3204.1659999999997;214.755;12.212666666666665;0.4756666666666667;2.281283333333333;0.024316666666666667;0.5073333333333333;-0.00016666666666666672;0.8096666666666668;0.0515;223.04638333333332;-0.00855;0.95235;0.037700000000000004;33586.46911666667;65489.36285;6769.9868166666665;25.022783333333333;139366.8866666667;3760.0457877286776
2011-04-01;18958.166666666668;1.0086666666666666;16068.969666666666;4.2695;0.2081666666666667;15.088999999999999;1.7051666666666667;1.0983333333333334;180.21016666666665;51541.263;0.0;0.0;1088057.0053333333;-3035.4483333333333;217.25166666666667;12.448;0.4803333333333333;2.3286333333333333;0.028766666666666666;0.5125833333333333;0.0008500000000000001;0.8126666666666665;0.048999999999999995;225.0681833333333;-0.009583333333333333;0.9509666666666666;0.037700000000000004;36260.353983333334;69973.49868333332;7388.2260166666665;32.6629;147671.78333333333;4112.651546709563
2011-05-01;18963.0;1.0094999999999998;16308.2975;1.4721666666666666;0.209;15.115166666666667;1.7828333333333333;1.1281666666666668;182.6235;52956.421;0.0;0.0;1121441.9613333333;-3345.520666666667;221.75833333333333;12.781666666666666;0.4768333333333333;2.347516666666667;0.032;0.5154666666666666;0.0005833333333333334;0.8148333333333332;0.04700000000000001;229.29809999999998;-0.01085;0.9533666666666667;0.037700000000000004;39100.54325;74444.6548;8015.014633333333;185.86483333333334;156057.64666666667;4523.528408929294
2011-06-01;18969.833333333332;1.0094999999999998;16993.45116666667;3.8885;0.2095;15.144499999999999;1.8934999999999997;1.1604999999999999;185.10383333333334;54435.98333333334;0.0;0.0;1159859.7625;-3193.2958333333336;218.99;13.246333333333332;0.4705;2.4577833333333334;0.03576666666666667;0.5195500000000001;0.0001833333333333334;0.8174999999999999;0.044333333333333336;232.11458333333334;-0.011749999999999998;0.95505;0.06018333333333334;42159.760566666664;78981.89971666667;8668.44765;344.28613333333334;164137.28333333333;4975.377335265442
2011-07-01;18973.5;1.0091666666666665;17067.544333333335;0.2656666666666667;0.20983333333333332;15.165666666666667;2.0005;1.2118333333333333;187.75;55368.885;0.0;0.0;1203196.4833333334;-3641.3471666666665;219.04666666666665;13.771166666666666;0.4655;2.44765;0.040049999999999995;0.5215666666666666;-0.0004833333333333334;0.8205;0.042;233.51586666666665;-0.010183333333333334;0.9551333333333334;0.08036666666666667;45211.64916666667;83447.81509999999;9324.480216666667;329.8718666666667;172255.505;5401.4213940601
2011-08-01;18973.666666666668;1.01;17985.446;4.876666666666667;0.2105;15.1895;2.082666666666667;1.2389999999999999;190.22533333333334;57989.59133333334;0.0;0.0;1252472.251;-3408.0465;221.26166666666666;13.798666666666668;0.46216666666666667;2.5599166666666666;0.044116666666666665;0.5192333333333333;0.0008166666666666666;0.8238333333333333;0.0405;234.85254999999998;-0.008416666666666668;0.9549500000000001;0.06369999999999999;48427.2222;87940.90535;10016.741683333334;396.76848333333334;179971.54;5871.439044469581
2011-09-01;18974.333333333332;1.0114999999999998;17875.172000000002;-0.6001666666666666;0.21116666666666664;15.213666666666667;2.1178333333333335;1.2428333333333332;193.0875;59508.442833333334;0.0;0.0;1307619.0691666666;-3646.6323333333335;218.42499999999998;13.905166666666666;0.4618333333333333;2.5237000000000003;0.046683333333333334;0.5165833333333333;0.0014333333333333333;0.827;0.0415;234.90185;-0.00835;0.9557833333333333;0.07163333333333334;51426.527116666664;92368.72708333335;10704.036783333335;172.89075;187817.98666666666;6338.88758384754
2011-10-01;18965.666666666668;1.0113333333333332;18811.552;4.888833333333333;0.2115;15.234833333333333;2.1605;1.2891666666666666;195.48933333333332;61995.13816666667;0.0;0.0;1369597.8978333334;-3341.8785000000003;216.24666666666667;14.276333333333334;0.4613333333333334;2.61745;0.050249999999999996;0.5152833333333333;-0.00019999999999999998;0.8301666666666666;0.0425;235.37393333333333;-0.008316666666666667;0.956;0.08040000000000001;54557.292583333336;96870.97246666667;11427.31035;201.97153333333335;195295.86166666666;6852.723393086933
2011-11-01;18961.5;1.0115;18521.695333333333;-1.5621666666666665;0.212;15.256;2.1838333333333333;1.2951666666666666;197.6405;62962.312;0.0;0.0;1438621.3438333336;-3712.9156666666663;216.69833333333335;14.036333333333333;0.4615;2.53495;0.05325;0.5150333333333333;0.0001;0.8333333333333334;0.043500000000000004;236.54523333333336;-0.008283333333333334;0.9562166666666667;0.07206666666666667;57576.20958333334;101293.72935;12139.3368;115.17694999999999;202930.125;7364.951575605985
2011-12-01;18953.666666666668;1.0111666666666668;19446.610166666665;4.6965;0.21216666666666664;15.283500000000002;2.2181666666666664;1.3191666666666666;200.25199999999998;63527.01516666667;0.0;0.0;1516118.2891666666;-3326.6276666666668;215.165;14.358333333333334;0.4615;2.6458;0.0589;0.5155666666666666;-0.00015000000000000001;0.8368333333333333;0.044000000000000004;237.42001666666667;-0.008283333333333334;0.9567333333333333;0.07965;60713.06103333333;105695.84105;12887.1892;137.06226666666666;210104.10666666666;7850.534744954589
2012-01-01;18952.666666666668;1.0108333333333333;19371.353666666666;-0.4705000000000002;0.21266666666666667;15.308333333333332;2.2355;1.3121666666666667;202.89716666666666;63718.394166666665;0.0;0.0;1602160.8376666668;-3825.5086666666666;217.01666666666665;14.358833333333331;0.46166666666666667;2.580433333333333;0.0617;0.5137999999999999;-0.00023333333333333336;0.8398333333333333;0.04466666666666667;239.02256666666668;-0.008266666666666667;0.9560166666666667;0.07838333333333335;63808.02638333334;110104.50646666666;13630.114216666667;98.21916666666668;217405.92500000002;8437.314110545072
2012-02-01;18944.166666666668;1.0113333333333332;19875.905166666667;2.4716666666666667;0.21333333333333335;15.329333333333333;2.250666666666667;1.3339999999999999;205.67816666666667;65000.423;0.0;0.0;1698059.0723333333;-3631.643666666667;211.135;14.353833333333334;0.4626666666666667;2.6068333333333333;0.06796666666666666;0.5132166666666667;0.00035;0.8433333333333333;0.04533333333333334;240.51409999999998;-0.008233333333333334;0.95535;0.0708;66970.46316666667;114569.6902;14392.530016666666;117.20331666666668;224416.56999999998;9055.47407167368
2012-03-01;18945.833333333332;1.0125;20250.766166666668;1.8438333333333334;0.21333333333333335;15.362;2.3021666666666665;1.3235;208.64083333333335;66412.30183333333;0.0;0.0;1804673.731;-3693.0346666666665;203.3083333333333;14.083666666666666;0.461;2.6157333333333335;0.07261666666666666;0.51365;0.0014166666666666668;0.8461666666666666;0.046000000000000006;242.89546666666664;-0.008233333333333334;0.9571833333333334;0.08523333333333333;70292.69796666667;119024.98446666666;15169.168566666667;249.31155;231349.93833333332;9772.24212110432
2012-04-01;18946.166666666668;1.0128333333333333;20415.405666666666;0.7134999999999998;0.21383333333333332;15.385;2.2945;1.3211666666666666;211.5205;66888.35466666667;0.0;0.0;1922999.2873333332;-3824.515;197.42166666666665;14.0695;0.4633333333333334;2.5817666666666668;0.07756666666666666;0.5143666666666666;0.00023333333333333333;0.8496666666666667;0.04650000000000001;245.1175166666667;-0.008183333333333332;0.9560833333333334;0.0928;73427.09383333333;123475.35581666666;15952.201583333333;21.900516666666665;238175.30166666667;10558.036572559404
2012-05-01;18949.5;1.0131666666666665;21057.886499999997;2.9173333333333336;0.21366666666666667;15.418833333333334;2.3160000000000003;1.3358333333333334;214.8475;68396.05666666667;0.0;0.0;2054276.3103333332;-3561.8236666666667;190.13;13.937666666666667;0.4633333333333334;2.6112333333333333;0.0823;0.5142666666666666;0.0001333333333333333;0.8525;0.04716666666666667;246.32938333333334;-0.008183333333333332;0.9561833333333333;0.09441666666666666;76746.91295;128018.74656666665;16759.929399999997;148.72016666666664;244775.04;11316.75016409123
2012-06-01;18949.5;1.0121666666666667;21962.4495;3.9685;0.2135;15.452333333333334;2.3556666666666666;1.3656666666666668;217.8075;68947.76783333333;0.0;0.0;2199559.8816666664;-3562.0263333333332;185.97;14.008000000000001;0.4623333333333333;2.65635;0.08891666666666666;0.51315;-0.0007666666666666667;0.8556666666666667;0.04733333333333334;246.66318333333334;-0.008133333333333333;0.9569833333333334;0.08683333333333333;80202.2662;132638.2607;17602.376616666665;173.16661666666667;251277.97166666668;12081.815144774808
2012-07-01;18950.666666666668;1.0131666666666665;22069.573833333332;0.3443333333333334;0.21366666666666667;15.4775;2.3675;1.3561666666666667;220.5435;69692.76883333334;0.0;0.0;2360400.1641666666;-3859.5068333333334;172.1966666666667;13.870833333333332;0.4635;2.61125;0.0916;0.5133333333333333;0.0011666666666666665;0.859;0.04783333333333334;248.68236666666667;-0.008133333333333333;0.9569166666666667;0.09941666666666667;83584.43718333333;137243.11501666668;18449.060933333334;78.02575;257799.79833333334;12831.22390590306
2012-08-01;18938.333333333332;1.0143333333333333;22617.65166666667;2.4386666666666668;0.21366666666666667;15.499166666666667;2.3831666666666664;1.3303333333333334;223.5005;70420.22033333335;0.0;0.0;2538532.941;-3653.7016666666664;160.55166666666665;13.812833333333332;0.4643333333333333;2.613633333333333;0.09646666666666666;0.5133666666666666;0.0008166666666666666;0.8626666666666667;0.04816666666666666;249.84016666666665;-0.00805;0.9565666666666667;0.10604999999999999;87044.06695;141916.82690000001;19316.299816666666;101.50633333333333;264038.81666666665;13665.418016502192
2012-09-01;18932.666666666668;1.0151666666666666;23282.148833333336;2.7436666666666665;0.21366666666666667;15.524000000000001;2.3765;1.3386666666666667;226.20483333333334;70534.06066666667;0.0;0.0;2735560.9143333333;-3708.9906666666666;147.59833333333333;14.032833333333334;0.4663333333333333;2.6290333333333336;0.10156666666666665;0.51335;0.0008833333333333333;0.8664999999999999;0.04883333333333333;249.93595000000002;-0.008016666666666667;0.9552833333333334;0.1195;90521.08721666667;146653.7478;20209.014133333334;30.63665;270151.0316666667;14487.553501253124
2012-10-01;18936.0;1.0146666666666666;23790.234;2.1656666666666666;0.21383333333333332;15.5565;2.3665;1.3175000000000001;229.36299999999997;71440.54016666666;0.0;0.0;2952946.564333333;-3822.6771666666664;142.4416666666667;13.781166666666666;0.46849999999999997;2.59605;0.10703333333333333;0.5122;-0.0005166666666666667;0.87;0.04883333333333333;252.56421666666665;-0.007933333333333332;0.9542166666666666;0.1183;94046.74545;151452.8903;21121.47378333333;7.221550000000001;276331.555;15413.25259571666
2012-11-01;18933.0;1.015;24256.388000000003;1.7794999999999999;0.21366666666666667;15.584833333333334;2.3641666666666667;1.2751666666666666;232.11166666666668;71752.9835;0.0;0.0;3193339.7541666664;-3628.2989999999995;135.4283333333333;13.385333333333334;0.4705;2.56395;0.11411666666666666;0.5140666666666667;0.0002333333333333333;0.8734999999999999;0.04933333333333333;254.85855;-0.007933333333333332;0.9543333333333334;0.12480000000000001;97644.67513333332;156277.93558333334;22052.206649999996;29.344116666666665;282327.4033333333;16420.7299044703
2012-12-01;18934.833333333332;1.0156666666666665;25155.1155;3.6018333333333334;0.21383333333333332;15.613999999999999;2.362;1.2788333333333333;235.30766666666668;72842.05233333334;0.0;0.0;3458872.4450000003;-3467.857;116.79333333333334;13.3685;0.4723333333333333;2.5844833333333335;0.11731666666666667;0.51365;0.0007000000000000001;0.8773333333333334;0.049833333333333334;254.80488333333335;-0.007916666666666667;0.9537333333333334;0.12480000000000001;101361.23641666667;161212.78116666668;23017.1716;35.85425;288204.98500000004;17538.896217914953
2013-01-01;18936.333333333332;1.0146666666666666;25814.219833333333;2.4698333333333333;0.2135;15.645000000000001;2.3634999999999997;1.2541666666666667;238.1955;73091.16350000001;0.0;0.0;3751874.9385;-3738.0638333333336;111.48666666666666;13.325000000000001;0.47433333333333333;2.5555666666666665;0.12140000000000001;0.5143833333333333;-0.0007000000000000001;0.8808333333333334;0.049833333333333334;255.08655;-0.007899999999999999;0.95325;0.11786666666666666;105156.12456666667;166230.9536;24009.601550000003;30.5155;294066.4166666667;18596.089213186053
2013-02-01;18937.5;1.015;25429.657166666668;-1.623;0.21333333333333335;15.677833333333334;2.3668333333333336;1.2195;241.23;73724.479;0.0;0.0;4076689.7191666667;-3776.0995000000003;94.58;13.2555;0.476;2.5459666666666667;0.1273;0.5144833333333333;5e-05;0.8845000000000001;0.049833333333333334;256.81559999999996;-0.007916666666666667;0.95375;0.12044999999999999;108894.93208333333;171151.15378333334;24987.624866666665;31.945833333333336;299861.74333333335;19521.849026345593
2013-03-01;18936.166666666668;1.015;25157.896333333334;-1.5766666666666664;0.2135;15.708166666666665;2.3651666666666666;1.2018333333333333;244.40800000000002;73811.74483333335;0.0;0.0;4436658.209166667;-3774.8848333333335;80.51833333333333;13.056166666666668;0.47833333333333333;2.5448666666666666;0.13335;0.5155833333333334;0.00023333333333333336;0.8881666666666667;0.050166666666666665;253.59873333333334;-0.007899999999999999;0.9533666666666667;0.10985;112583.59814999999;175979.19556666666;25954.84985;28.10546666666667;305450.95666666667;21049.00597241658
2013-04-01;18929.333333333332;1.0168333333333333;25143.6425;-0.09416666666666666;0.2135;15.738;2.3631666666666664;1.1695;247.51699999999997;73516.20383333333;0.0;0.0;4834789.572833333;-3706.633;69.17833333333333;13.176;0.48016666666666663;2.5207833333333336;0.1378;0.5161166666666667;0.0016333333333333332;0.892;0.050666666666666665;255.33723333333333;-0.007866666666666666;0.9534833333333333;0.10259999999999998;116255.57363333333;180843.77616666668;26921.321083333332;18.496783333333333;310971.76166666666;22906.21927959534
2013-05-01;18933.166666666668;1.015;24088.281333333332;-4.773333333333333;0.2135;15.772166666666665;2.3705;1.145;250.8503333333333;73921.2095;0.0;0.0;5275960.3226666665;-4038.631;58.126666666666665;13.4885;0.4808333333333333;2.4605833333333336;0.14105;0.5160833333333333;-0.0017833333333333336;0.8953333333333333;0.050666666666666665;257.0003;-0.007816666666666666;0.9535999999999999;0.10771666666666668;119851.11776666668;185477.04798333335;27847.70435;90.76846666666667;316466.785;24277.925454121763
2013-06-01;18927.833333333332;1.0128333333333333;23634.127833333332;-2.5865000000000005;0.2135;15.800833333333335;2.384333333333333;1.0953333333333333;254.2015;73444.757;0.0;0.0;5764732.248333334;-3931.4048333333335;49.156666666666666;13.225;0.48166666666666663;2.4690499999999997;0.14933333333333335;0.5174;-0.0022666666666666664;0.8988333333333333;0.051;258.36876666666666;-0.007833333333333333;0.9541166666666667;0.10771666666666668;123408.04523333332;190010.79061666667;28756.335033333333;128.38738333333333;321747.89666666667;25429.359431951383
2013-07-01;18930.833333333332;1.013;21973.93533333333;-8.649166666666666;0.2135;15.837000000000002;2.4306666666666668;1.0476666666666667;257.7861666666667;73499.57016666666;0.0;0.0;6307100.414666667;-3879.6235;37.05833333333334;12.849166666666667;0.48016666666666663;2.464166666666667;0.15438333333333334;0.5165833333333333;0.00038333333333333334;0.902;0.051;257.53771666666665;-0.007866666666666666;0.9548166666666668;0.10771666666666668;126883.69864999999;194307.14731666667;29601.007516666665;286.89523333333335;326996.25;26292.39424076336
2013-08-01;18931.0;1.0086666666666666;21497.614;-1.7396666666666665;0.21333333333333335;15.874166666666667;2.4541666666666666;1.0731666666666666;260.97883333333334;73180.79383333334;0.0;0.0;6907756.150666666;-3823.9900000000002;25.64;12.980833333333331;0.48;2.5092;0.16;0.5159833333333333;-0.0043;0.9053333333333334;0.051;257.86655;-0.007816666666666666;0.9558333333333334;0.11464999999999999;130220.29558333334;198511.61028333334;30427.425683333335;211.37199999999999;332104.87333333335;27169.416457553056
2013-09-01;18927.5;1.0073333333333332;19047.202666666668;-13.604666666666667;0.21316666666666664;15.906333333333334;2.4645;1.0631666666666666;264.02316666666667;72953.35483333333;0.0;0.0;7574500.914666667;-4098.164833333333;20.416666666666668;12.610999999999999;0.4796666666666667;2.50325;0.16191666666666668;0.5162166666666667;-0.0013333333333333333;0.9081666666666667;0.051166666666666666;258.85016666666667;-0.0078000000000000005;0.95655;0.1216;133178.49786666667;202354.7129;31158.94365;153.69156666666666;337230.08666666667;28021.431366535093
2013-10-01;18917.833333333332;1.0068333333333332;17691.9025;-7.388166666666667;0.213;15.934666666666667;2.468;1.0323333333333335;267.6565;72098.74633333333;0.0;0.0;8312649.988166667;-4488.597833333333;17.116666666666664;12.545166666666667;0.48016666666666663;2.4294;0.16761666666666666;0.5163833333333333;-0.0007000000000000001;0.9113333333333333;0.051333333333333335;259.73133333333334;-0.0078000000000000005;0.95675;0.12861666666666668;135915.74478333333;205981.99111666667;31838.793266666664;111.11946666666667;342309.12666666665;28470.209458162513
2013-11-01;18915.666666666668;1.007;17172.582833333334;-2.9868333333333332;0.213;15.965666666666666;2.4635000000000002;1.0221666666666667;270.89416666666665;71192.57400000001;0.0;0.0;9129072.867166666;-4292.530833333333;14.298333333333332;12.757;0.4803333333333333;2.3889;0.17428333333333335;0.5176666666666667;0.0003333333333333333;0.914;0.051333333333333335;259.63013333333333;-0.00775;0.9567;0.12639999999999998;138554.58943333334;209508.9187;32498.766983333335;90.89068333333334;347179.01666666666;28903.72208731495
2013-12-01;18919.333333333332;1.0061666666666667;17193.24783333333;-0.008500000000000008;0.21283333333333332;16.005666666666666;2.4536666666666664;0.9885;274.19283333333334;69966.80716666667;0.0;0.0;10031509.828333333;-4064.2885;12.821666666666665;11.9305;0.48100000000000004;2.40395;0.17984999999999998;0.5168666666666667;-0.0007666666666666667;0.9163333333333333;0.0515;259.99845;-0.00775;0.9565;0.13473333333333334;141148.6428;213034.66128333332;33159.21215;46.828383333333335;351908.7183333333;29285.892610952666
2014-01-01;18922.666666666668;1.0058333333333334;16870.91083333333;-1.95;0.21083333333333332;16.045666666666666;2.458833333333333;0.9681666666666667;277.74216666666666;68993.953;0.0;0.0;11028653.446999999;-4442.160333333333;11.655;11.466833333333334;0.48066666666666663;2.3374333333333333;0.1839333333333333;0.5168166666666667;-0.00039999999999999996;0.919;0.0515;260.8184833333333;-0.007733333333333334;0.9569000000000001;0.14063333333333333;143793.83153333332;216472.09311666666;33876.41461666667;151.01725000000002;356690.04;29739.57991708236
2014-02-01;18924.0;1.0063333333333333;17150.747666666666;1.5651666666666666;0.20883333333333332;16.087500000000002;2.449;0.9658333333333333;281.3296666666667;67871.064;0.0;0.0;12130591.523166666;-4169.724666666666;9.486666666666666;11.484166666666667;0.48133333333333334;2.3493333333333335;0.19015;0.5174666666666666;0.0006166666666666667;0.9215;0.0515;261.34721666666667;-0.007766666666666667;0.9565166666666668;0.13588333333333333;146373.26518333334;219927.59646666667;34605.601866666664;50.515633333333334;361244.49666666664;30200.319147872186
2014-03-01;18924.833333333332;1.0066666666666666;16578.44283333333;-3.6826666666666665;0.20666666666666667;16.127166666666668;2.4373333333333336;0.9696666666666666;285.0016666666667;66618.28616666667;0.0;0.0;13347833.441;-4593.053666666667;9.623333333333333;11.379833333333332;0.48183333333333334;2.2394;0.19771666666666665;0.5178166666666667;0.00031666666666666665;0.9241666666666667;0.051666666666666666;261.9375333333333;-0.007716666666666667;0.9561333333333333;0.12755000000000002;148870.2997;223305.23231666666;35310.32281666667;42.417449999999995;365870.6783333333;30655.43395668786
2014-04-01;18919.5;1.0076666666666665;16863.542333333335;1.674166666666667;0.20483333333333334;16.162166666666668;2.436;0.9513333333333334;288.40066666666667;65622.635;0.0;0.0;14693002.765833333;-4304.377166666666;8.09;10.785333333333334;0.48233333333333334;2.2602166666666665;0.20378333333333334;0.5179333333333334;0.001;0.9271666666666668;0.052;261.70571666666666;-0.007699999999999999;0.9556333333333334;0.1328;151410.20585;226713.53373333334;36026.92766666666;65.86873333333334;370186.1483333334;31066.744012756735
2014-05-01;18917.333333333332;1.0073333333333332;16275.616833333333;-3.9466666666666668;0.20266666666666666;16.200833333333332;2.4465;0.9580000000000001;291.4936666666667;65074.9615;0.0;0.0;16178908.6395;-4735.974999999999;8.433333333333334;11.494333333333335;0.48133333333333334;2.1645499999999998;0.20851666666666668;0.5188333333333334;-0.0002666666666666667;0.9293333333333335;0.051833333333333335;263.12690000000003;-0.007566666666666667;0.9559666666666667;0.16613333333333333;154007.30416666667;230022.61135;36719.07523333333;209.35821666666666;374633.34;31435.369674488527
2014-06-01;18916.166666666668;1.0076666666666665;16810.756166666666;3.107666666666667;0.20066666666666666;16.24116666666667;2.4635;0.9620000000000001;295.32866666666666;64042.95183333333;0.0;0.0;17820770.95083333;-4344.112166666667;6.973333333333334;11.098166666666666;0.4805;2.22975;0.21353333333333335;0.5208333333333334;0.0003;0.9318333333333334;0.051833333333333335;264.61441666666667;-0.007533333333333333;0.9564666666666666;0.16335;156638.31615;233378.4367;37433.83068333333;180.65518333333333;378856.5883333333;31729.179285259335
2014-07-01;18914.0;1.0065;16564.725000000002;-1.6644999999999996;0.19866666666666666;16.28216666666667;2.5065;0.9618333333333333;298.8213333333333;64265.444500000005;0.0;0.0;19634362.631666664;-4480.371166666667;7.585000000000001;11.272666666666666;0.478;2.1838833333333336;0.21819999999999998;0.5208333333333334;-0.0014000000000000002;0.9343333333333333;0.052;266.5237;-0.00755;0.9583833333333334;0.16298333333333334;159538.78095000001;236715.17903333332;38137.53221666667;517.7349833333333;383162.195;32052.067116623937
2014-08-01;18910.666666666668;1.0065;16674.092333333334;0.5115000000000004;0.19666666666666666;16.314833333333333;2.5275000000000003;0.9500000000000001;302.11583333333334;63705.57183333333;0.0;0.0;21637657.135333333;-4345.5363333333335;5.958333333333333;11.158499999999998;0.4763333333333333;2.155283333333333;0.22448333333333334;0.5213666666666666;0.0002;0.9371666666666667;0.052;268.6030333333333;-0.007516666666666667;0.9586833333333334;0.1691666666666667;162256.32896666668;240061.24755;38846.03913333333;303.98883333333333;387329.4916666667;32386.308567288575
2014-09-01;18909.333333333332;1.0066666666666666;16658.732333333333;-0.09366666666666675;0.1945;16.359666666666666;2.533333333333333;0.9309999999999999;305.8605;63727.087999999996;0.0;0.0;23850597.268666666;-4384.558166666667;5.695;10.358666666666666;0.476;2.1327166666666666;0.22929999999999998;0.52245;0.00018333333333333334;0.9394999999999999;0.052;270.1667333333333;-0.0075;0.9587166666666667;0.1828;164847.02916666667;243351.49751666666;39554.24433333333;170.4005;391453.0833333333;32721.623479039903
2014-10-01;18907.666666666668;1.0075;16682.768666666667;-0.008500000000000016;0.19233333333333333;16.3995;2.5483333333333333;0.9246666666666666;309.3143333333333;62931.517166666665;0.0;0.0;26295131.72233333;-4309.903666666666;4.736666666666666;9.9715;0.4749999999999999;2.115533333333333;0.23571666666666666;0.5221833333333333;0.0008;0.9423333333333334;0.052;272.05375;-0.007383333333333333;0.9586333333333333;0.1968;167500.85711666665;246645.1629833333;40263.731;245.30948333333333;395400.695;33021.14465068487
2014-11-01;18907.166666666668;1.0071666666666665;16812.734166666665;0.7153333333333332;0.19033333333333333;16.4415;2.5540000000000003;0.9268333333333333;313.0415;62697.95233333334;0.0;0.0;28994768.068;-4443.665333333333;3.9299999999999997;9.496833333333333;0.47433333333333333;2.0596;0.24318333333333333;0.5222;-0.00026666666666666673;0.9448333333333333;0.052;274.11608333333334;-0.007333333333333333;0.95885;0.1968;170092.92575;249968.4385833333;40978.33048333333;159.2128;399372.51666666666;33355.7640918202
2014-12-01;18901.833333333332;1.0076666666666665;17347.431666666667;2.983;0.1885;16.477999999999998;2.553;0.9231666666666666;316.63466666666665;62405.25716666667;0.0;0.0;31976826.2375;-4226.302333333333;1.5966666666666667;9.3155;0.4746666666666666;2.1103166666666664;0.24405;0.5227333333333334;0.0005;0.9473333333333334;0.05216666666666667;275.93606666666665;-0.007383333333333333;0.9585833333333333;0.18499999999999997;172682.5804;253334.70835;41715.951166666666;84.43090000000001;403184.48500000004;33668.94344677527
2015-01-01;18901.5;1.0075;17173.145333333334;-1.0598333333333334;0.18783333333333332;16.50883333333333;2.5443333333333333;0.9155000000000001;320.4555;61808.61283333334;0.0;0.0;35270257.10216667;-4200.727;1.8766666666666667;9.186833333333333;0.4749999999999999;2.044216666666667;0.24721666666666667;0.5231166666666667;-0.00011666666666666672;0.9498333333333333;0.05216666666666667;277.1222833333333;-0.007366666666666667;0.9580166666666666;0.18499999999999997;175206.6093166667;256692.88249999998;42445.96533333333;36.52616666666667;407036.9683333333;33950.3185267785
2015-02-01;18904.333333333332;1.0081666666666667;17618.972833333333;2.4065;0.18716666666666668;16.545333333333335;2.5375;0.922;323.9555;61567.78866666667;0.0;0.0;38907801.64266667;-4363.472;0.11499999999999999;8.895666666666665;0.4749999999999999;2.058666666666667;0.25295;0.5239166666666667;0.0003999999999999999;0.9523333333333333;0.052333333333333336;279.25975;-0.007366666666666667;0.9583166666666667;0.1900666666666667;177787.31788333334;260080.65455;43195.170600000005;40.39941666666667;410779.5516666667;34262.545812962875
2015-03-01;18904.333333333332;1.0076666666666665;17543.746;-0.39466666666666667;0.18683333333333332;16.584500000000002;2.5316666666666667;0.8913333333333333;327.36650000000003;61357.845499999996;0.0;0.0;42925269.6525;-4434.941666666667;0.0;8.810166666666666;0.47533333333333333;2.002083333333333;0.25603333333333333;0.5241666666666667;-0.0005;0.9551666666666666;0.052333333333333336;279.92418333333336;-0.007366666666666667;0.9581166666666667;0.19699999999999998;180358.67158333331;263461.86638333334;43940.959716666664;39.91435;414564.49500000005;34581.659152544154
2015-04-01;18901.5;1.0095;18141.915333333334;3.2101666666666664;0.18633333333333332;16.622;2.5340000000000003;0.9036666666666666;331.15483333333333;61565.47166666667;0.0;0.0;47362284.80199999;-4294.888833333333;0.0;8.595666666666666;0.4751666666666667;2.0204333333333335;0.2638;0.52545;0.0019333333333333336;0.9578333333333333;0.05216666666666667;279.76443333333333;-0.007333333333333333;0.9579333333333334;0.19083333333333333;183060.84423333334;266905.4608333334;44712.28138333333;107.68203333333334;418183.43166666664;34898.70916785347
2015-05-01;18904.166666666668;1.0078333333333334;18257.730166666664;0.6058333333333332;0.18516666666666667;16.660833333333333;2.5386666666666664;0.8993333333333333;334.76483333333334;61396.43;0.0;0.0;52262618.394499995;-4411.304999999999;0.0;8.0435;0.4748333333333333;1.9911;0.26325;0.5272333333333333;-0.0016;0.9603333333333333;0.05216666666666667;279.9635666666666;-0.00735;0.9583333333333334;0.21481666666666666;185778.56003333334;270350.6052666667;45488.40383333334;104.2663;421894.38666666666;35225.07549062776
2015-06-01;18900.166666666668;1.009;18474.962166666668;1.175;0.18499999999999997;16.694333333333333;2.5444999999999998;0.8693333333333334;338.4578333333333;61096.193;0.0;0.0;57674614.07033333;-4357.3595;0.0;7.871166666666667;0.4745;1.9652;0.27053333333333335;0.5277333333333333;0.0011833333333333333;0.9636666666666667;0.05216666666666667;280.7955;-0.007333333333333333;0.9583666666666667;0.22098333333333334;188530.83841666664;273858.32995;46273.31928333334;113.80773333333333;425559.4083333334;35554.15020496707
2015-07-01;18894.0;1.0091666666666665;18744.082666666665;1.2163333333333333;0.18416666666666667;16.731166666666667;2.5618333333333334;0.8771666666666667;341.9103333333333;60900.37466666667;0.0;0.0;63651857.93316666;-4443.403833333333;0.0;7.678166666666667;0.4735;1.9593333333333334;0.27848333333333336;0.5273;0.0004166666666666666;0.9666666666666667;0.05216666666666667;282.09245000000004;-0.007316666666666667;0.9592833333333334;0.22558333333333333;191431.59550000002;277359.0039333333;47069.88901666666;246.2204;429123.5;35866.849881489856
2015-08-01;18896.833333333332;1.0096666666666667;19321.319;3.0365;0.1835;16.769000000000002;2.5976666666666666;0.8853333333333334;345.63366666666667;60619.08566666667;0.0;0.0;70252811.13016666;-4410.1393333333335;0.0;7.5793333333333335;0.4715;1.9528833333333333;0.28085;0.52745;0.0002833333333333334;0.9693333333333333;0.05216666666666667;284.9302;-0.007266666666666667;0.9599000000000001;0.2429;194575.30646666666;280955.25571666664;47891.529916666674;427.9003666666667;432717.4016666667;36194.84606768767
2015-09-01;18898.0;1.0101666666666667;19573.147166666666;0.9406666666666669;0.18299999999999997;16.8065;2.621;0.8450000000000001;348.99216666666666;60710.92366666667;0.0;0.0;77542742.16516666;-4608.334833333333;0.0;7.075500000000001;0.4705;1.9210833333333335;0.28604999999999997;0.5278999999999999;0.00039999999999999996;0.972;0.05216666666666667;286.94138333333336;-0.007200000000000001;0.9599166666666666;0.23573333333333335;197581.5617833333;284579.2272166666;48723.1918;244.90841666666665;436270.24666666664;36546.67727553543
2015-10-01;18895.166666666668;1.0098333333333334;20148.069333333333;2.8828333333333336;0.18283333333333332;16.843333333333334;2.627333333333333;0.8405;352.50216666666665;60722.16066666667;0.0;0.0;85593680.6135;-4355.691666666667;0.0;7.064333333333334;0.4705;1.9505333333333335;0.2922666666666667;0.5275666666666666;-0.00019999999999999998;0.975;0.05216666666666667;288.22049999999996;-0.007133333333333334;0.9601333333333333;0.24580000000000002;200553.9432;288273.8592333333;49579.502199999995;127.66848333333333;439697.23333333334;36903.664132527796
2015-11-01;18898.666666666668;1.0091666666666665;18975.553333333333;-7.303166666666666;0.18216666666666667;16.888166666666667;2.621;0.8316666666666667;356.38533333333334;60644.13916666667;0.0;0.0;94485198.154;-4786.6675000000005;0.0;7.017499999999999;0.4706666666666666;1.8805333333333334;0.29238333333333333;0.5295833333333334;-0.0004999999999999999;0.9775;0.05216666666666667;288.47855;-0.0070999999999999995;0.9595333333333333;0.23646666666666669;203279.85001666666;291802.38561666664;50385.64391666666;20.613716666666665;443280.4733333333;37250.862622376146
2015-12-01;18900.333333333332;1.0096666666666667;18559.1015;-2.4941666666666666;0.18200000000000002;16.924833333333336;2.620833333333333;0.7921666666666667;360.643;60350.835166666664;0.0;0.0;104305614.78883334;-4704.760666666666;0.0;6.759333333333333;0.4708333333333334;1.8885166666666666;0.3035333333333333;0.5293833333333334;0.0002833333333333333;0.9801666666666667;0.052;289.46348333333333;-0.007083333333333334;0.9591500000000001;0.23646666666666669;206002.32295000003;295258.7549666667;51174.45916666667;87.17783333333334;446656.2916666667;37542.798974510835
2016-01-01;18891.5;1.0105;17595.113166666666;-5.741333333333333;0.18116666666666667;16.9555;2.614;0.7551666666666667;364.0978333333333;59456.58083333333;0.0;0.0;115151787.92033334;-5007.570333333333;0.0;6.457666666666667;0.4708333333333334;1.8187833333333334;0.30529999999999996;0.5284666666666666;0.0008333333333333334;0.9828333333333333;0.052;290.9212166666667;-0.007083333333333334;0.9591666666666666;0.23991666666666667;208553.81291666665;298533.85593333334;51845.1148;40.943666666666665;450093.14999999997;37863.60538611073
2016-02-01;18895.166666666668;1.0103333333333333;17161.253166666665;-2.9235;0.18066666666666667;17.000333333333334;2.61;0.725;367.88983333333334;57996.183;0.0;0.0;127130910.63849999;-4926.801666666667;0.0;6.330500000000001;0.4711666666666667;1.8058500000000002;0.31543333333333334;0.5302833333333333;-4.999999999999992e-05;0.985;0.05216666666666667;292.57756666666666;-0.007083333333333333;0.9590000000000001;0.25253333333333333;211032.90198333332;301730.7899833333;52499.23801666667;38.7127;453270.685;38147.0480243868
2016-03-01;18893.833333333332;1.01;15994.951666666668;-8.619666666666665;0.17966666666666664;17.036333333333335;2.6326666666666667;0.6895000000000001;371.51933333333335;57082.09166666667;0.0;0.0;140361385.079;-5617.669666666666;0.0;6.013833333333333;0.4698333333333333;1.76485;0.32108333333333333;0.5306833333333333;-0.00039999999999999996;0.9873333333333333;0.05216666666666667;294.2710666666666;-0.0070999999999999995;0.9597000000000001;0.2496333333333333;213654.10576666667;304775.15831666667;53108.529;371.6208;456474.3833333333;38439.543795233614
2016-04-01;18893.0;1.0101666666666667;15186.986666666666;-6.147166666666666;0.17916666666666667;17.0725;2.645166666666667;0.6558333333333334;374.666;55752.86833333334;0.0;0.0;154973861.8965;-6004.969166666667;0.0;5.969333333333334;0.4691666666666667;1.7169;0.32808333333333334;0.5310833333333332;6.66666666666667e-05;0.9891666666666666;0.05216666666666667;295.7812;-0.00705;0.9598;0.2496333333333333;216035.765;307664.70523333334;53687.34641666667;228.72310000000002;459581.17;38718.96119457984
2016-05-01;18890.833333333332;1.007;14797.109833333334;-4.36;0.17833333333333334;17.106333333333335;2.6525;0.6413333333333333;378.5543333333333;55069.574166666665;0.0;0.0;171112366.45799997;-5723.813833333334;0.0;5.815333333333332;0.4688333333333334;1.7208833333333333;0.3354166666666667;0.5313833333333333;-0.0030333333333333336;0.9913333333333333;0.05216666666666667;296.7055833333333;-0.0069;0.9596333333333332;0.2496333333333333;218335.87753333335;310517.2630833333;54251.25835;198.68515;462591.315;38995.86065815724
2016-06-01;18884.666666666668;1.0046666666666666;12214.933833333334;-22.600166666666667;0.17816666666666667;17.137333333333334;2.6773333333333333;0.6075;382.28833333333336;55129.337999999996;0.0;0.0;188938091.10183334;-5979.093666666667;0.0;5.535833333333334;0.4675;1.6697666666666666;0.3413;0.5321333333333333;-0.0025499999999999997;0.9936666666666666;0.05216666666666667;297.88935;-0.006933333333333333;0.9604333333333334;0.2503;220656.6224;312978.45458333334;54716.214466666665;607.2454;465603.0816666667;39246.13596768564
2016-07-01;18885.666666666668;1.0046666666666666;11117.077166666668;-10.167499999999999;0.17716666666666667;17.179833333333335;2.686833333333333;0.5953333333333334;386.08200000000005;53749.654833333334;0.0;0.0;208626192.65133333;-6099.426833333334;0.0;5.323833333333334;0.4668333333333334;1.6774166666666668;0.34825;0.5324333333333333;0.0002833333333333333;0.995;0.05216666666666667;299.0262666666667;-0.006783333333333333;0.9604499999999999;0.25625000000000003;222600.10935;315285.388;55139.27351666667;362.49808333333334;468425.52;39520.10405696271
2016-08-01;18885.333333333332;1.0038333333333334;10556.277833333334;-5.738833333333333;0.17666666666666667;17.222333333333335;2.704333333333333;0.5833333333333334;389.87466666666666;52650.78049999999;0.0;0.0;230369700.67533335;-6041.158833333334;0.0;5.393999999999999;0.4655;1.6085833333333335;0.35451666666666665;0.5332666666666667;-0.00095;0.997;0.05216666666666667;299.2037;-0.006733333333333333;0.96175;0.26056666666666667;224640.33113333335;317435.87785;55541.35018333333;551.6810666666667;471297.61833333335;39737.97589210563
2016-09-01;18890.5;1.0043333333333333;11059.969833333334;4.172666666666666;0.1758333333333333;17.270833333333332;2.731333333333333;0.592;394.19283333333334;51602.83316666667;0.0;0.0;254383016.017;-5741.3031666666675;0.0;5.258333333333333;0.4638333333333333;1.6394833333333334;0.36323333333333335;0.5343;0.00055;0.9984999999999999;0.05216666666666667;299.54828333333336;-0.006683333333333334;0.9622666666666667;0.2556833333333333;226987.0063;319645.60213333333;55962.310216666665;831.5106999999999;473978.9683333333;40027.75681857329
2016-10-01;18886.333333333332;1.0046666666666666;10447.885;-7.249166666666665;0.1755;17.3095;2.7495;0.5743333333333333;398.63416666666666;50717.940833333334;0.0;0.0;280903170.24766666;-6125.781833333333;0.0;5.2505;0.4626666666666667;1.6013166666666667;0.3670833333333334;0.5339833333333334;0.00025;1.0005;0.05216666666666667;300.11539999999997;-0.006633333333333334;0.9626833333333332;0.26458333333333334;229000.34666666668;321791.0504333333;56360.079066666665;540.6914833333334;476789.09;40301.929290639324
2016-11-01;18882.0;1.004;10401.844333333333;-0.34783333333333305;0.17466666666666666;17.345000000000002;2.7720000000000002;0.5496666666666666;402.80199999999996;49931.336833333335;0.0;0.0;310191569.5676667;-5635.4906666666675;0.0;4.9448333333333325;0.4615;1.5571;0.37568333333333337;0.5355333333333333;-0.0005833333333333333;1.0025;0.05216666666666667;300.74835;-0.0066166666666666665;0.9631;0.2692;231086.9743;323911.33735;56756.3886;637.0161333333333;479465.67333333334;40534.88752834738
2016-12-01;18881.0;1.0058333333333334;10516.860999999999;0.3405000000000002;0.1738333333333333;17.390166666666666;2.7851666666666666;0.5601666666666667;406.89016666666663;49113.175500000005;0.0;0.0;342537530.2836667;-5761.404833333334;0.0;5.009;0.4606666666666667;1.6019166666666667;0.38043333333333335;0.53525;0.0018999999999999998;1.0043333333333333;0.05216666666666667;301.75190000000003;-0.0066166666666666665;0.963;0.2692;233077.48573333336;326036.3739333333;57156.92823333333;520.2790333333334;482037.7833333334;40846.97404762927
2017-01-01;18876.5;1.0065;10083.411833333334;-4.477166666666668;0.17300000000000001;17.421833333333336;2.7961666666666667;0.5478333333333333;410.47566666666665;49282.5925;0.0;0.0;378259828.59283334;-5832.9595;0.0;4.73;0.4598333333333333;1.5285166666666665;0.38561666666666666;0.5355166666666666;0.0006333333333333333;1.0061666666666667;0.05216666666666667;302.0267833333333;-0.006566666666666668;0.9631500000000001;0.2692;234993.69011666664;328095.25063333334;57541.17531666667;501.00124999999997;484635.63833333337;41102.486184865396
2017-02-01;18876.333333333332;1.006;9935.439333333334;-2.0231666666666666;0.17233333333333334;17.464833333333335;2.7996666666666665;0.5393333333333333;414.1375;48708.36833333334;0.0;0.0;417711038.47550005;-5811.036500000001;0.0;4.545833333333333;0.45916666666666667;1.5007000000000001;0.3892333333333333;0.5369333333333333;-0.0005333333333333334;1.0076666666666667;0.052;302.3465166666667;-0.006633333333333334;0.9629500000000001;0.27563333333333334;236771.95373333336;330110.44560000004;57919.202216666665;375.90378333333337;487116.655;41425.86576007529
2017-03-01;18872.833333333332;1.006;9741.826833333333;-1.849;0.17149999999999999;17.507666666666665;2.811833333333333;0.533;417.8958333333333;47632.83816666666;0.0;0.0;461280091.23066664;-5850.2716666666665;0.0;4.570833333333334;0.4583333333333333;1.4545000000000001;0.3988;0.5375166666666666;0.00021666666666666666;1.0090000000000001;0.052;302.69045;-0.0066166666666666665;0.9636666666666667;0.2746;238652.76359999998;332082.9153;58290.313116666664;516.8467166666667;489675.715;41741.319454629396
2017-04-01;18880.166666666668;1.005;10032.733333333334;2.707166666666667;0.171;17.555666666666667;2.823;0.5366666666666666;422.12416666666667;47085.963500000005;0.0;0.0;509397073.45766664;-5423.650833333333;0.0;4.555833333333333;0.4575;1.4961833333333334;0.4050833333333333;0.53875;-0.0014166666666666668;1.0101666666666667;0.052;302.87926666666664;-0.006566666666666666;0.9634;0.29481666666666667;240441.13315;334113.51755;58672.60081666667;376.69576666666666;492070.61000000004;42012.066966265884
2017-05-01;18878.666666666668;1.0048333333333332;9153.217999999999;-10.750166666666667;0.17033333333333334;17.594666666666665;2.8288333333333333;0.523;425.86100000000005;46659.3215;0.0;0.0;562536465.9841666;-6202.755833333333;0.0;4.428;0.45683333333333337;1.3839666666666668;0.4080333333333333;0.5392;1.6666666666666637e-05;1.012;0.052;303.27343333333334;-0.0065;0.9631;0.29458333333333336;242113.17026666668;335993.3586166667;59021.03034999999;370.0675833333333;494659.12999999995;42299.83278916282
2017-06-01;18876.333333333332;1.0041666666666667;9902.0815;7.5035;0.16983333333333336;17.635833333333334;2.848333333333333;0.5251666666666667;429.7878333333333;46137.1285;0.0;0.0;621222381.3378333;-5637.037166666666;0.0;4.259333333333333;0.4555;1.4513333333333334;0.4194333333333333;0.5390166666666666;-0.0004833333333333334;1.0136666666666667;0.052;303.9955166666667;-0.0065;0.9644833333333334;0.29458333333333336;244200.41134999998;337982.57938333333;59398.2291;736.8642833333333;496933.5716666666;42616.5565226984
2017-07-01;18872.166666666668;1.0048333333333332;9157.937333333333;-9.4925;0.16933333333333334;17.669166666666666;2.8526666666666665;0.504;433.5336666666667;45510.256;0.0;0.0;686033911.2971667;-6001.5615;0.0;4.177499999999999;0.45516666666666666;1.3703333333333332;0.4201;0.5405333333333333;0.0004333333333333333;1.0156666666666665;0.052;304.8002333333333;-0.006233333333333334;0.96375;0.3137666666666667;245792.61811666668;339856.52275;59746.99301666667;286.1483666666667;499422.12166666664;42922.82837968759
2017-08-01;18860.833333333332;1.0031666666666668;9417.046166666667;2.0963333333333334;0.169;17.703500000000002;2.856;0.49966666666666665;437.651;45746.6705;0.0;0.0;757610307.6848334;-5800.6035;0.0;4.2090000000000005;0.45450000000000007;1.3815166666666665;0.42998333333333333;0.5404666666666667;-0.0015833333333333333;1.0174999999999998;0.052;304.6564666666667;-0.006149999999999999;0.9636666666666667;0.3254666666666666;247473.23971666666;341753.0493333333;60105.64980000001;356.7306833333334;501738.27999999997;43194.26291745476
2017-09-01;18860.5;1.0011666666666665;9309.987833333333;-1.664666666666667;0.16783333333333336;17.74866666666667;2.856666666666667;0.5098333333333334;441.5545;45066.11083333333;0.0;0.0;836657782.5615;-5975.504333333333;0.0;4.183333333333334;0.45416666666666666;1.3783833333333335;0.43383333333333335;0.5421166666666667;-0.002166666666666667;1.0193333333333332;0.052;305.38731666666666;-0.0060666666666666655;0.9634666666666667;0.3217666666666667;249010.54299999998;343657.77265;60460.30786666667;209.35906666666668;504064.6683333333;43507.22740735015
2017-10-01;18867.833333333332;0.9976666666666666;9177.905333333334;-1.4758333333333333;0.16733333333333333;17.797833333333333;2.8491666666666666;0.5086666666666667;445.85516666666666;43987.2075;0.0;0.0;923955799.7856668;-6034.875166666668;0.0;3.7575;0.4543333333333333;1.3522666666666667;0.4349166666666667;0.5424;-0.0033666666666666667;1.0199999999999998;0.052;305.64938333333333;-0.0060666666666666655;0.9631833333333333;0.3211833333333333;250430.21404999998;345514.24868333334;60809.828949999996;98.39405;506430.85333333333;43824.84851566355
2017-11-01;18868.0;0.9954999999999999;9309.191666666668;1.1533333333333333;0.16666666666666666;17.846166666666665;2.841666666666667;0.5095;449.808;43211.75516666666;0.0;0.0;1020365559.6618333;-6075.5126666666665;0.0;3.6586666666666665;0.4543333333333333;1.3383333333333332;0.4436166666666667;0.5420666666666666;-0.0021666666666666666;1.0218333333333334;0.052;306.12885;-0.006033333333333332;0.9629;0.3162833333333333;251878.08310000002;347408.19498333335;61164.49926666667;112.45445;508718.61000000004;44164.88883123256
2017-12-01;18868.333333333332;0.9923333333333333;8542.6975;-9.006666666666666;0.16633333333333333;17.892333333333337;2.827833333333333;0.4915;453.454;42600.56733333333;0.0;0.0;1126838326.8298333;-6227.59;0.0;3.514333333333333;0.45450000000000007;1.2406666666666666;0.44589999999999996;0.5445833333333333;-0.0033833333333333332;1.023;0.052;306.18923333333333;-0.00605;0.9626166666666666;0.32503333333333334;253161.57215000002;349188.6653666667;61489.74978333333;42.00938333333333;511030.82499999995;44454.44992905896
2018-01-01;18869.666666666668;0.9894999999999999;8948.364166666666;4.5935;0.1655;17.933666666666667;2.8223333333333334;0.4808333333333333;457.91833333333335;42228.2235;0.0;0.0;1244424465.8476667;-5845.1475;0.0;3.3503333333333334;0.4543333333333333;1.3075333333333334;0.4539166666666667;0.5446666666666666;-0.00295;1.0241666666666667;0.051833333333333335;306.5657;-0.005966666666666666;0.9622333333333334;0.33025;254574.16748333335;351031.19580000004;61830.722149999994;133.81846666666667;513189.54833333334;44818.737203520606
2018-02-01;18862.333333333332;0.9874999999999999;8687.296;-3.2675;0.16483333333333333;17.975166666666667;2.813166666666666;0.4761666666666666;461.77366666666666;41584.10633333334;0.0;0.0;1374283479.167;-6109.751833333333;0.0;3.4576666666666664;0.4546666666666667;1.2571833333333333;0.4579;0.5449499999999999;-0.0025333333333333336;1.0261666666666667;0.051833333333333335;306.97043333333335;-0.00595;0.9615666666666667;0.3276833333333333;255885.85583333333;352812.81335;62161.59348333333;56.734883333333336;515453.25666666665;45147.64151209509
2018-03-01;18856.166666666668;0.9823333333333334;8531.391166666666;-3.1195;0.16433333333333333;18.009833333333333;2.8156666666666665;0.4486666666666667;465.4481666666666;41358.030333333336;0.0;0.0;1517696548.036;-5992.418000000001;0.0;3.2159999999999997;0.45416666666666666;1.2183;0.4658166666666667;0.5458333333333333;-0.0049833333333333335;1.0281666666666667;0.051833333333333335;307.07405;-0.005916666666666666;0.9616666666666666;0.3298166666666667;257303.72826666667;354572.51195;62486.61271666666;202.83063333333334;517595.7816666667;45484.28863753206
2018-04-01;18862.166666666668;0.9775;8179.887833333333;-4.604;0.16333333333333333;18.059;2.8085;0.4523333333333333;469.5335;40498.60883333333;0.0;0.0;1676078494.1986666;-6252.223333333332;0.0;3.0385000000000004;0.454;1.1937666666666666;0.4706333333333333;0.5461666666666667;-0.005016666666666667;1.0288333333333333;0.051833333333333335;306.79733333333337;-0.0059833333333333336;0.9615;0.3341;258588.20475000003;356260.44769999996;62798.29731666666;108.05563333333333;519754.105;45854.913032987526
2018-05-01;18856.666666666668;0.9733333333333333;8563.439166666665;3.5193333333333334;0.16266666666666665;18.092833333333335;2.795833333333333;0.46249999999999997;473.3385;39627.484333333334;0.0;0.0;1850991435.4935;-5975.313333333333;0.0;3.028166666666667;0.4543333333333333;1.2219333333333333;0.4756666666666667;0.5463166666666667;-0.004816666666666667;1.0305;0.051833333333333335;306.89466666666664;-0.00595;0.9611166666666667;0.3322;259863.49931666665;358003.5625333334;63124.597050000004;46.8715;521761.63666666666;46221.42217459584
2018-06-01;18860.0;0.969;8014.9484999999995;-7.293666666666667;0.16216666666666665;18.136333333333337;2.783;0.4495;477.22499999999997;39143.19033333333;0.0;0.0;2044160866.4515;-6291.991166666667;0.0;2.951333333333333;0.4543333333333333;1.1784166666666667;0.4771666666666667;0.5478833333333334;-0.004666666666666666;1.0315;0.051833333333333335;306.84845;-0.005883333333333333;0.9610333333333333;0.3319166666666667;261067.74355;359678.9764333333;63429.94413333334;39.59591666666666;523954.93166666664;46576.87860147762
2018-07-01;18861.333333333332;0.9663333333333334;8218.577333333333;2.274666666666666;0.16133333333333333;18.1815;2.7735;0.44083333333333335;481.01783333333333;39079.07316666667;0.0;0.0;2257492379.8433337;-6039.048833333333;0.0;2.845333333333333;0.45450000000000007;1.1828;0.48455;0.5480333333333334;-0.0028333333333333335;1.033;0.051833333333333335;307.07058333333333;-0.005866666666666667;0.9610500000000001;0.32948333333333335;262337.0182333333;361357.2010333333;63742.66121666667;95.63783333333333;525947.83;46891.28476861369
2018-08-01;18859.333333333332;0.9620000000000001;7789.981;-5.738333333333333;0.161;18.2205;2.7778333333333336;0.44083333333333335;484.19716666666665;38697.63883333334;0.0;0.0;2493089919.832333;-6277.106833333334;0.0;2.6978333333333335;0.4538333333333333;1.1254833333333334;0.48983333333333334;0.5496166666666666;-0.004666666666666667;1.034;0.051833333333333335;307.6999666666667;-0.00595;0.9614666666666666;0.3257833333333333;263719.00778333336;362971.95293333335;64039.168999999994;279.43626666666665;528047.5566666666;47224.70939255383
2018-09-01;18858.333333333332;0.9598333333333332;7743.550333333333;-1.9543333333333333;0.16033333333333333;18.2645;2.7648333333333333;0.42983333333333335;488.12100000000004;37977.837;0.0;0.0;2753277927.2085;-6217.824666666667;0.0;2.732666666666667;0.4538333333333333;1.1295;0.49233333333333335;0.5500166666666667;-0.0026666666666666666;1.035;0.051833333333333335;308.0075;-0.005866666666666667;0.9610666666666666;0.328;264868.0727;364587.2197833333;64333.67411666667;35.8331;529981.705;47583.85474763176
2018-10-01;18851.833333333332;0.9525;7453.7735;-3.7225;0.1595;18.302333333333333;2.752166666666666;0.4211666666666667;492.15883333333335;37387.24533333333;0.0;0.0;3040622811.4963336;-6417.8285;0.0;2.6008333333333336;0.454;1.0954833333333334;0.49605000000000005;0.5511;-0.00755;1.0368333333333333;0.051833333333333335;308.3338833333333;-0.005883333333333333;0.9607;0.3287333333333333;265977.54935;366134.59461666667;64617.23593333334;33.4647;531963.1166666667;47935.03935732206
2018-11-01;18857.333333333332;0.9465;7511.432833333333;0.38883333333333364;0.15833333333333333;18.352333333333334;2.7573333333333334;0.41050000000000003;496.2556666666667;36584.413166666665;0.0;0.0;3357958808.0333333;-6363.193;0.0;2.329;0.45366666666666666;1.0777333333333334;0.50905;0.5518333333333333;-0.006633333333333334;1.0376666666666667;0.051833333333333335;308.5106333333333;-0.005816666666666667;0.9614666666666666;0.3328;267327.3343;367674.4378833333;64902.8127;300.41641666666663;533819.4683333334;48289.454351460074
2018-12-01;18860.833333333332;0.9401666666666667;7482.2446666666665;-0.7723333333333331;0.15766666666666665;18.397666666666666;2.7511666666666668;0.39283333333333337;499.693;36308.684;0.0;0.0;3708416131.3645;-6263.186833333333;0.0;2.2723333333333335;0.45333333333333337;1.0769333333333333;0.5109666666666667;0.5515;-0.007033333333333333;1.0383333333333333;0.051666666666666666;309.3809166666667;-0.0057666666666666665;0.9611999999999999;0.33946666666666664;268528.62463333335;369224.73465;65187.628866666666;135.3683;535712.7266666667;48647.25444089945
2019-01-01;18851.5;0.9354999999999999;7512.079000000001;0.17916666666666656;0.157;18.429;2.7431666666666668;0.401;502.81733333333335;35770.5265;0.0;0.0;4095451841.643;-6524.136666666666;0.0;2.2608333333333333;0.45333333333333337;1.0787666666666667;0.5131333333333333;0.5529000000000001;-0.005216666666666667;1.0401666666666667;0.051666666666666666;309.8206333333333;-0.0058;0.9610166666666666;0.33408333333333334;269685.1674166667;370786.42306666664;65473.54586666666;83.1718;537599.7833333333;49032.8449360188
2019-02-01;18846.5;0.9318333333333334;7669.661666666667;2.2148333333333334;0.1565;18.465;2.7311666666666667;0.4038333333333333;506.43833333333333;35738.48183333333;0.0;0.0;4522883756.055;-6263.249833333332;0.0;2.1111666666666666;0.4535;1.0917833333333333;0.5174666666666666;0.5542666666666667;-0.0043;1.0413333333333334;0.051666666666666666;310.29153333333335;-0.005866666666666667;0.9607333333333333;0.33815;270803.93275;372345.67929999996;65765.17456666667;23.253016666666667;539366.9066666666;49397.41434119167
2019-03-01;18835.5;0.9261666666666666;7235.190333333333;-6.7875000000000005;0.15583333333333335;18.492833333333333;2.7213333333333334;0.4018333333333333;509.59650000000005;35564.92966666667;0.0;0.0;4994927980.369667;-6579.014;0.0;2.2146666666666666;0.45366666666666666;1.03905;0.5189499999999999;0.5548333333333333;-0.0066166666666666665;1.0433333333333332;0.051666666666666666;310.90343333333334;-0.005816666666666667;0.9598833333333333;0.3504833333333333;271885.2493166667;373851.4586;66040.44575;36.9857;541300.5166666667;49736.94516314442
2019-04-01;18835.333333333332;0.9225;7375.4795;2.085833333333333;0.15533333333333332;18.533833333333334;2.7118333333333333;0.3973333333333333;513.2026666666667;34739.27583333333;0.0;0.0;5516241033.3365;-6318.324666666667;0.0;2.108;0.4538333333333333;1.0606833333333332;0.5250333333333334;0.5559666666666666;-0.004116666666666667;1.0445;0.051666666666666666;311.63075;-0.0058;0.9594833333333334;0.3605833333333333;272975.158;375392.27503333334;66321.17075;31.52535;543125.24;50085.88313523715
2019-05-01;18838.166666666668;0.9176666666666667;7348.515166666667;-0.8389999999999996;0.155;18.581666666666667;2.7104999999999997;0.3985;516.6486666666666;34133.568666666666;0.0;0.0;6091964924.209499;-6337.503833333333;0.0;2.136;0.4535;1.0349166666666667;0.5289833333333334;0.5567;-0.0059833333333333336;1.0451666666666666;0.051666666666666666;311.8946833333333;-0.005750000000000001;0.9596;0.36579999999999996;274152.3524833333;376897.3984333333;66600.77331666667;131.10071666666667;544999.215;50429.943780452915
2019-06-01;18835.333333333332;0.9131666666666667;7208.030166666666;-2.0515000000000003;0.15416666666666667;18.62033333333333;2.7101666666666664;0.38999999999999996;519.9303333333334;33643.22416666667;0.0;0.0;6727778787.257667;-6418.569333333333;0.0;1.9811666666666667;0.4535;1.0093833333333333;0.5377166666666667;0.5574166666666667;-0.005549999999999999;1.0461666666666667;0.051666666666666666;312.0736166666667;-0.0057666666666666665;0.9598166666666668;0.36095000000000005;275306.72975;378377.7461833334;66875.05111666667;126.59766666666667;546888.28;50800.41165096811
2019-07-01;18840.666666666668;0.908;6745.519166666666;-6.973166666666667;0.15383333333333335;18.6635;2.708833333333333;0.37716666666666665;523.4789999999999;33256.90433333333;0.0;0.0;7429954712.933499;-6569.313999999999;0.0;1.9556666666666667;0.453;0.9719000000000001;0.5393166666666667;0.5589833333333334;-0.006033333333333332;1.0471666666666666;0.0515;312.79445000000004;-0.005666666666666667;0.9597333333333333;0.35736666666666667;276383.3333;379780.0707833333;67131.95766666667;110.721;548738.1216666667;51149.21734798431
2019-08-01;18845.166666666668;0.9016666666666667;6830.034500000001;0.37933333333333347;0.15316666666666667;18.709666666666667;2.7078333333333333;0.37666666666666665;527.481;32830.86033333334;0.0;0.0;8205418709.158166;-6527.755499999999;0.0;1.9793333333333332;0.453;0.9532666666666666;0.5449;0.5602;-0.0076;1.0476666666666665;0.0515;313.16015;-0.005666666666666667;0.9595333333333333;0.3750833333333334;277470.6791666667;381180.50576666667;67392.11728333334;119.92635;550413.11;51531.35024751089
2019-09-01;18840.166666666668;0.8933333333333334;6619.761166666667;-3.808666666666666;0.153;18.747833333333332;2.708833333333333;0.3746666666666667;530.4978333333333;32447.6315;0.0;0.0;9061820108.538332;-6685.724999999999;0.0;1.8543333333333332;0.4526666666666667;0.9283166666666666;0.5503833333333333;0.5615;-0.009733333333333333;1.0493333333333332;0.0515;313.8195666666666;-0.005733333333333333;0.9601500000000001;0.37198333333333333;278553.7139833333;382551.33814999997;67643.96748333333;146.22056666666666;552086.4883333334;51919.98006147451
2019-10-01;18838.5;0.8853333333333332;6583.376166666666;-3.1223333333333336;0.15216666666666667;18.785999999999998;2.705166666666667;0.36133333333333334;534.0083333333333;32488.175666666666;0.0;0.0;10007606444.605833;-6664.1875;0.0;1.7176666666666665;0.45249999999999996;0.9033000000000001;0.5536333333333333;0.5607166666666666;-0.00885;1.0501666666666667;0.0515;314.59383333333335;-0.0057666666666666665;0.9604333333333334;0.37379999999999997;279632.5550666667;383902.1167333333;67894.52446666667;152.38158333333334;553683.055;52267.47680972792
2019-11-01;18839.0;0.8755000000000001;6355.735333333333;-3.5408333333333335;0.1515;18.829;2.696;0.34850000000000003;537.648;31674.681833333332;0.0;0.0;11052107222.409666;-6778.041666666667;0.0;1.6646666666666665;0.4526666666666667;0.88325;0.5553666666666667;0.5613;-0.011049999999999999;1.0511666666666668;0.0515;315.0829;-0.005666666666666666;0.9596833333333333;0.3720833333333333;280569.99923333334;385216.9623333333;68136.15754999999;28.248616666666667;555280.0133333333;52624.91059660876
2019-12-01;18838.166666666668;0.8653333333333334;6360.032833333334;0.05866666666666657;0.151;18.8685;2.686666666666667;0.35250000000000004;540.8073333333333;31115.876166666665;0.0;0.0;12205625372.809668;-6826.184;0.0;1.4563333333333333;0.4526666666666667;0.8734999999999999;0.5613;0.5638500000000001;-0.011716666666666667;1.0523333333333333;0.0515;315.43735;-0.0056;0.9597833333333333;0.37028333333333335;281507.7337666667;386534.3771;68377.89779999999;30.72706666666667;556857.68;52985.03694828449
