2010-01-01;36471;1.001;6037.175;100.000;0.189;12.343;0.097;0.042;266.054;120032.694;0;0.000;2142734.202;75.024;43.88;0.389;0.493;0.1350;0.0809;0.4427;0.0000;0.731;0.080;253.1632;0.0034;0.1914;0.0000;1600.1916;5133.8616;353.4413;0.0000;11364.51;22.43013880884721
2010-02-01;36558;1.006;9219.564;34.518;0.205;12.146;0.271;0.151;265.467;11230.573;0;0.000;2154166.178;-515.476;69.39;1.453;0.528;0.4384;0.0258;0.4515;0.0043;0.730;0.077;218.3426;0.0021;0.7354;0.0000;3869.4863;12584.6549;891.7215;0.2815;27107.01;56.97023419432095
2010-03-01;36637;1.007;12764.932;27.774;0.215;12.052;0.500;0.265;266.164;12674.971;0;0.000;2169470.129;-916.052;89.11;2.691;0.487;0.7478;0.0110;0.4620;0.0017;0.730;0.075;207.1081;0.0005;0.8463;0.0000;6655.7366;19978.8034;1640.1761;32.9057;43325.16;108.95824152078288
2010-04-01;36695;1.009;14437.241;11.583;0.222;11.998;0.546;0.293;267.466;29803.502;0;0.000;2188572.596;-1478.276;99.55;3.146;0.509;0.8587;0.0113;0.4674;0.0013;0.730;0.073;198.8501;-0.0009;0.8617;0.0000;9762.4564;27726.0637;2484.8052;139.3479;59403.92;170.11375806372928
2010-05-01;36764;1.009;16735.544;13.733;0.227;11.968;0.694;0.364;270.725;39299.395;0;0.000;2211804.725;-2108.774;107.23;3.710;0.498;1.0696;0.0097;0.4786;0.0003;0.731;0.071;200.5701;-0.0009;0.8898;0.0000;13234.2409;35948.5087;3457.6748;217.5585;75723.81;236.80517301300586
2010-06-01;36792;1.007;19330.860;13.426;0.232;11.950;1.019;0.459;273.445;43513.101;0;0.000;2241317.681;-1842.247;112.45;5.153;0.463;1.3896;0.0080;0.4848;-0.0016;0.731;0.070;204.7019;-0.0021;0.9321;0.0000;17210.8199;44350.7619;4589.5129;385.4526;92023.55;312.5495250767128
2010-07-01;36866;1.009;22385.420;13.645;0.236;11.941;1.293;0.553;276.623;49251.062;0;0.000;2276208.182;-1686.075;117.01;6.044;0.447;1.6075;0.0081;0.4928;0.0015;0.731;0.069;204.2222;-0.0031;0.9504;0.0000;21796.8361;53383.0914;5895.0600;628.4849;108345.24;448.0123857781433
2010-08-01;36909;1.010;24930.547;10.209;0.239;11.929;1.511;0.623;278.851;81374.142;0;0.000;2316818.127;-2292.801;115.51;7.102;0.438;1.7892;0.0093;0.4977;0.0011;0.734;0.067;207.1235;-0.0043;0.9569;0.0000;27314.2338;62507.0532;7351.7998;1305.3356;124579.63;630.7297210510637
2010-09-01;36977;1.010;26129.952;4.590;0.241;11.926;1.563;0.674;282.904;89766.599;0;0.000;2364579.496;-2982.592;117.96;7.452;0.443;1.8644;0.0096;0.5033;0.0001;0.733;0.065;208.1574;-0.0053;0.9574;0.0000;32031.4688;71071.9853;8878.9770;253.1707;140667.57;861.0407305857075
2010-10-01;37025;1.009;26528.078;1.501;0.244;11.924;1.522;0.675;286.289;90580.812;0;0.000;2419351.780;-3588.909;117.13;7.477;0.455;1.8701;0.0102;0.5089;-0.0008;0.734;0.063;211.8472;-0.0068;0.9522;0.0000;36564.5611;80189.4649;10423.6585;20.7018;156406.86;1099.196914514368
2010-11-01;37044;1.010;27038.511;1.888;0.247;11.915;1.491;0.707;289.053;90455.070;0;0.000;2481855.235;-4242.639;116.13;7.593;0.465;1.8668;0.0148;0.5140;0.0012;0.736;0.061;214.9043;-0.0075;0.9479;0.0000;41162.1489;89071.5534;12001.5284;32.1935;172059.49;1339.6903227990135
2010-12-01;37051;1.013;28143.388;3.926;0.249;11.907;1.522;0.744;293.564;89176.130;0;0.000;2553139.030;-4604.208;113.88;7.878;0.469;1.9193;0.0162;0.5191;0.0021;0.736;0.060;217.0618;-0.0084;0.9475;0.0000;45932.7646;97779.9594;13647.8458;82.4749;187280.05;1584.8541449122945
2011-01-01;37039;1.012;28492.712;1.226;0.251;11.913;1.483;0.766;298.859;92355.955;0;0.000;2634317.026;-5295.857;115.11;7.860;0.478;1.9125;0.0186;0.5229;-0.0002;0.738;0.059;222.2850;-0.0094;0.9478;0.0000;50677.7982;106222.0259;15182.7370;23.1030;202384.93;1917.4194576087607
2011-02-01;36992;1.014;28765.694;0.949;0.253;11.896;1.460;0.787;302.108;91865.223;0;0.000;2726061.444;-6280.675;117.11;8.200;0.486;1.8938;0.0208;0.5250;0.0016;0.741;0.059;228.7700;-0.0098;0.9445;0.0000;55422.9720;114542.7600;16732.2520;14.4364;217001.92;2294.1077112132743
2011-03-01;36996;1.011;29011.340;0.847;0.254;11.906;1.458;0.800;307.814;91761.328;0;0.000;2829313.118;-6632.783;120.10;8.317;0.492;1.8793;0.0257;0.5286;-0.0031;0.743;0.057;232.2536;-0.0107;0.9419;0.0000;60216.1372;122645.2925;18294.8678;47.2561;231445.63;2727.5757456452466
2011-04-01;36988;1.013;29760.514;2.517;0.255;11.916;1.449;0.796;311.650;100162.386;0;0.000;2945158.683;-7126.161;112.24;8.100;0.498;1.9145;0.0280;0.5311;0.0026;0.745;0.057;229.6705;-0.0117;0.9415;0.0303;65133.6728;130615.8033;19899.6642;88.8829;245584.14;3163.5098421178755
2011-05-01;37002;1.015;30553.775;2.596;0.256;11.930;1.520;0.820;316.793;102553.008;0;0.000;3074401.935;-7046.811;119.19;8.439;0.496;1.9443;0.0322;0.5339;0.0015;0.747;0.056;228.9242;-0.0126;0.9435;0.0303;70399.3664;138836.1830;21545.0226;364.5673;259771.85;3602.7037754638304
2011-06-01;36996;1.016;31908.652;4.246;0.257;11.943;1.638;0.860;319.889;105907.932;0;0.000;3218932.900;-7268.621;116.20;9.002;0.489;2.0036;0.0361;0.5407;0.0014;0.749;0.053;229.2375;-0.0134;0.9476;0.0000;76116.3645;147056.7061;23262.8597;692.6477;273668.55;4047.5372626942712
2011-07-01;37004;1.016;33378.081;4.402;0.259;11.952;1.742;0.889;324.075;107761.290;0;0.000;3380210.380;-7329.046;114.08;9.185;0.484;2.0578;0.0397;0.5394;-0.0004;0.751;0.052;228.7812;-0.0139;0.9491;0.0000;81994.2059;155491.0832;25059.9400;684.4123;287210.70;4496.771226257495
2011-08-01;36975;1.016;34056.570;1.992;0.261;11.962;1.818;0.889;329.190;112061.732;0;0.000;3559369.657;-7881.024;111.17;8.993;0.481;2.0648;0.0446;0.5428;-0.0001;0.754;0.051;230.3900;-0.0148;0.9494;0.0000;88058.1513;163911.4750;26894.7362;793.2572;300758.72;4946.630766353749
2011-09-01;36950;1.017;35564.567;4.240;0.262;11.973;1.850;0.881;334.110;117227.243;0;0.000;3758309.891;-7541.818;114.79;9.088;0.482;2.1080;0.0518;0.5442;0.0009;0.757;0.049;230.4390;-0.0158;0.9497;0.0000;93919.4342;172875.9773;28807.1330;376.3217;313878.39;5397.072043980865
2011-10-01;36935;1.017;36838.815;3.459;0.263;11.984;1.877;0.926;339.425;123856.980;0;0.000;3979319.305;-7507.690;102.63;9.944;0.483;2.1361;0.0564;0.5474;-0.0003;0.759;0.048;230.6315;-0.0158;0.9489;0.0286;99979.7607;181496.0653;30791.0025;405.4907;327268.51;5857.910536918887
2011-11-01;36954;1.018;37390.627;1.476;0.264;11.992;1.898;0.921;343.760;125978.514;0;0.000;4224942.940;-7945.295;99.05;9.550;0.485;2.1303;0.0635;0.5459;0.0013;0.762;0.047;230.2290;-0.0138;0.9461;0.0286;105914.1606;190182.3406;32805.7862;211.3527;339947.33;6330.395630703455
2011-12-01;36954;1.019;38569.206;3.056;0.266;12.000;1.918;0.940;347.429;127572.609;0;0.000;4496726.251;-8034.875;98.24;10.070;0.486;2.1570;0.0666;0.5441;0.0006;0.764;0.048;229.4261;-0.0138;0.9475;0.0278;112063.1052;198864.2052;34881.8340;272.7249;352958.36;6802.48776240897
2012-01-01;36944;1.019;40130.487;3.891;0.267;12.008;1.936;0.966;351.326;127797.350;0;0.000;4797860.242;-8075.335;98.61;9.898;0.487;2.1701;0.0721;0.5443;0.0001;0.767;0.049;228.7062;-0.0138;0.9475;0.0278;118319.0105;207612.4057;37041.6637;199.5191;365408.57;7285.365140631403
2012-02-01;36914;1.019;40880.880;1.836;0.268;12.004;1.948;0.934;356.311;130206.977;0;0.000;5131250.555;-8356.864;89.08;9.648;0.489;2.1455;0.0791;0.5433;0.0001;0.770;0.050;229.3017;-0.0139;0.9484;0.0278;124703.2130;216407.1641;39240.6849;259.3111;377512.57;7772.6317575001685
2012-03-01;36908;1.022;42061.111;2.806;0.268;12.023;1.992;0.906;360.519;132986.023;0;0.000;5500147.446;-8113.150;85.31;9.226;0.489;2.1807;0.0817;0.5433;0.0033;0.773;0.051;228.8630;-0.0139;0.9496;0.0556;131492.5528;225644.2610;41507.0769;551.4103;389175.19;8257.075514561595
2012-04-01;36913;1.022;43841.141;4.060;0.269;12.036;1.977;0.925;365.494;132583.157;0;0.000;5906934.461;-8625.994;76.16;10.203;0.493;2.1664;0.0874;0.5418;-0.0002;0.776;0.052;233.2478;-0.0138;0.9482;0.0556;138061.7112;235015.0270;43866.3029;42.4956;401204.83;8731.777479665316
2012-05-01;36891;1.023;44623.149;1.752;0.270;12.046;1.999;0.902;372.009;137084.606;0;0.000;6357579.518;-8181.340;73.05;10.240;0.494;2.1751;0.0916;0.5424;0.0014;0.779;0.052;237.2794;-0.0138;0.9488;0.0000;144988.3011;244196.8882;46269.8244;339.8072;412839.82;9210.46888401549
2012-06-01;36909;1.024;46125.732;3.258;0.271;12.062;2.045;0.896;377.203;136898.210;0;0.000;6855522.733;-8333.988;60.52;10.159;0.494;2.1914;0.0956;0.5418;0.0010;0.781;0.053;237.1153;-0.0138;0.9494;0.0000;152093.6423;253550.9187;48752.0495;337.6137;424327.76;9687.001780375345
2012-07-01;36794;1.022;45419.044;-1.556;0.271;12.040;2.054;0.924;382.177;137420.151;0;0.000;7408555.109;-8233.389;41.62;10.180;0.496;2.2123;0.1016;0.5429;-0.0027;0.786;0.054;241.6693;-0.0138;0.9480;0.0000;158902.8431;262670.1973;51191.8896;145.2283;435492.42;10151.362253024497
2012-08-01;36797;1.010;41930.314;-8.320;0.272;12.055;2.067;0.945;389.223;141043.306;0;0.000;8024561.126;-8505.323;30.64;10.881;0.497;2.1963;0.1095;0.5420;-0.0111;0.789;0.054;246.7851;-0.0138;0.9486;0.0000;165319.2335;271432.5485;53447.1857;226.8258;446505.88;10652.468337966708
2012-09-01;36793;1.009;33038.946;-26.912;0.273;12.068;2.051;0.846;393.624;141302.644;0;0.000;8716404.607;-8288.868;27.81;9.997;0.500;2.1940;0.1140;0.5394;-0.0013;0.791;0.055;247.9003;-0.0137;0.9475;0.0000;170402.6438;278657.7812;55224.9175;62.3178;457324.26;11119.782325788809
2012-10-01;36770;1.009;31879.014;-3.639;0.274;12.067;2.033;0.827;398.972;139304.715;0;0.000;9482222.669;-8403.549;27.84;9.346;0.502;2.1230;0.1192;0.5403;0.0006;0.793;0.055;250.4932;-0.0136;0.9481;0.0000;175280.1046;285831.6910;56939.0934;17.1404;467982.96;11563.794028862398
2012-11-01;36764;1.009;32259.863;1.181;0.274;12.084;2.020;0.842;403.603;134885.222;0;0.000;10329285.877;-8114.456;26.20;10.261;0.503;2.1300;0.1258;0.5391;0.0000;0.796;0.056;254.5977;-0.0135;0.9478;0.0000;180239.2753;293012.7704;58674.8651;67.7780;478559.83;12023.495544717189
2012-12-01;36747;1.010;31903.478;-1.117;0.275;12.099;2.009;0.869;409.112;135019.970;0;0.000;11266616.964;-8054.433;25.80;10.831;0.504;2.1182;0.1314;0.5391;0.0008;0.798;0.056;257.9353;-0.0135;0.9470;0.0000;185161.8487;300256.0306;60391.3230;94.1996;488881.73;12462.669434813899
2013-01-01;36741;1.009;32163.688;0.809;0.276;12.115;2.000;0.840;413.497;132342.588;0;0.000;12303024.655;-8241.908;26.63;10.208;0.505;2.1205;0.1337;0.5389;-0.0008;0.800;0.056;259.9000;-0.0134;0.9468;0.0000;190095.2742;307296.9415;62142.2321;72.7620;499200.01;12904.647563983755
2013-02-01;36743;1.010;31896.657;-0.837;0.277;12.131;1.989;0.838;417.764;128545.695;0;0.000;13449431.138;-8221.462;24.98;10.639;0.506;2.1122;0.1406;0.5405;0.0005;0.803;0.057;261.9867;-0.0134;0.9468;0.0000;194967.7266;314140.2745;63873.1254;65.5165;509340.99;13347.01659957937
2013-03-01;36754;1.009;32208.834;0.969;0.277;12.144;1.980;0.819;422.917;128377.892;0;0.000;14716161.868;-8106.732;22.88;10.099;0.508;2.0857;0.1489;0.5399;-0.0006;0.805;0.057;262.6019;-0.0134;0.9462;0.0000;199893.8385;321011.0528;65621.6030;78.6926;519635.06;13789.784310908637
2013-04-01;36745;1.009;32283.648;0.232;0.279;12.141;1.963;0.847;427.885;126522.533;0;0.000;16116228.452;-7679.424;21.08;10.415;0.509;2.0673;0.1517;0.5393;-0.0003;0.807;0.057;262.3129;-0.0134;0.9457;0.0000;204805.2286;327925.8017;67379.0565;48.0505;529666.14;14231.473793203208
2013-05-01;36749;1.010;32345.537;0.191;0.280;12.157;1.963;0.816;433.729;127595.979;0;0.000;17664009.214;-7467.521;20.08;10.111;0.509;2.0603;0.1601;0.5413;0.0007;0.809;0.058;261.5161;-0.0134;0.9457;0.0000;209873.1078;334850.8019;69135.1865;231.2850;539575.59;14669.6905147574
2013-06-01;36715;1.009;32418.031;0.224;0.281;12.166;1.975;0.842;440.777;125845.567;0;0.000;19374629.835;-7504.154;21.10;10.274;0.509;2.0555;0.1640;0.5396;-0.0003;0.812;0.058;261.5627;-0.0136;0.9457;0.0000;214978.1829;341689.0113;70895.2122;273.2112;549375.07;15106.772003842074
2013-07-01;36699;1.010;32008.351;-1.280;0.281;12.187;2.006;0.829;445.744;126678.958;0;0.000;21265195.958;-7291.041;18.32;9.878;0.506;2.0267;0.1699;0.5397;0.0006;0.814;0.058;263.9659;-0.0134;0.9471;0.0000;220300.6283;348458.7838;72637.6360;588.1715;558991.16;15540.71887455
2013-08-01;36701;1.009;31621.348;-1.224;0.282;12.204;2.021;0.825;451.438;125144.410;0;0.000;23354904.015;-7514.761;15.99;10.081;0.505;2.0135;0.1729;0.5407;-0.0005;0.817;0.058;261.6295;-0.0134;0.9466;0.0000;225329.3360;355196.3077;74358.0994;329.8612;568299.65;15979.285546582098
2013-09-01;36714;1.009;32234.197;1.901;0.283;12.221;2.035;0.824;457.771;122716.624;0;0.000;25663021.529;-7184.355;15.30;9.593;0.505;2.0128;0.1767;0.5389;-0.0005;0.819;0.058;263.1710;-0.0134;0.9474;0.0270;230364.2764;362174.5081;76112.8579;247.2418;577732.56;16410.565197565265
2013-10-01;36715;1.008;32052.105;-0.568;0.284;12.240;2.034;0.823;462.580;122133.164;0;0.000;28213468.988;-7413.614;13.16;9.609;0.505;2.0062;0.1786;0.5391;-0.0008;0.821;0.059;264.2512;-0.0131;0.9472;0.0270;235304.8032;368936.3988;77857.4507;177.7780;586959.03;16846.363933614564
2013-11-01;36704;1.008;32490.116;1.348;0.284;12.257;2.029;0.834;467.974;122139.585;0;0.000;31031393.623;-7236.457;11.71;9.998;0.505;2.0007;0.1872;0.5407;0.0002;0.823;0.059;265.6750;-0.0130;0.9472;0.0541;240249.7808;375736.7704;79617.0309;148.1896;596056.54;17276.756229300012
2013-12-01;36706;1.008;32098.011;-1.222;0.285;12.271;2.023;0.818;471.482;120413.046;0;0.000;34144776.808;-7147.396;10.91;9.560;0.506;1.9802;0.1909;0.5411;-0.0002;0.825;0.059;266.8726;-0.0129;0.9464;0.0541;245060.3140;382514.0331;81359.5989;57.8343;605003.91;17729.245167212677
2014-01-01;36716;1.009;31928.849;-0.530;0.284;12.284;2.030;0.804;477.068;119688.345;0;0.000;37584090.599;-6828.734;10.54;8.492;0.506;1.9316;0.1969;0.5394;0.0014;0.827;0.059;267.8578;-0.0129;0.9475;0.0541;249973.6737;389200.7396;82975.4463;199.9223;613820.99;18209.199290555076
2014-02-01;36731;1.009;32184.193;0.793;0.283;12.301;2.023;0.820;481.967;120608.346;0;0.000;41383675.736;-6908.268;8.55;9.346;0.506;1.9285;0.2002;0.5371;0.0000;0.829;0.060;266.2766;-0.0129;0.9472;0.0263;254786.4841;395892.1093;84596.8465;78.7091;622438.90;18676.421144638778
2014-03-01;36746;1.009;32137.774;-0.144;0.282;12.315;2.016;0.814;486.221;118824.259;0;0.000;45580404.584;-7042.054;7.94;9.368;0.507;1.9095;0.2042;0.5398;-0.0002;0.830;0.060;266.7050;-0.0129;0.9470;0.0263;259578.9132;402497.5798;86221.8725;52.1294;631021.28;19123.665585122686
2014-04-01;36726;1.009;32642.349;1.546;0.282;12.314;2.010;0.800;490.230;116709.143;0;0.000;50215828.255;-6562.397;6.73;8.965;0.507;1.8710;0.2116;0.5384;0.0001;0.832;0.060;267.4956;-0.0126;0.9453;0.0263;264483.0566;409105.7642;87873.9104;99.9017;639623.01;19546.03246377732
2014-05-01;36675;1.010;33152.883;1.540;0.281;12.302;2.022;0.794;495.067;116463.350;0;0.000;55336185.792;-6356.373;3.74;8.505;0.506;1.8679;0.2193;0.5392;0.0005;0.835;0.060;269.1384;-0.0122;0.9436;0.0256;269625.6543;415861.5483;89551.1488;311.7537;647936.81;19968.057479902087
2014-06-01;36671;1.009;33686.058;1.583;0.280;12.315;2.034;0.829;500.328;117586.007;0;0.000;60991506.962;-6698.260;3.11;9.023;0.506;1.8788;0.2201;0.5396;-0.0009;0.837;0.060;271.7674;-0.0121;0.9448;0.0513;274878.9429;422557.9955;91248.8845;370.6485;656320.43;20414.517613095297
2014-07-01;36683;1.009;34826.699;3.275;0.279;12.330;2.078;0.818;505.809;116817.134;0;0.000;67237559.510;-6489.859;2.60;8.621;0.502;1.8885;0.2268;0.5419;-0.0004;0.839;0.060;275.1879;-0.0121;0.9468;0.0513;280562.2501;429423.8900;93007.9672;677.8330;664564.38;20863.29383859359
2014-08-01;36687;1.011;34798.661;-0.081;0.278;12.348;2.104;0.823;511.963;116606.969;0;0.000;74136586.705;-6204.367;0.00;8.438;0.500;1.8773;0.2303;0.5405;0.0021;0.841;0.060;277.7060;-0.0121;0.9468;0.0513;285987.2567;436335.1777;94765.6142;395.7135;672800.66;21323.454232344455
2014-09-01;36686;1.010;34963.395;0.471;0.277;12.363;2.116;0.826;518.282;117965.835;0;0.000;81755904.056;-6199.087;0.74;8.429;0.500;1.8574;0.2306;0.5426;-0.0004;0.843;0.060;279.4263;-0.0120;0.9471;0.0769;291320.0401;443333.3358;96528.3665;274.0338;681115.35;21778.919982635663
2014-10-01;36650;1.009;36455.590;4.093;0.276;12.383;2.137;0.858;523.465;117603.410;0;0.000;90171336.934;-5908.700;0.00;8.331;0.499;1.8962;0.2417;0.5401;-0.0012;0.847;0.060;278.1851;-0.0120;0.9480;0.0750;296900.3010;450534.2037;98369.7443;344.1858;689058.55;22224.926660260695
2014-11-01;36658;1.010;37214.668;2.040;0.275;12.399;2.150;0.851;527.973;117453.433;0;0.000;99465113.126;-6062.166;0.00;8.456;0.498;1.8792;0.2413;0.5408;0.0014;0.849;0.060;277.9640;-0.0119;0.9477;0.0750;302483.7145;457686.8657;100253.6463;227.7283;697108.52;22665.779857573456
2014-12-01;36657;1.012;37492.463;0.741;0.274;12.418;2.152;0.833;534.136;117982.543;0;0.000;109729642.040;-6073.772;0.00;8.328;0.498;1.8657;0.2432;0.5384;0.0011;0.852;0.060;278.8044;-0.0119;0.9471;0.0750;307996.5240;464867.8770;102148.0102;125.4468;704942.45;23098.2134861359
2015-01-01;36608;1.011;37597.699;0.280;0.275;12.405;2.146;0.816;538.314;116761.773;0;0.000;121066654.166;-6002.882;0.00;7.388;0.499;1.8293;0.2514;0.5387;-0.0009;0.855;0.060;279.3571;-0.0119;0.9464;0.0976;313434.4101;472047.2286;103982.1666;47.6369;712672.38;23530.641400252058
2015-02-01;36620;1.012;39318.051;4.375;0.275;12.424;2.138;0.825;543.855;116497.324;0;0.000;133586392.753;-5767.388;0.00;6.990;0.499;1.8181;0.2530;0.5380;0.0012;0.857;0.060;275.6678;-0.0118;0.9459;0.0976;319109.4743;479405.3474;105903.9469;60.2395;720230.27;23947.567710212723
2015-03-01;36617;1.012;39966.807;1.623;0.276;12.443;2.135;0.793;548.409;116394.018;0;0.000;147412694.658;-5632.927;0.00;7.152;0.500;1.8148;0.2568;0.5394;0.0006;0.859;0.060;276.9838;-0.0118;0.9453;0.0976;324874.2533;486968.1745;107860.7734;57.5927;727832.54;24361.529061023903
2015-04-01;36562;1.012;41318.233;3.271;0.277;12.438;2.137;0.789;551.594;117667.711;0;0.000;162682281.982;-5482.124;0.00;7.126;0.500;1.8155;0.2628;0.5384;-0.0002;0.862;0.060;278.2603;-0.0118;0.9451;0.0976;330910.9534;494628.6285;109883.8367;158.7057;735473.33;24792.035919048692
2015-05-01;36565;1.010;43189.330;4.332;0.277;12.456;2.143;0.760;557.205;117591.269;0;0.000;179545399.563;-5276.840;0.00;6.555;0.500;1.7995;0.2693;0.5399;-0.0021;0.865;0.060;279.9930;-0.0118;0.9456;0.0732;337184.3524;502590.4200;111991.9504;160.5790;742998.55;25203.42271732539
2015-06-01;36508;1.010;43201.226;0.028;0.278;12.472;2.151;0.755;561.935;117886.746;0;0.000;198168512.905;-5484.991;0.00;6.789;0.500;1.7950;0.2731;0.5406;0.0003;0.869;0.060;281.3036;-0.0117;0.9459;0.0976;343528.4623;510562.4412;114100.8929;226.0255;750817.67;25610.240209230426
2015-07-01;36528;1.013;44956.865;3.905;0.278;12.488;2.174;0.750;568.432;118655.403;0;0.000;218734971.950;-5234.927;0.00;6.655;0.499;1.7900;0.2785;0.5399;0.0024;0.871;0.060;282.7226;-0.0117;0.9465;0.1220;350330.2102;518740.0906;116298.9831;492.6962;758240.95;26031.086613234118
2015-08-01;36541;1.014;43978.691;-2.224;0.278;12.509;2.209;0.730;573.297;118065.534;0;0.000;241447637.088;-5551.571;0.00;6.516;0.497;1.7586;0.2811;0.5395;0.0015;0.873;0.060;284.9001;-0.0117;0.9482;0.1000;357193.0899;526898.9818;118449.0745;703.4888;765719.88;26452.696532450216
2015-09-01;36504;1.014;42007.250;-4.693;0.279;12.513;2.231;0.702;577.472;118252.805;0;0.000;266530895.223;-5129.778;0.00;6.471;0.496;1.7882;0.2819;0.5390;-0.0009;0.877;0.060;286.7894;-0.0114;0.9477;0.1000;363580.1504;534744.6469;120502.8335;471.9601;773047.00;26860.37569528218
2015-10-01;36496;1.011;37508.726;-11.993;0.279;12.533;2.233;0.640;584.019;117449.998;0;0.000;294236861.781;-5898.528;0.00;6.048;0.496;1.7104;0.2874;0.5396;-0.0027;0.879;0.061;289.0013;-0.0114;0.9480;0.1000;369136.2696;541802.6130;122336.7488;215.4388;780398.90;27248.374798419583
2015-11-01;36504;1.009;35358.234;-6.082;0.280;12.551;2.230;0.600;590.251;115647.197;0;0.000;324837332.815;-6141.292;0.00;5.920;0.497;1.6262;0.2923;0.5416;-0.0017;0.881;0.061;290.2759;-0.0113;0.9469;0.1000;374225.1851;548548.8608;124065.7504;36.5927;787404.42;27607.590551336336
2015-12-01;36481;1.006;31811.177;-11.150;0.280;12.554;2.234;0.569;595.582;112530.936;0;0.000;358636963.268;-6035.648;0.00;5.947;0.498;1.6382;0.3016;0.5416;-0.0034;0.883;0.061;291.8181;-0.0114;0.9461;0.1000;378893.3420;554549.2336;125620.2075;145.5941;793670.57;27963.41509923211
2016-01-01;36442;1.006;24525.502;-29.707;0.282;12.546;2.225;0.505;600.003;109356.511;0;0.000;395974079.444;-6278.271;0.00;5.123;0.498;1.6730;0.3054;0.5385;0.0001;0.886;0.061;292.6959;-0.0109;0.9451;0.1000;382526.2916;559507.5636;126819.3816;70.3498;799655.93;28303.793957739294
2016-02-01;36452;1.006;23667.789;-3.624;0.283;12.562;2.208;0.475;605.858;106979.634;0;0.000;437208793.906;-6318.534;0.00;5.083;0.499;1.5986;0.3089;0.5383;-0.0000;0.887;0.061;292.5532;-0.0110;0.9448;0.1000;386071.8086;564297.0365;127974.2763;108.5738;805665.80;28648.42807481885
2016-03-01;36442;1.007;22374.520;-5.780;0.283;12.579;2.227;0.466;612.630;104712.882;0;0.000;482749441.817;-6410.609;0.00;4.874;0.497;1.5775;0.3171;0.5418;0.0014;0.889;0.061;293.5432;-0.0109;0.9460;0.1000;390241.8750;568838.2784;129063.8917;1016.5677;811529.19;29001.02862546663
2016-04-01;36413;1.007;21993.235;-1.734;0.284;12.584;2.230;0.469;618.015;100588.799;0;0.000;533044290.987;-6474.066;0.00;4.894;0.496;1.5407;0.3233;0.5444;-0.0005;0.891;0.061;293.8971;-0.0111;0.9463;0.1000;393864.6900;573284.3648;130136.5521;473.3388;817176.39;29330.03048317037
2016-05-01;36391;1.008;20525.696;-7.150;0.285;12.580;2.225;0.447;623.557;97783.418;0;0.000;588589750.455;-6838.818;0.00;4.611;0.496;1.4594;0.3332;0.5442;0.0013;0.894;0.061;294.4045;-0.0111;0.9455;0.1000;397195.8977;577493.9510;131138.0237;362.7392;822936.22;29651.320506980508
2016-06-01;36404;1.005;21255.427;3.433;0.285;12.599;2.250;0.450;628.557;96565.924;0;0.000;649933809.726;-6302.533;0.00;4.689;0.495;1.4808;0.3398;0.5452;-0.0030;0.896;0.061;295.4855;-0.0110;0.9461;0.0976;401471.5922;581897.2487;132171.5304;1352.0181;828040.46;29968.076030525983
2016-07-01;36403;1.008;20414.628;-4.119;0.286;12.617;2.262;0.424;634.330;94641.880;0;0.000;717680739.999;-6776.045;0.00;4.593;0.494;1.4353;0.3424;0.5465;0.0028;0.897;0.061;296.4229;-0.0109;0.9456;0.0976;405193.4674;586145.1126;133165.9514;837.6524;833527.59;30287.39213464698
2016-08-01;36421;1.006;20059.970;-1.768;0.286;12.635;2.281;0.448;640.640;92951.448;0;0.000;792499931.677;-6847.644;0.00;4.679;0.492;1.4154;0.3496;0.5450;-0.0021;0.897;0.061;298.0344;-0.0109;0.9464;0.0976;409112.8774;590269.3190;134144.1984;1129.1123;838618.06;30603.4181840693
2016-09-01;36422;1.005;20672.981;2.965;0.286;12.657;2.311;0.430;645.250;92765.662;0;0.000;875129210.757;-6735.478;0.00;4.443;0.490;1.4616;0.3586;0.5461;-0.0001;0.899;0.061;299.8371;-0.0109;0.9484;0.0952;413732.4309;594479.3994;135150.2657;1836.1747;843606.38;30927.393397078307
2016-10-01;36431;1.005;18996.895;-8.823;0.287;12.675;2.334;0.412;649.432;91908.407;0;0.000;966383236.268;-7372.217;0.00;4.500;0.489;1.3492;0.3612;0.5474;-0.0007;0.900;0.061;300.9238;-0.0109;0.9501;0.1190;417377.2619;598390.4236;136071.9694;984.1037;848936.74;31252.575641601066
2016-11-01;36455;1.009;19013.032;0.085;0.288;12.693;2.359;0.400;654.135;89234.688;0;0.000;1067162728.838;-6902.843;0.00;4.383;0.487;1.3461;0.3716;0.5474;0.0041;0.901;0.061;302.1986;-0.0107;0.9506;0.0952;421058.3749;602375.3866;136997.3708;1045.4602;853707.35;31563.93811850834
2016-12-01;36475;1.011;20356.857;6.601;0.288;12.708;2.377;0.439;657.428;88960.820;0;0.000;1178461267.882;-6294.354;0.00;4.354;0.486;1.4150;0.3794;0.5460;0.0019;0.902;0.061;303.2525;-0.0107;0.9504;0.1429;425082.5119;606431.4009;137988.3212;1235.7028;858407.49;31878.24514123337
2017-01-01;36481;1.011;19956.468;-2.006;0.288;12.727;2.387;0.439;662.324;89093.220;0;0.000;1301376699.329;-6563.391;0.00;4.356;0.485;1.3986;0.3770;0.5481;-0.0002;0.903;0.061;304.2167;-0.0107;0.9507;0.1667;428782.2880;610466.8825;138961.7887;905.7053;863475.02;32189.645526950902
2017-02-01;36473;1.011;19055.206;-4.730;0.289;12.746;2.395;0.426;666.543;88046.516;0;0.000;1437122268.660;-7417.292;0.00;4.188;0.484;1.3479;0.3840;0.5487;0.0003;0.904;0.061;304.8271;-0.0106;0.9504;0.1905;432086.0253;614325.4490;139887.2436;617.4145;868351.41;32500.803329289807
2017-03-01;36438;1.010;17900.057;-6.453;0.290;12.752;2.414;0.404;670.979;85876.283;0;0.000;1587036727.263;-7429.762;0.00;3.964;0.483;1.2505;0.3983;0.5490;-0.0009;0.906;0.061;304.5492;-0.0104;0.9499;0.1951;435430.7996;617963.3537;140758.6875;840.9767;873170.75;32792.412368320314
2017-04-01;36421;1.009;18804.882;4.812;0.290;12.752;2.426;0.409;674.999;86113.004;0;0.000;1752599330.911;-6613.951;0.00;3.899;0.482;1.3274;0.4044;0.5476;-0.0005;0.908;0.061;304.6604;-0.0103;0.9491;0.1951;438844.8104;621714.7902;141674.1887;811.8115;877477.18;33078.360555301435
2017-05-01;36415;1.006;18272.082;-2.916;0.291;12.768;2.434;0.411;679.957;86250.875;0;0.000;1935442686.172;-7511.016;0.00;3.963;0.482;1.2953;0.4022;0.5473;-0.0031;0.908;0.061;304.3223;-0.0101;0.9494;0.1707;442127.7396;625387.6930;142565.6727;725.6016;882077.14;33368.40457289607
2017-06-01;36430;1.007;18233.746;-0.210;0.291;12.787;2.456;0.376;683.893;84204.219;0;0.000;2137370785.124;-6768.463;0.00;3.722;0.480;1.3012;0.4091;0.5458;0.0011;0.909;0.061;303.2566;-0.0101;0.9500;0.1707;445819.8524;629034.2377;143453.2005;1203.2240;886513.66;33650.99936821038
2017-07-01;36426;1.009;18222.423;-0.062;0.291;12.805;2.463;0.392;689.073;82628.679;0;0.000;2360375055.891;-7086.881;0.00;3.781;0.480;1.2967;0.4125;0.5485;0.0013;0.910;0.061;302.7229;-0.0102;0.9500;0.1707;448907.3472;632665.2087;144341.9395;529.0597;890915.37;33930.2272006318
2017-08-01;36424;1.008;18859.507;3.378;0.291;12.826;2.470;0.424;694.792;83303.779;0;0.000;2606655162.798;-6666.999;0.00;3.790;0.479;1.3250;0.4174;0.5488;-0.0006;0.910;0.061;302.1717;-0.0102;0.9500;0.1707;452195.6311;636499.8044;145261.9792;658.1018;895302.06;34216.942728131966
2017-09-01;36432;1.008;18326.210;-2.910;0.292;12.846;2.471;0.408;700.452;81907.776;0;0.000;2878641390.660;-6888.393;0.00;3.839;0.479;1.3118;0.4205;0.5507;-0.0005;0.911;0.061;303.3229;-0.0103;0.9503;0.1463;455150.9567;640207.0542;146153.9517;363.2486;899709.20;34501.20943768279
2017-10-01;36447;1.008;17689.658;-3.598;0.292;12.863;2.464;0.391;704.969;80398.854;0;0.000;3179016083.256;-7139.907;0.00;3.578;0.479;1.2806;0.4223;0.5516;-0.0000;0.912;0.061;304.4049;-0.0102;0.9495;0.1463;457870.6607;643802.9123;147018.3893;182.3104;904195.06;34787.76125832636
2017-11-01;36402;1.008;16517.376;-7.097;0.293;12.859;2.458;0.370;708.582;80274.831;0;0.000;3510742206.650;-7575.833;0.00;3.528;0.479;1.1805;0.4301;0.5524;-0.0000;0.914;0.061;305.3438;-0.0102;0.9484;0.1463;460506.7045;647174.7030;147821.0021;278.7660;908677.30;35068.263014109245
2017-12-01;36388;1.008;17532.012;5.787;0.293;12.865;2.446;0.375;711.393;79696.615;0;0.000;3877091991.107;-6972.386;0.00;3.622;0.479;1.2238;0.4380;0.5541;0.0007;0.916;0.061;305.6696;-0.0102;0.9487;0.1429;463091.1552;650707.3186;148677.7252;83.2926;912764.42;35347.46781193299
2018-01-01;36359;1.007;16510.742;-6.185;0.294;12.860;2.440;0.364;716.230;78122.758;0;0.000;4281679227.524;-7426.595;0.00;3.434;0.479;1.1641;0.4420;0.5529;-0.0014;0.918;0.061;306.4451;-0.0102;0.9476;0.1905;465672.1932;654055.5964;149482.9976;227.9650;916970.86;35623.2743949495
2018-02-01;36359;1.006;17223.622;4.139;0.295;12.877;2.432;0.361;720.602;75966.216;0;0.000;4728494883.760;-6679.795;0.00;3.266;0.479;1.2113;0.4498;0.5530;-0.0011;0.919;0.061;307.6116;-0.0101;0.9468;0.1905;468235.7529;657537.7500;150321.6091;112.5432;921031.05;35899.78512947031
2018-03-01;36352;1.006;17023.113;-1.178;0.295;12.885;2.431;0.349;725.488;75974.985;0;0.000;5221946289.536;-6905.866;0.00;3.425;0.479;1.1852;0.4506;0.5562;-0.0002;0.920;0.061;308.2756;-0.0102;0.9468;0.1628;471028.7042;660985.6428;151151.7053;391.8814;925193.11;36176.56168685286
2018-04-01;36365;1.006;15470.283;-10.038;0.295;12.901;2.424;0.326;731.134;75907.725;0;0.000;5766901229.218;-7002.676;0.00;3.246;0.479;1.0933;0.4565;0.5563;0.0006;0.921;0.060;309.0913;-0.0102;0.9468;0.1628;473508.4116;664180.3166;151906.3522;269.3247;929371.39;36444.71217380443
2018-05-01;36366;1.005;16558.326;6.571;0.296;12.920;2.412;0.332;736.645;73989.105;0;0.000;6368735017.093;-6651.948;0.00;3.166;0.479;1.1376;0.4641;0.5549;-0.0009;0.921;0.060;310.0915;-0.0102;0.9471;0.1860;475947.7369;667513.4549;152712.2259;90.3903;933118.65;36717.10915687528
2018-06-01;36376;1.008;16094.156;-2.884;0.295;12.938;2.404;0.343;742.012;73598.196;0;0.000;7033384455.403;-7067.895;0.00;3.265;0.479;1.1448;0.4636;0.5582;0.0030;0.922;0.060;310.9029;-0.0102;0.9471;0.1905;478324.6147;670783.2466;153493.8417;78.8427;937226.52;36989.28728929613
2018-07-01;36387;1.008;15650.425;-2.835;0.295;12.957;2.396;0.332;747.239;72681.581;0;0.000;7767405771.319;-7039.980;0.00;3.066;0.479;1.1019;0.4737;0.5577;-0.0005;0.923;0.060;311.6188;-0.0102;0.9471;0.2143;480693.5298;673971.2887;154252.3354;148.8727;941137.98;37242.298763436884
2018-08-01;36365;1.007;15404.393;-1.597;0.296;12.978;2.399;0.330;751.709;71268.504;0;0.000;8578039082.991;-6906.382;0.00;2.952;0.479;1.0763;0.4776;0.5566;-0.0003;0.925;0.060;312.1702;-0.0099;0.9466;0.1905;483326.1533;677090.9724;155002.5139;479.1403;945005.58;37491.546344050905
2018-09-01;36328;1.007;15341.445;-0.410;0.297;12.973;2.387;0.328;755.132;69471.468;0;0.000;9473280661.392;-7185.951;0.00;2.887;0.479;1.0434;0.4826;0.5563;-0.0000;0.927;0.060;312.9918;-0.0095;0.9461;0.1905;485572.2737;680211.1817;155746.8729;67.0719;948705.94;37740.14449909634
2018-10-01;36322;1.008;15607.189;1.703;0.297;12.990;2.378;0.326;759.808;68457.547;0;0.000;10461961424.671;-6607.778;0.00;2.834;0.479;1.0795;0.4830;0.5573;0.0001;0.929;0.060;314.2277;-0.0096;0.9456;0.1905;487846.6322;683375.8878;156508.3804;50.0565;952395.20;37987.63772520023
2018-11-01;36323;1.008;15137.577;-3.102;0.298;13.012;2.382;0.326;765.170;68282.420;0;0.000;11553833923.386;-6731.676;0.00;2.707;0.479;1.0504;0.4849;0.5582;-0.0000;0.930;0.060;315.8123;-0.0092;0.9461;0.1905;490468.3164;686461.8613;157243.8214;506.2129;956327.68;38231.1039590105
2018-12-01;36342;1.009;14458.188;-4.699;0.298;13.032;2.376;0.309;769.731;66999.983;0;0.000;12759668279.335;-7200.842;0.00;2.687;0.478;0.9814;0.4918;0.5576;0.0016;0.930;0.060;317.1402;-0.0091;0.9456;0.2143;492760.5119;689421.4028;157948.7517;247.6291;959994.26;38472.9026340997
2019-01-01;36349;1.010;15330.636;5.691;0.298;13.052;2.368;0.317;776.154;66448.084;0;0.000;14091359223.719;-6748.573;0.00;2.730;0.478;1.0411;0.4980;0.5584;0.0005;0.931;0.060;319.2438;-0.0091;0.9456;0.2143;495086.6469;692513.0029;158693.2583;170.2350;963513.13;38720.18977076841
2019-02-01;36369;1.009;13980.206;-9.660;0.298;13.072;2.354;0.306;781.898;65806.176;0;0.000;15562042092.637;-7645.493;0.00;2.720;0.479;0.9411;0.4966;0.5600;-0.0007;0.931;0.060;320.3456;-0.0092;0.9461;0.2381;497140.7331;695415.7329;159375.3313;39.0925;967389.86;38964.53744437432
2019-03-01;36385;1.009;14791.543;5.485;0.299;13.091;2.342;0.298;787.841;64966.011;0;0.000;17186224816.381;-6609.943;0.00;2.635;0.479;0.9864;0.5106;0.5622;0.0004;0.932;0.060;321.1957;-0.0092;0.9456;0.2381;499295.5085;698402.0096;160095.2040;69.7751;970664.15;39218.49576697235
2019-04-01;36398;1.009;14190.845;-4.233;0.299;13.113;2.333;0.302;793.627;63539.334;0;0.000;18979928161.752;-7110.269;0.00;2.637;0.479;0.9461;0.5127;0.5622;-0.0004;0.933;0.060;322.0315;-0.0092;0.9456;0.2326;501364.4875;701309.5749;160784.1384;52.7933;974252.66;39454.80631247617
2019-05-01;36404;1.010;14679.152;3.327;0.299;13.134;2.332;0.303;797.538;62551.949;0;0.000;20960844972.382;-6897.479;0.00;2.524;0.479;0.9996;0.5180;0.5644;0.0010;0.934;0.060;323.2158;-0.0092;0.9456;0.2326;503649.4204;704287.6553;161499.9429;214.4648;977855.25;39688.4220633063
2019-06-01;36413;1.010;14991.898;2.086;0.299;13.155;2.330;0.297;802.541;61830.020;0;0.000;23148515259.678;-6965.457;0.00;2.300;0.479;1.0028;0.5199;0.5629;-0.0003;0.934;0.060;325.2875;-0.0092;0.9456;0.2326;506002.2179;707347.9364;162228.2394;254.0080;981419.10;39923.76576649639
2019-07-01;36420;1.009;14528.558;-3.189;0.300;13.174;2.327;0.288;806.873;61618.040;0;0.000;25564518573.395;-7336.485;0.00;2.120;0.478;0.9570;0.5296;0.5637;-0.0004;0.935;0.060;326.4701;-0.0092;0.9457;0.2558;508246.9700;710302.3068;162936.4046;196.9616;984812.36;40161.30631411701
2019-08-01;36343;1.007;14805.733;1.872;0.300;13.179;2.325;0.307;809.497;61499.073;0;0.000;28232686788.050;-7088.448;0.00;2.521;0.478;0.9892;0.5264;0.5647;-0.0024;0.939;0.060;327.7161;-0.0092;0.9451;0.2558;510570.3076;713294.1633;163651.0813;255.7792;988421.99;40407.939538782375
2019-09-01;36359;1.008;14398.381;-2.829;0.300;13.199;2.329;0.286;814.026;61090.860;0;0.000;31179338732.964;-7075.411;0.00;2.392;0.478;0.9637;0.5285;0.5669;0.0014;0.939;0.060;329.8266;-0.0092;0.9454;0.2558;512863.2067;716281.2633;164348.0269;274.7382;992042.91;40651.20822051365
2019-10-01;36365;1.008;13991.113;-2.911;0.301;13.213;2.330;0.291;819.672;60396.202;0;0.000;34433540841.973;-7234.053;0.00;2.515;0.477;0.9375;0.5350;0.5672;-0.0010;0.940;0.060;331.0429;-0.0092;0.9451;0.2558;515089.5241;719138.9884;165025.4047;272.1003;995457.75;40890.843602530134
2019-11-01;36331;1.008;14495.411;3.479;0.302;13.209;2.320;0.286;822.630;58777.577;0;0.000;38027392592.295;-6593.696;0.00;2.463;0.478;0.9797;0.5346;0.5677;0.0003;0.941;0.060;331.6113;-0.0091;0.9446;0.2558;517195.7252;722077.5058;165730.1994;58.6180;998843.47;41130.17949098489
2019-12-01;36344;1.006;13782.121;-5.175;0.302;13.229;2.308;0.290;828.474;58569.835;0;0.000;41996343468.049;-7587.007;0.00;2.311;0.478;0.9149;0.5360;0.5666;-0.0017;0.941;0.060;332.6954;-0.0091;0.9446;0.2381;519213.9554;724910.9605;166400.2182;53.6514;1002493.27;41372.12368257467
