acp;share
ABAETETUBA;0.7751
ACAILANDIA;0.7239
ALAGOINHAS;0.6126
AMERICANA - SANTA BARBARA D'OESTE;0.7203
ANAPOLIS;0.6564
ANGRA DOS REIS;0.6678
APUCARANA;0.6878
ARACAJU;0.6130
ARACATUBA;0.6409
ARAGUAINA;0.6264
ARAGUARI;0.6496
ARAPIRACA;0.6796
ARAPONGAS;0.7304
ARARAQUARA;0.6603
ARARAS;0.6915
ARARUAMA;0.6432
ATIBAIA;0.6783
BACABAL;0.6354
BAGE;0.5988
BAIXADA SANTISTA;0.6104
BARBACENA;0.6168
BARREIRAS;0.6668
BARRETOS;0.6222
BAURU;0.6428
BELEM;0.6222
BELO HORIZONTE;0.6045
BENTO GONCALVES;0.7013
BIRIGUI;0.6866
BLUMENAU;0.7127
BOA VISTA;0.6107
BOTUCATU;0.6508
BRAGANCA;0.7127
BRAGANCA PAULISTA;0.6718
BRASILIA;0.6305
BRUSQUE;0.7504
CABO FRIO;0.6584
CACHOEIRO DE ITAPEMIRIM;0.6823
CAMETA;0.7812
CAMPINA GRANDE;0.6550
CAMPINAS;0.6732
CAMPO GRANDE;0.6206
CAMPOS DOS GOYTACAZES;0.6365
CARAGUATATUBA - UBATUBA - SAO SEBASTIAO;0.6439
CARUARU;0.6379
CASCAVEL;0.6781
CASTANHAL;0.6721
CATALAO;0.6660
CATANDUVA;0.6834
CAXIAS;0.6326
CAXIAS DO SUL;0.6844
CHAPECO;0.7118
CODO;0.6448
COLATINA;0.6567
CONSELHEIRO LAFAIETE;0.6627
CRICIUMA;0.7315
CUIABA;0.6243
CURITIBA;0.6624
DIVINOPOLIS;0.6489
DOURADOS;0.6752
EUNAPOLIS;0.6453
FEIRA DE SANTANA;0.6243
FLORIANOPOLIS;0.6456
FORMOSA;0.6100
FORTALEZA;0.6294
FRANCA;0.6803
GARANHUNS;0.6492
GOIANIA;0.6274
GOVERNADOR VALADARES;0.6188
GUARAPARI;0.6470
GUARAPUAVA;0.7028
GUARATINGUETA;0.6503
ILHEUS;0.5940
IMPERATRIZ;0.6513
INDAIATUBA;0.7178
INTERNACIONAL DE CORUMBA;0.6510
INTERNACIONAL DE FOZ DO IGUACU;0.6593
INTERNACIONAL DE PEDRO JUAN CABALLERO;0.6656
INTERNACIONAL DE SANT'ANA DO LIVRAMENTO;0.6042
INTERNACIONAL DE URUGUAIANA;0.6586
IPATINGA;0.6908
ITABIRA;0.6489
ITABUNA;0.5783
ITAJAI - BALNEARIO CAMBORIU;0.6750
ITAJUBA;0.6484
ITAPETININGA;0.6836
ITAPIPOCA;0.7056
ITATIBA;0.6849
ITU - SALTO;0.6979
JARAGUA DO SUL;0.7543
JAU;0.6950
JEQUIE;0.5941
JI-PARANA;0.6752
JOAO PESSOA;0.6423
JOINVILLE;0.7235
JUAZEIRO DO NORTE;0.6547
JUIZ DE FORA;0.5888
JUNDIAI;0.7049
LAGES;0.6655
LAJEADO;0.7032
LAVRAS;0.6385
LIMEIRA;0.7067
LINHARES;0.6958
LONDRINA;0.6680
MACAE - RIO DAS OSTRAS;0.6606
MACAPA;0.6418
MACEIO;0.6295
MANAUS;0.6394
MARABA;0.6892
MARILIA;0.6627
MARINGA;0.6875
MOGI GUACU - MOGI MIRIM;0.6995
MONTES CLAROS;0.6331
MOSSORO;0.6839
MURIAE;0.6599
NATAL;0.6490
NOVA FRIBURGO;0.6342
OURINHOS;0.6743
PALMAS;0.6200
PARANAGUA;0.6889
PARAUAPEBAS;0.7102
PARINTINS;0.6947
PARNAIBA;0.6437
PASSO FUNDO;0.6266
PASSOS;0.6462
PATOS;0.6506
PATOS DE MINAS;0.6359
PAULO AFONSO;0.6634
PELOTAS;0.5902
PETROLINA;0.6656
PETROPOLIS;0.6158
PIRACICABA;0.6890
POCOS DE CALDAS;0.6388
PONTA GROSSA;0.6832
PORTO ALEGRE;0.6092
PORTO SEGURO;0.6239
PORTO VELHO;0.6424
POUSO ALEGRE;0.6716
PRESIDENTE PRUDENTE;0.6760
RECIFE;0.6108
RESENDE;0.6207
RIBEIRAO PRETO;0.6438
RIO BRANCO;0.6172
RIO CLARO;0.6771
RIO DE JANEIRO;0.5879
RIO GRANDE;0.6035
RIO VERDE;0.6668
RONDONOPOLIS;0.6631
SALVADOR;0.5700
SANTA CRUZ DO SUL;0.6760
SANTA MARIA;0.6187
SANTAREM;0.6972
SAO BENTO DO SUL - RIO NEGRINHO;0.7398
SAO CARLOS;0.6767
SAO JOAO DEL REI;0.6030
SAO JOSE DO RIO PRETO;0.6675
SAO JOSE DOS CAMPOS;0.6831
SAO LUIS;0.6078
SAO MATEUS;0.6849
SAO PAULO;0.6314
SAO ROQUE - MAIRINQUE;0.6898
SERTAOZINHO;0.7101
SETE LAGOAS;0.6321
SINOP;0.7098
SOBRAL;0.6758
SOROCABA;0.6901
TAQUARA - PAROBE - IGREJINHA;0.6818
TATUI;0.6999
TEIXEIRA DE FREITAS;0.6398
TEOFILO OTONI;0.6057
TERESINA;0.6338
TERESOPOLIS;0.6220
TOLEDO;0.7036
TRAMANDAI - OSORIO;0.6481
TRES LAGOAS;0.6685
TRES RIOS - PARAIBA DO SUL;0.6284
TUBARAO - LAGUNA;0.6961
UBA;0.6638
UBERABA;0.5957
UBERLANDIA;0.6370
UMUARAMA;0.6774
VARGINHA;0.6677
VITORIA;0.6373
VITORIA DA CONQUISTA;0.6565
VITORIA DE SANTO ANTAO;0.6478
VOLTA REDONDA - BARRA MANSA;0.6344
