uf;project;standard;cub
AM;R-1;B;1012.5
AM;PP-4;B;941.01
AM;R-8;B;898.52
AM;PIS;B;702.21
AM;R-1;N;1172.13
AM;PP-4;N;1107.12
AM;R-8;N;981.51
AM;R-16;N;950.18
AM;R-1;A;1495.79
AM;R-8;A;1229.59
AM;R-16;A;1314.45
BA;R-1;B;943.79
BA;PP-4;B;839.04
BA;R-8;B;799.21
BA;PIS;B;598.29
BA;R-1;N;1085.52
BA;PP-4;N;1044.66
BA;R-8;N;880.86
BA;R-16;N;848.52
BA;R-1;A;1337.7
BA;R-8;A;1084.68
BA;R-16;A;1118.75
CE;R-1;B;742.42
CE;PP-4;B;709.84
CE;R-8;B;678.47
CE;PIS;B;504.78
CE;R-1;N;854.6
CE;PP-4;N;815.11
CE;R-8;N;721.7
CE;R-16;N;695.47
CE;R-1;A;1075.86
CE;R-8;A;886.16
CE;R-16;A;930.84
DF;R-1;B;876.04
DF;PP-4;B;762.89
DF;R-8;B;727.39
DF;PIS;B;556.31
DF;R-1;N;1019.24
DF;PP-4;N;988.32
DF;R-8;N;827.32
DF;R-16;N;795.37
DF;R-1;A;1235.49
DF;R-8;A;1002.73
DF;R-16;A;1047.31
ES;R-1;B;831.68
ES;PP-4;B;765.46
ES;R-8;B;729.7
ES;PIS;B;552.96
ES;R-1;N;965.77
ES;PP-4;N;925.9
ES;R-8;N;794.18
ES;R-16;N;770.36
ES;R-1;A;1210.91
ES;R-8;A;980.45
ES;R-16;A;998.86
GO;R-1;B;760.14
GO;PP-4;B;699.62
GO;R-8;B;668.72
GO;PIS;B;497.17
GO;R-1;N;921.54
GO;PP-4;N;878.17
GO;R-8;N;763.89
GO;R-16;N;738.7
GO;R-1;A;1121.6
GO;R-8;A;909.26
GO;R-16;A;976.92
MT;R-1;B;810.79
MT;PP-4;B;768.53
MT;R-8;B;739.63
MT;PIS;B;549.49
MT;R-1;N;926.16
MT;PP-4;N;914.36
MT;R-8;N;790.05
MT;R-16;N;767.54
MT;R-1;A;1171.88
MT;R-8;A;985.02
MT;R-16;A;1036.71
PA;R-1;B;779.84
PA;PP-4;B;756.48
PA;R-8;B;726.74
PA;PIS;B;529.94
PA;R-1;N;905.95
PA;PP-4;N;869.96
PA;R-8;N;774.42
PA;R-16;N;751.11
PA;R-1;A;1140.57
PA;R-8;A;948.0
PA;R-16;A;1013.68
PB;R-1;B;685.24
PB;PP-4;B;661.59
PB;R-8;B;634.82
PB;PIS;B;463.4
PB;R-1;N;804.13
PB;PP-4;N;767.33
PB;R-8;N;676.96
PB;R-16;N;656.35
PB;R-1;A;1015.15
PB;R-8;A;851.84
PB;R-16;A;871.26
PE;R-1;B;802.68
PE;PP-4;B;749.48
PE;R-8;B;715.5
PE;PIS;B;537.45
PE;R-1;N;966.88
PE;PP-4;N;922.11
PE;R-8;N;799.51
PE;R-16;N;782.32
PE;R-1;A;1227.16
PE;R-8;A;1000.24
PE;R-16;A;1021.64
PR;R-1;B;914.84
PR;PP-4;B;847.64
PR;R-8;B;809.43
PR;PIS;B;633.37
PR;R-1;N;1103.42
PR;PP-4;N;1051.83
PR;R-8;N;909.43
PR;R-16;N;879.75
PR;R-1;A;1352.1
PR;R-8;A;1107.55
PR;R-16;A;1130.94
MG;R-1;B;860.47
MG;PP-4;B;798.53
MG;R-8;B;762.07
MG;PIS;B;562.23
MG;R-1;N;1038.52
MG;PP-4;N;984.32
MG;R-8;N;853.22
MG;R-16;N;826.64
MG;R-1;A;1286.43
MG;R-8;A;1045.88
MG;R-16;A;1076.12
RJ;R-1;B;933.29
RJ;PP-4;B;868.68
RJ;R-8;B;825.86
RJ;PIS;B;632.43
RJ;R-1;N;1112.57
RJ;PP-4;N;1061.07
RJ;R-8;N;922.52
RJ;R-16;N;897.2
RJ;R-1;A;1396.14
RJ;R-8;A;1122.45
RJ;R-16;A;1176.86
RN;R-1;B;725.39
RN;PP-4;B;694.31
RN;R-8;B;670.83
RN;PIS;B;480.69
RN;R-1;N;865.07
RN;PP-4;N;847.95
RN;R-8;N;745.13
RN;R-16;N;724.78
RN;R-1;A;1133.01
RN;R-8;A;937.71
RN;R-16;A;992.12
SE;R-1;B;765.5
SE;PP-4;B;711.23
SE;R-8;B;679.86
SE;PIS;B;512.84
SE;R-1;N;868.59
SE;PP-4;N;835.53
SE;R-8;N;726.96
SE;R-16;N;706.24
SE;R-1;A;1114.63
SE;R-8;A;903.68
SE;R-16;A;942.79
