ACPs;cod_mun;federal;estadual;municipal
BRASILIA;5200258;0.0;0.0;1.0
BRASILIA;5205497;0.0;0.0;1.0
BRASILIA;5212501;0.0;0.0;1.0
BRASILIA;5215231;0.0;0.0;1.0
BRASILIA;5215603;0.0;0.0;1.0
BRASILIA;5217609;0.0;0.0;1.0
BRASILIA;5219753;0.0;0.0;1.0
BRASILIA;5221858;0.0;0.0;1.0
BRASILIA;5300108;0.5724;0.4276;0.0
GOIANIA;5200050;0.0;0.0;1.0
GOIANIA;5201405;0.0;0.0;1.0
GOIANIA;5201801;0.0;0.0;1.0
GOIANIA;5203559;0.0;0.0;1.0
GOIANIA;5203609;0.0;0.0;1.0
GOIANIA;5204557;0.0;0.0;1.0
GOIANIA;5208707;0.1035;0.7626;0.1339
GOIANIA;5208806;0.0;0.0;1.0
GOIANIA;5209200;0.0;0.0;1.0
GOIANIA;5209705;0.0;0.0;1.0
GOIANIA;5214507;0.0;0.0;1.0
GOIANIA;5215009;0.0;0.0;1.0
GOIANIA;5219738;0.0;0.0;1.0
GOIANIA;5220454;0.0;0.0;1.0
GOIANIA;5221403;0.0;0.0;1.0
CUIABA;5103403;0.0866;0.7416;0.1717
CUIABA;5108402;0.0184;0.0239;0.9577
FLORIANOPOLIS;4200606;0.0;0.0;1.0
FLORIANOPOLIS;4201208;0.0;0.0;1.0
FLORIANOPOLIS;4202305;0.0;0.0;1.0
FLORIANOPOLIS;4205407;0.1737;0.7279;0.0983
FLORIANOPOLIS;4206009;0.0;0.0;1.0
FLORIANOPOLIS;4211900;0.0;0.0;1.0
FLORIANOPOLIS;4212304;0.0;0.0;1.0
FLORIANOPOLIS;4215703;0.0;0.0;1.0
FLORIANOPOLIS;4216602;0.044;0.4074;0.5487
FLORIANOPOLIS;4217253;0.0;0.0;1.0
CURITIBA;4100400;0.0;0.0;1.0
CURITIBA;4101804;0.0006;0.0;0.9994
CURITIBA;4102307;0.0;0.0;1.0
CURITIBA;4103107;0.0;0.0;1.0
CURITIBA;4104006;0.0;0.0;1.0
CURITIBA;4104204;0.001;0.0;0.999
CURITIBA;4104253;0.0;0.0;1.0
CURITIBA;4105805;0.0013;0.0;0.9987
CURITIBA;4106209;0.0;0.0;1.0
CURITIBA;4106902;0.1206;0.7158;0.1636
CURITIBA;4107652;0.0;0.0;1.0
CURITIBA;4111258;0.0;0.0;1.0
CURITIBA;4114302;0.0;0.0;1.0
CURITIBA;4119152;0.0;0.0;1.0
CURITIBA;4119509;0.0;0.0;1.0
CURITIBA;4120804;0.0;0.0;1.0
CURITIBA;4122206;0.0;0.0;1.0
CURITIBA;4125506;0.0018;0.0;0.9982
SOROCABA;3501152;0.0;0.0;1.0
SOROCABA;3502903;0.0;0.0222;0.9778
SOROCABA;3545308;0.0;0.0;1.0
SOROCABA;3552205;0.0045;0.0336;0.9619
SOROCABA;3557006;0.0;0.0;1.0
SAO PAULO;3503901;0.0;0.0364;0.9636
SAO PAULO;3505708;0.0;0.0;1.0
SAO PAULO;3506607;0.0;0.0;1.0
SAO PAULO;3509007;0.0;0.0;1.0
SAO PAULO;3509205;0.0;0.0;1.0
SAO PAULO;3510609;0.0;0.0;1.0
SAO PAULO;3513009;0.0;0.0;1.0
SAO PAULO;3513801;0.0;0.017;0.983
SAO PAULO;3515004;0.0;0.0;1.0
SAO PAULO;3515103;0.0;0.0;1.0
SAO PAULO;3515707;0.0;0.0;1.0
SAO PAULO;3516309;0.0;0.0;1.0
SAO PAULO;3516408;0.0;0.1046;0.8954
SAO PAULO;3518800;0.0018;0.0438;0.9544
SAO PAULO;3522208;0.0;0.0;1.0
SAO PAULO;3522505;0.0;0.0;1.0
SAO PAULO;3523107;0.0;0.0331;0.9669
SAO PAULO;3525003;0.0;0.0;1.0
SAO PAULO;3528502;0.0;0.0;1.0
SAO PAULO;3529401;0.0;0.0104;0.9896
SAO PAULO;3530607;0.0006;0.0;0.9994
SAO PAULO;3534401;0.002;0.0101;0.9879
SAO PAULO;3539103;0.0;0.0;1.0
SAO PAULO;3539806;0.0;0.0;1.0
SAO PAULO;3543303;0.0;0.0;1.0
SAO PAULO;3544103;0.0;0.0;1.0
SAO PAULO;3545001;0.0;0.0022;0.9978
SAO PAULO;3546801;0.0;0.0;1.0
SAO PAULO;3547304;0.0;0.0;1.0
SAO PAULO;3547809;0.0553;0.0054;0.9393
SAO PAULO;3548708;0.0019;0.0082;0.9899
SAO PAULO;3548807;0.0;0.0;1.0
SAO PAULO;3549953;0.0;0.0;1.0
SAO PAULO;3550308;0.0684;0.7612;0.1704
SAO PAULO;3552502;0.0;0.0;1.0
SAO PAULO;3552809;0.0;0.0;1.0
SAO PAULO;3556453;0.0;0.0;1.0
BAIXADA SANTISTA;3513504;0.0;0.0;1.0
BAIXADA SANTISTA;3518701;0.0;0.0394;0.9606
BAIXADA SANTISTA;3522109;0.0;0.0;1.0
BAIXADA SANTISTA;3531100;0.0;0.0392;0.9608
BAIXADA SANTISTA;3541000;0.0006;0.0144;0.9849
BAIXADA SANTISTA;3548500;0.0253;0.0002;0.9745
BAIXADA SANTISTA;3551009;0.0;0.0298;0.9702
CAMPINAS;3509502;0.1339;0.3057;0.5603
CAMPINAS;3512803;0.0;0.0;1.0
CAMPINAS;3519071;0.0;0.0;1.0
CAMPINAS;3531803;0.0;0.0;1.0
CAMPINAS;3536505;0.0;0.0;1.0
CAMPINAS;3552403;0.0;0.0;1.0
CAMPINAS;3556206;0.0;0.0025;0.9975
CAMPINAS;3556701;0.0;0.0;1.0
RIO DE JANEIRO;3300456;0.0003;0.0;0.9997
RIO DE JANEIRO;3301702;0.1296;0.0;0.8704
RIO DE JANEIRO;3301850;0.0;0.0;1.0
RIO DE JANEIRO;3301900;0.001;0.0;0.999
RIO DE JANEIRO;3302007;0.0084;0.0;0.9916
RIO DE JANEIRO;3302270;0.0;0.0;1.0
RIO DE JANEIRO;3302502;0.0006;0.0;0.9994
RIO DE JANEIRO;3302601;0.062;0.0;0.938
RIO DE JANEIRO;3302700;0.0013;0.0;0.9987
RIO DE JANEIRO;3302858;0.0;0.0;1.0
RIO DE JANEIRO;3303203;0.0032;0.0;0.9968
RIO DE JANEIRO;3303302;0.5355;0.0246;0.4399
RIO DE JANEIRO;3303500;0.0015;0.0;0.9985
RIO DE JANEIRO;3303609;0.0011;0.0;0.9989
RIO DE JANEIRO;3304144;0.0015;0.0;0.9985
RIO DE JANEIRO;3304557;0.3401;0.4253;0.2346
RIO DE JANEIRO;3304904;0.0639;0.0;0.9361
RIO DE JANEIRO;3305109;0.0011;0.0;0.9989
RIO DE JANEIRO;3305505;0.0006;0.0;0.9994
RIO DE JANEIRO;3305554;0.3916;0.0;0.6084
RIO DE JANEIRO;3305752;0.0;0.0;1.0
VITORIA;3201308;0.0187;0.0468;0.9344
VITORIA;3202207;0.0;0.0;1.0
VITORIA;3205002;0.015;0.0;0.985
VITORIA;3205101;0.0;0.0;1.0
VITORIA;3205200;0.0905;0.0;0.9095
VITORIA;3205309;0.1037;0.7479;0.1484
BELO HORIZONTE;3106200;0.0696;0.82;0.1104
BELO HORIZONTE;3106705;0.0;0.0;1.0
BELO HORIZONTE;3109006;0.0;0.0;1.0
BELO HORIZONTE;3110004;0.0;0.0;1.0
BELO HORIZONTE;3117876;0.0256;0.0;0.9744
BELO HORIZONTE;3118601;0.0616;0.0102;0.9282
BELO HORIZONTE;3124104;0.0;0.0;1.0
BELO HORIZONTE;3129806;0.0;0.0809;0.9191
BELO HORIZONTE;3130101;0.0;0.0;1.0
BELO HORIZONTE;3136652;0.0;0.0;1.0
BELO HORIZONTE;3137601;0.4183;0.0;0.5817
BELO HORIZONTE;3140159;0.0;0.0;1.0
BELO HORIZONTE;3144805;0.0;0.0;1.0
BELO HORIZONTE;3149309;0.0;0.0;1.0
BELO HORIZONTE;3153905;0.0;0.0;1.0
BELO HORIZONTE;3154606;0.0;0.0;1.0
BELO HORIZONTE;3154804;0.0;0.0;1.0
BELO HORIZONTE;3156700;0.0;0.0;1.0
BELO HORIZONTE;3157807;0.0;0.0;1.0
BELO HORIZONTE;3162922;0.0;0.0;1.0
BELO HORIZONTE;3162955;0.0;0.0;1.0
BELO HORIZONTE;3165537;0.0;0.0;1.0
BELO HORIZONTE;3171204;0.0;0.0;1.0
SALVADOR;2905701;0.0003;0.0;0.9997
SALVADOR;2906501;0.0;0.0;1.0
SALVADOR;2910057;0.0;0.0;1.0
SALVADOR;2919207;0.0004;0.0;0.9996
SALVADOR;2919926;0.0;0.0;1.0
SALVADOR;2921005;0.0;0.0;1.0
SALVADOR;2927408;0.1486;0.6443;0.2071
SALVADOR;2929206;0.0;0.0;1.0
SALVADOR;2929503;0.0;0.0;1.0
SALVADOR;2930709;0.0;0.0101;0.9899
ARACAJU;2800308;0.1377;0.5284;0.3339
ARACAJU;2800605;0.0;0.0;1.0
ARACAJU;2801504;0.0;0.0;1.0
ARACAJU;2802007;0.0;0.0;1.0
ARACAJU;2802502;0.0;0.0;1.0
ARACAJU;2803609;0.0;0.0;1.0
ARACAJU;2804003;0.0;0.0;1.0
ARACAJU;2804805;0.0;0.0;1.0
ARACAJU;2805901;0.0;0.0;1.0
ARACAJU;2806107;0.0;0.0;1.0
ARACAJU;2806701;0.6334;0.0;0.3666
ARACAJU;2807204;0.0;0.0;1.0
MACEIO;2700508;0.0;0.0;1.0
MACEIO;2702207;0.0;0.0;1.0
MACEIO;2704302;0.1346;0.7865;0.0789
MACEIO;2704708;0.0338;0.0;0.9662
MACEIO;2705200;0.0;0.0;1.0
MACEIO;2706448;0.0;0.0;1.0
MACEIO;2707701;0.0018;0.0;0.9982
MACEIO;2707909;0.0;0.0;1.0
MACEIO;2708907;0.1964;0.0;0.8036
RECIFE;2600054;0.0;0.0;1.0
RECIFE;2601052;0.0;0.0;1.0
RECIFE;2602902;0.0;0.0;1.0
RECIFE;2603454;0.0;0.0;1.0
RECIFE;2606804;0.0;0.0;1.0
RECIFE;2607208;0.0;0.0;1.0
RECIFE;2607604;0.0;0.0;1.0
RECIFE;2607752;0.0;0.0;1.0
RECIFE;2607901;0.0;0.0;1.0
RECIFE;2609402;0.0;0.0;1.0
RECIFE;2609600;0.0511;0.0209;0.928
RECIFE;2610608;0.0;0.0;1.0
RECIFE;2610707;0.0;0.0;1.0
RECIFE;2611606;0.1636;0.695;0.1414
RECIFE;2613701;0.0;0.0;1.0
JOAO PESSOA;2501807;0.0;0.0;1.0
JOAO PESSOA;2503209;0.0211;0.0;0.9789
JOAO PESSOA;2504603;0.0;0.0;1.0
JOAO PESSOA;2507507;0.1309;0.7006;0.1685
JOAO PESSOA;2508604;0.0;0.0;1.0
JOAO PESSOA;2513703;0.0;0.0;1.0
NATAL;2403251;0.0248;0.0;0.9752
NATAL;2403608;0.0;0.0;1.0
NATAL;2407104;0.0;0.0;1.0
NATAL;2408102;0.192;0.625;0.183
NATAL;2412005;0.0;0.0;1.0
FORTALEZA;2301000;0.0;0.0;1.0
FORTALEZA;2303709;0.0;0.0;1.0
FORTALEZA;2304285;0.0;0.0;1.0
FORTALEZA;2304400;0.1326;0.6386;0.2288
FORTALEZA;2306256;0.0;0.0;1.0
FORTALEZA;2307650;0.0004;0.0;0.9996
FORTALEZA;2307700;0.0;0.0;1.0
FORTALEZA;2309706;0.0;0.0;1.0
TERESINA;2112209;0.0;0.0;1.0
TERESINA;2211001;0.0958;0.6916;0.2126
SAO LUIS;2107506;0.0;0.0;1.0
SAO LUIS;2109452;0.0;0.0;1.0
SAO LUIS;2111201;0.0;0.0;1.0
SAO LUIS;2111300;0.0921;0.7168;0.191
BELEM;1500800;0.1142;0.0;0.8858
BELEM;1501402;0.1632;0.6674;0.1693
BELEM;1501501;0.0;0.0;1.0
BELEM;1504422;0.0;0.0;1.0
CAMPO GRANDE;5002704;0.1164;0.6262;0.2574
MANAUS;1302603;0.1295;0.6216;0.2489
SAO JOSE DOS CAMPOS;3508504;0.0;0.0;1.0
SAO JOSE DOS CAMPOS;3524402;0.0;0.0429;0.9571
SAO JOSE DOS CAMPOS;3524907;0.0;0.0;1.0
SAO JOSE DOS CAMPOS;3531704;0.0;0.0;1.0
SAO JOSE DOS CAMPOS;3538006;0.0;0.0;1.0
SAO JOSE DOS CAMPOS;3542305;0.0;0.0;1.0
SAO JOSE DOS CAMPOS;3546009;0.0;0.0;1.0
SAO JOSE DOS CAMPOS;3549904;0.3688;0.0227;0.6085
SAO JOSE DOS CAMPOS;3554102;0.0028;0.008;0.9892
SAO JOSE DOS CAMPOS;3554805;0.0;0.0;1.0
PORTO ALEGRE;4300604;0.0008;0.0;0.9992
PORTO ALEGRE;4300877;0.0;0.0;1.0
PORTO ALEGRE;4303103;0.0009;0.0;0.9991
PORTO ALEGRE;4303905;0.0;0.0;1.0
PORTO ALEGRE;4304606;0.2942;0.0;0.7058
PORTO ALEGRE;4304689;0.0;0.0;1.0
PORTO ALEGRE;4306403;0.0;0.0;1.0
PORTO ALEGRE;4306767;0.0;0.0;1.0
PORTO ALEGRE;4307609;0.0;0.0;1.0
PORTO ALEGRE;4307708;0.0012;0.0;0.9988
PORTO ALEGRE;4309050;0.0;0.0;1.0
PORTO ALEGRE;4309209;0.0008;0.0;0.9992
PORTO ALEGRE;4309308;0.002;0.0;0.998
PORTO ALEGRE;4310801;0.0;0.0;1.0
PORTO ALEGRE;4311627;0.0;0.0;1.0
PORTO ALEGRE;4312476;0.0;0.0;1.0
PORTO ALEGRE;4313060;0.0;0.0;1.0
PORTO ALEGRE;4313375;0.0;0.0;1.0
PORTO ALEGRE;4313409;0.0058;0.0435;0.9507
PORTO ALEGRE;4314423;0.0;0.0;1.0
PORTO ALEGRE;4314803;0.0;0.0;1.0
PORTO ALEGRE;4314902;0.1199;0.7789;0.1012
PORTO ALEGRE;4315149;0.0;0.0;1.0
PORTO ALEGRE;4318481;0.0;0.0;1.0
PORTO ALEGRE;4318705;0.0035;0.0;0.9965
PORTO ALEGRE;4319505;0.004;0.0;0.996
PORTO ALEGRE;4319901;0.0012;0.0;0.9988
PORTO ALEGRE;4320008;0.0004;0.0;0.9996
PORTO ALEGRE;4323002;0.001;0.0;0.999
CATALAO;5205109;0.0;0.0;1.0
CATALAO;5208509;0.0;0.0;1.0
CATALAO;5215504;0.0;0.0;1.0
CATALAO;5221304;0.0;0.0;1.0
INTERNACIONAL DE PEDRO JUAN CABALLERO;5006606;0.0;0.0;1.0
INTERNACIONAL DE CORUMBA;5003207;0.0174;0.0;0.9826
INTERNACIONAL DE CORUMBA;5005202;0.6614;0.0;0.3386
INTERNACIONAL DE URUGUAIANA;4322400;0.0192;0.0;0.9808
TRAMANDAI - OSORIO;4310330;0.0;0.0;1.0
TRAMANDAI - OSORIO;4313508;0.0012;0.0;0.9988
TRAMANDAI - OSORIO;4321600;0.0084;0.0;0.9916
TAQUARA - PAROBE - IGREJINHA;4310108;0.0031;0.0;0.9969
TAQUARA - PAROBE - IGREJINHA;4314050;0.0;0.0;1.0
TAQUARA - PAROBE - IGREJINHA;4321204;0.0042;0.0;0.9958
TAQUARA - PAROBE - IGREJINHA;4321709;0.0;0.0;1.0
INTERNACIONAL DE SANT'ANA DO LIVRAMENTO;4317103;0.0022;0.0;0.9978
SANTA MARIA;4310538;0.0;0.0;1.0
SANTA MARIA;4316907;0.6803;0.0;0.3197
SANTA CRUZ DO SUL;4316808;0.003;0.0;0.997
SANTA CRUZ DO SUL;4322707;0.0;0.0;1.0
PELOTAS;4301073;0.0;0.0;1.0
PELOTAS;4304663;0.0;0.0;1.0
PELOTAS;4314407;0.3267;0.0;0.6733
LAJEADO;4301008;0.0;0.0;1.0
LAJEADO;4302402;0.0;0.0;1.0
LAJEADO;4306205;0.0;0.0;1.0
LAJEADO;4307807;0.2;0.0;0.8
LAJEADO;4308078;0.0;0.0;1.0
LAJEADO;4308433;0.0;0.0;1.0
LAJEADO;4311403;0.0018;0.0;0.9982
LAJEADO;4316758;0.0;0.0;1.0
CAXIAS DO SUL;4305108;0.0076;0.0;0.9924
CAXIAS DO SUL;4307906;0.0015;0.0;0.9985
CAXIAS DO SUL;4322541;0.0;0.0;1.0
BENTO GONCALVES;4302105;0.4501;0.0;0.5499
BENTO GONCALVES;4304804;0.0;0.0;1.0
BENTO GONCALVES;4308607;0.004;0.0;0.996
BENTO GONCALVES;4312385;0.0;0.0;1.0
BENTO GONCALVES;4314548;0.0;0.0;1.0
BAGE;4300034;0.0;0.0;1.0
BAGE;4301602;0.3417;0.0;0.6583
BAGE;4304358;0.0;0.0;1.0
BAGE;4309654;0.0;0.0;1.0
TUBARAO - LAGUNA;4203956;0.0;0.0;1.0
TUBARAO - LAGUNA;4206207;0.0;0.0;1.0
TUBARAO - LAGUNA;4209409;0.0431;0.0;0.9569
TUBARAO - LAGUNA;4212650;0.0;0.0;1.0
TUBARAO - LAGUNA;4218707;0.0;0.0;1.0
SAO BENTO DO SUL - RIO NEGRINHO;4215000;0.0;0.0;1.0
SAO BENTO DO SUL - RIO NEGRINHO;4215802;0.0;0.0;1.0
JOINVILLE;4201307;0.0;0.0;1.0
JOINVILLE;4209102;0.0019;0.0;0.9981
JARAGUA DO SUL;4204509;0.0;0.0;1.0
JARAGUA DO SUL;4206504;0.0;0.0;1.0
JARAGUA DO SUL;4208906;0.0;0.0;1.0
JARAGUA DO SUL;4217402;0.0;0.0;1.0
ITAJAI - BALNEARIO CAMBORIU;4202008;0.0;0.0;1.0
ITAJAI - BALNEARIO CAMBORIU;4202107;0.0;0.0;1.0
ITAJAI - BALNEARIO CAMBORIU;4203204;0.0;0.0;1.0
ITAJAI - BALNEARIO CAMBORIU;4208203;0.0149;0.0;0.9851
ITAJAI - BALNEARIO CAMBORIU;4211306;0.0;0.0;1.0
ITAJAI - BALNEARIO CAMBORIU;4212502;0.0;0.0;1.0
ITAJAI - BALNEARIO CAMBORIU;4212809;0.0;0.0;1.0
CRICIUMA;4204251;0.0;0.0;1.0
CRICIUMA;4204608;0.0028;0.0;0.9972
CRICIUMA;4205456;0.0;0.0;1.0
CRICIUMA;4207007;0.0;0.0;1.0
CRICIUMA;4211207;0.0;0.0;1.0
CRICIUMA;4211256;0.0;0.0;1.0
CRICIUMA;4211603;0.0;0.0;1.0
CRICIUMA;4217600;0.0;0.0;1.0
CRICIUMA;4218350;0.0;0.0;1.0
CRICIUMA;4219002;0.0;0.0;1.0
CRICIUMA;4220000;0.0;0.0;1.0
CHAPECO;4204202;0.2034;0.0;0.7966
CHAPECO;4204350;0.0;0.0;1.0
CHAPECO;4206652;0.0;0.0;1.0
BRUSQUE;4202701;0.0;0.0;1.0
BRUSQUE;4202909;0.0;0.0;1.0
BRUSQUE;4206306;0.0;0.0;1.0
BLUMENAU;4202404;0.1552;0.0;0.8448
BLUMENAU;4205902;0.0;0.0;1.0
BLUMENAU;4207106;0.0;0.0;1.0
BLUMENAU;4207502;0.0;0.0;1.0
UMUARAMA;4114708;0.0;0.0;1.0
UMUARAMA;4128104;0.0038;0.0;0.9962
TOLEDO;4117453;0.0;0.0;1.0
TOLEDO;4127700;0.0483;0.0657;0.886
PONTA GROSSA;4104659;0.0;0.0;1.0
PONTA GROSSA;4119905;0.0379;0.2704;0.6917
MARINGA;4107900;0.0;0.0;1.0
MARINGA;4110003;0.0;0.0;1.0
MARINGA;4111100;0.0;0.0;1.0
MARINGA;4114104;0.0;0.0;1.0
MARINGA;4114807;0.0;0.0;1.0
MARINGA;4115200;0.0048;0.2358;0.7593
MARINGA;4117404;0.0;0.0;1.0
MARINGA;4117503;0.0;0.0;1.0
MARINGA;4120408;0.0;0.0;1.0
MARINGA;4126256;0.0;0.0;1.0
LONDRINA;4103701;0.0;0.0;1.0
LONDRINA;4109807;0.0;0.0;1.0
LONDRINA;4112702;0.0;0.0;1.0
LONDRINA;4113700;0.0217;0.3066;0.6716
INTERNACIONAL DE FOZ DO IGUACU;4108304;0.1228;0.0329;0.8443
INTERNACIONAL DE FOZ DO IGUACU;4124053;0.0;0.0;1.0
CASCAVEL;4104808;0.0057;0.1913;0.803
CASCAVEL;4124020;0.0;0.0;1.0
SAO ROQUE - MAIRINQUE;3528403;0.0;0.0;1.0
SAO ROQUE - MAIRINQUE;3550605;0.0;0.0;1.0
JI-PARANA;1100122;0.0;0.0;1.0
SAO JOSE DO RIO PRETO;3504602;0.0;0.0;1.0
SAO JOSE DO RIO PRETO;3504800;0.0;0.0;1.0
SAO JOSE DO RIO PRETO;3511300;0.0;0.0;1.0
SAO JOSE DO RIO PRETO;3517505;0.0;0.0;1.0
SAO JOSE DO RIO PRETO;3521150;0.0;0.0;1.0
SAO JOSE DO RIO PRETO;3524501;0.0;0.0;1.0
SAO JOSE DO RIO PRETO;3530300;0.0;0.0603;0.9397
SAO JOSE DO RIO PRETO;3530409;0.0;0.0;1.0
SAO JOSE DO RIO PRETO;3532504;0.0;0.0;1.0
SAO JOSE DO RIO PRETO;3532801;0.0;0.0;1.0
SAO JOSE DO RIO PRETO;3549805;0.0066;0.1366;0.8569
SAO JOSE DO RIO PRETO;3555604;0.0;0.0;1.0
SAO CARLOS;3519303;0.0;0.0;1.0
SAO CARLOS;3548906;0.2653;0.1699;0.5648
RIO CLARO;3521101;0.0;0.0;1.0
RIO CLARO;3543907;0.0008;0.0899;0.9093
RIO CLARO;3546702;0.0;0.0;1.0
RIBEIRAO PRETO;3507803;0.0;0.0;1.0
RIBEIRAO PRETO;3513108;0.0;0.0;1.0
RIBEIRAO PRETO;3525102;0.0;0.0;1.0
RIBEIRAO PRETO;3543402;0.003;0.4444;0.5526
RIBEIRAO PRETO;3546256;0.0;0.0;1.0
RIBEIRAO PRETO;3551405;0.0;0.0;1.0
RIBEIRAO PRETO;3551504;0.0;0.0;1.0
PIRACICABA;3511706;0.0;0.0;1.0
PIRACICABA;3538709;0.0027;0.1149;0.8824
PIRACICABA;3544004;0.0;0.0;1.0
PIRACICABA;3545159;0.0;0.0;1.0
OURINHOS;3510153;0.0;0.0;1.0
OURINHOS;3534708;0.0;0.0;1.0
MOGI GUACU - MOGI MIRIM;3530706;0.0;0.0;1.0
MOGI GUACU - MOGI MIRIM;3530805;0.0;0.0518;0.9482
MOGI GUACU - MOGI MIRIM;3557303;0.0;0.0;1.0
MARILIA;3529005;0.0052;0.1146;0.8802
MARILIA;3534104;0.0;0.0;1.0
MARILIA;3556602;0.0;0.0;1.0
LIMEIRA;3521408;0.0;0.0;1.0
LIMEIRA;3526902;0.0003;0.0179;0.9818
JUNDIAI;3508405;0.0;0.0;1.0
JUNDIAI;3509601;0.0;0.0;1.0
JUNDIAI;3524006;0.0;0.0;1.0
JUNDIAI;3525201;0.0;0.0;1.0
JUNDIAI;3525904;0.0064;0.0037;0.9899
JUNDIAI;3527306;0.0;0.0;1.0
JUNDIAI;3556503;0.0;0.0;1.0
ITU - SALTO;3523909;0.0006;0.0028;0.9966
ITU - SALTO;3545209;0.0;0.0;1.0
ITAPETININGA;3500758;0.0;0.0;1.0
ITAPETININGA;3522307;0.0;0.0161;0.9839
GUARATINGUETA;3502507;0.0;0.0;1.0
GUARATINGUETA;3518404;0.4754;0.0553;0.4693
GUARATINGUETA;3540754;0.0;0.0;1.0
GUARATINGUETA;3544301;0.0;0.0;1.0
FRANCA;3116407;0.0;0.0;1.0
FRANCA;3513207;0.0;0.0;1.0
FRANCA;3516200;0.0012;0.0561;0.9428
FRANCA;3523701;0.0;0.0;1.0
FRANCA;3536307;0.0;0.0;1.0
FRANCA;3542701;0.0;0.0;1.0
FRANCA;3543105;0.0;0.0;1.0
CATANDUVA;3511102;0.0;0.0;1.0
CATANDUVA;3511201;0.0;0.0;1.0
CATANDUVA;3514924;0.0;0.0;1.0
CATANDUVA;3514957;0.0;0.0;1.0
CATANDUVA;3528858;0.0;0.0;1.0
CATANDUVA;3533254;0.0;0.0;1.0
CATANDUVA;3538105;0.0;0.0;1.0
CARAGUATATUBA - UBATUBA - SAO SEBASTIAO;3510500;0.0008;0.0124;0.9867
CARAGUATATUBA - UBATUBA - SAO SEBASTIAO;3520400;0.0;0.0;1.0
CARAGUATATUBA - UBATUBA - SAO SEBASTIAO;3550704;0.0;0.0087;0.9913
CARAGUATATUBA - UBATUBA - SAO SEBASTIAO;3555406;0.0;0.0053;0.9947
BIRIGUI;3506508;0.0;0.0;1.0
BIRIGUI;3507704;0.0;0.0;1.0
BIRIGUI;3507753;0.0;0.0;1.0
BIRIGUI;3512506;0.0;0.0;1.0
BAURU;3506003;0.0034;0.1893;0.8073
BAURU;3539400;0.0;0.0;1.0
ATIBAIA;3504107;0.0;0.0277;0.9723
ATIBAIA;3507100;0.0;0.0;1.0
ARARAQUARA;3501707;0.0;0.0163;0.9837
ARARAQUARA;3503208;0.0024;0.1064;0.8912
ARARAQUARA;3516853;0.0;0.0;1.0
ARARAQUARA;3543709;0.0;0.0;1.0
ARARAQUARA;3546900;0.0;0.0;1.0
AMERICANA - SANTA BARBARA D'OESTE;3501608;0.0004;0.0;0.9996
AMERICANA - SANTA BARBARA D'OESTE;3533403;0.0;0.0;1.0
AMERICANA - SANTA BARBARA D'OESTE;3545803;0.0;0.0;1.0
VOLTA REDONDA - BARRA MANSA;3300407;0.0022;0.0;0.9978
VOLTA REDONDA - BARRA MANSA;3303955;0.0;0.0;1.0
VOLTA REDONDA - BARRA MANSA;3306305;0.0052;0.0;0.9948
TRES RIOS - PARAIBA DO SUL;3116209;0.0;0.0;1.0
TRES RIOS - PARAIBA DO SUL;3158607;0.0;0.0;1.0
TRES RIOS - PARAIBA DO SUL;3300951;0.0;0.0;1.0
TRES RIOS - PARAIBA DO SUL;3303708;0.0015;0.0;0.9985
TRES RIOS - PARAIBA DO SUL;3306008;0.0035;0.0;0.9965
RESENDE;3302254;0.0;0.0;1.0
RESENDE;3304110;0.0;0.0;1.0
RESENDE;3304128;0.0;0.0;1.0
RESENDE;3304201;0.0018;0.0;0.9982
PETROPOLIS;3300225;0.0;0.0;1.0
PETROPOLIS;3303906;0.0156;0.0;0.9844
MACAE - RIO DAS OSTRAS;3300936;0.0;0.0;1.0
MACAE - RIO DAS OSTRAS;3301306;0.0014;0.0;0.9986
MACAE - RIO DAS OSTRAS;3301405;0.0;0.0;1.0
MACAE - RIO DAS OSTRAS;3302403;0.0064;0.0;0.9936
MACAE - RIO DAS OSTRAS;3304524;0.001;0.0;0.999
CAMPOS DOS GOYTACAZES;3301009;0.1117;0.0514;0.8368
CAMPOS DOS GOYTACAZES;3305000;0.0159;0.0;0.9841
CABO FRIO;3300233;0.001;0.0;0.999
CABO FRIO;3300258;0.0075;0.0;0.9925
CABO FRIO;3300704;0.018;0.0;0.982
CABO FRIO;3305208;0.5052;0.0;0.4948
ARARUAMA;3300209;0.0008;0.0;0.9992
ARARUAMA;3301876;0.0013;0.0;0.9987
UBA;3156304;0.0;0.0;1.0
UBA;3169901;0.0;0.0;1.0
SETE LAGOAS;3131000;0.0;0.0;1.0
SETE LAGOAS;3153608;0.0;0.0;1.0
SETE LAGOAS;3167202;0.0002;0.0;0.9998
SAO JOAO DEL REI;3119708;0.0;0.0;1.0
SAO JOAO DEL REI;3157336;0.0;0.0;1.0
SAO JOAO DEL REI;3162500;0.3612;0.0;0.6388
SAO JOAO DEL REI;3168804;0.0;0.0;1.0
PASSOS;3126307;0.0;0.0;1.0
PASSOS;3147907;0.0;0.0;1.0
LAVRAS;3130408;0.0;0.0;1.0
LAVRAS;3134301;0.0;0.0;1.0
LAVRAS;3138203;0.2851;0.0;0.7149
LAVRAS;3154705;0.0;0.0;1.0
JUIZ DE FORA;3115904;0.0;0.0;1.0
JUIZ DE FORA;3125002;0.0;0.0;1.0
JUIZ DE FORA;3136702;0.2493;0.0;0.7507
JUIZ DE FORA;3140803;0.0;0.0;1.0
JUIZ DE FORA;3167509;0.0;0.0;1.0
ITAJUBA;3132404;0.3054;0.0;0.6946
ITAJUBA;3150901;0.0;0.0;1.0
ITAJUBA;3151008;0.0;0.0;1.0
ITAJUBA;3163201;0.0;0.0;1.0
ITAJUBA;3172202;0.0;0.0;1.0
IPATINGA;3106309;0.0;0.0;1.0
IPATINGA;3109253;0.0;0.0;1.0
IPATINGA;3119401;0.0;0.0;1.0
IPATINGA;3131158;0.0;0.0;1.0
IPATINGA;3131307;0.0005;0.002;0.9975
IPATINGA;3135001;0.0;0.0;1.0
IPATINGA;3140308;0.0;0.0;1.0
IPATINGA;3144359;0.0;0.0;1.0
IPATINGA;3158953;0.0;0.0;1.0
IPATINGA;3168705;0.0;0.0;1.0
CONSELHEIRO LAFAIETE;3118007;0.0;0.0;1.0
CONSELHEIRO LAFAIETE;3118304;0.0;0.0;1.0
CONSELHEIRO LAFAIETE;3135407;0.0;0.0;1.0
CONSELHEIRO LAFAIETE;3145901;0.0;0.0;1.0
CONSELHEIRO LAFAIETE;3153806;0.0;0.0;1.0
CONSELHEIRO LAFAIETE;3160900;0.0;0.0;1.0
BARBACENA;3101631;0.0;0.0;1.0
BARBACENA;3102902;0.0;0.0;1.0
BARBACENA;3105608;0.3295;0.0;0.6705
PETROLINA;2611101;0.1934;0.0;0.8066
PETROLINA;2918407;0.0061;0.0;0.9939
PATOS;2510808;0.0;0.0039;0.9961
PATOS;2512606;0.0;0.0;1.0
CAMPINA GRANDE;2504009;0.1779;0.133;0.689
CAMPINA GRANDE;2508307;0.0;0.0;1.0
CAMPINA GRANDE;2509206;0.0;0.0;1.0
CAMPINA GRANDE;2512408;0.0;0.0;1.0
CAMPINA GRANDE;2512507;0.0;0.0;1.0
SOBRAL;2304350;0.0;0.0;1.0
SOBRAL;2312908;0.0045;0.0627;0.9328
JUAZEIRO DO NORTE;2301901;0.0;0.0;1.0
JUAZEIRO DO NORTE;2304202;0.0;0.1499;0.8501
JUAZEIRO DO NORTE;2307304;0.0843;0.0;0.9157
IMPERATRIZ;2103752;0.0;0.0;1.0
IMPERATRIZ;2105302;0.0037;0.0352;0.9611
MACAPA;1600303;0.0545;0.7977;0.1478
MACAPA;1600600;0.0376;0.0;0.9624
PORTO VELHO;1100205;0.3705;0.232;0.3975
PORTO VELHO;1100809;0.0;0.0;1.0
RIO VERDE;5218805;0.0731;0.0;0.9269
FORMOSA;5208004;0.0;0.0;1.0
ANAPOLIS;5201108;0.1445;0.1449;0.7105
SINOP;5107909;0.0006;0.0399;0.9596
RONDONOPOLIS;5107602;0.0;0.0407;0.9593
TRES LAGOAS;5008305;0.0;0.0;1.0
DOURADOS;5003702;0.2016;0.0;0.7984
RIO GRANDE;4315602;0.4486;0.0295;0.5218
PASSO FUNDO;4314100;0.0111;0.0;0.9889
LAGES;4209300;0.0;0.0;1.0
PARANAGUA;4118204;0.0395;0.0286;0.9319
GUARAPUAVA;4109401;0.0248;0.2308;0.7444
ARAPONGAS;4101507;0.002;0.0;0.998
APUCARANA;4101408;0.0655;0.0516;0.8829
TATUI;3554003;0.0;0.0;1.0
SERTAOZINHO;3551702;0.0;0.0316;0.9684
JAU;3525300;0.0006;0.0;0.9994
ITATIBA;3523404;0.0;0.0;1.0
INDAIATUBA;3520509;0.0;0.0;1.0
BRAGANCA PAULISTA;3507605;0.001;0.0;0.999
BOTUCATU;3507506;0.0006;0.5079;0.4915
BARRETOS;3505500;0.0005;0.0;0.9995
ARARAS;3503307;0.0;0.0;1.0
ARACATUBA;3502804;0.007;0.1251;0.8679
TERESOPOLIS;3305802;0.0026;0.0;0.9974
NOVA FRIBURGO;3303401;0.0377;0.0;0.9623
ANGRA DOS REIS;3300100;0.1833;0.0;0.8167
SAO MATEUS;3204906;0.0396;0.0;0.9604
LINHARES;3203205;0.0137;0.0;0.9863
GUARAPARI;3202405;0.0327;0.0;0.9673
COLATINA;3201506;0.0681;0.0;0.9319
CACHOEIRO DE ITAPEMIRIM;3201209;0.0268;0.0;0.9732
VARGINHA;3170701;0.0028;0.0;0.9972
UBERLANDIA;3170206;0.2551;0.0;0.7449
UBERABA;3170107;0.2441;0.0;0.7559
TEOFILO OTONI;3168606;0.0031;0.0;0.9969
POUSO ALEGRE;3152501;0.2349;0.0;0.7651
POCOS DE CALDAS;3151800;0.0022;0.0;0.9978
PATOS DE MINAS;3148004;0.0005;0.0;0.9995
MURIAE;3143906;0.0365;0.0;0.9635
MONTES CLAROS;3143302;0.0954;0.1519;0.7527
ITABIRA;3131703;0.0;0.0;1.0
GOVERNADOR VALADARES;3127701;0.002;0.0;0.998
DIVINOPOLIS;3122306;0.0045;0.0;0.9955
ARAGUARI;3103504;0.0026;0.0;0.9974
VITORIA DA CONQUISTA;2933307;0.0034;0.1222;0.8744
TEIXEIRA DE FREITAS;2931350;0.0007;0.0;0.9993
PORTO SEGURO;2925303;0.0107;0.0;0.9893
PAULO AFONSO;2924009;0.001;0.0;0.999
JEQUIE;2918001;0.0013;0.0;0.9987
ITABUNA;2914802;0.2001;0.0;0.7999
ILHEUS;2913606;0.0015;0.1858;0.8128
FEIRA DE SANTANA;2910800;0.0037;0.1977;0.7986
EUNAPOLIS;2910727;0.0024;0.0;0.9976
BARREIRAS;2903201;0.1048;0.0;0.8952
ALAGOINHAS;2900702;0.0018;0.0;0.9982
ARAPIRACA;2700300;0.0129;0.0;0.9871
VITORIA DE SANTO ANTAO;2616407;0.0;0.0;1.0
GARANHUNS;2606002;0.0065;0.0;0.9935
CARUARU;2604106;0.0044;0.0;0.9956
MOSSORO;2408003;0.1526;0.1816;0.6658
ITAPIPOCA;2306405;0.0004;0.0;0.9996
PARNAIBA;2207702;0.0124;0.0259;0.9617
CODO;2103307;0.0;0.0;1.0
CAXIAS;2103000;0.0;0.0;1.0
BACABAL;2101202;0.0;0.0;1.0
ACAILANDIA;2100055;0.2521;0.0;0.7479
PALMAS;1721000;0.0661;0.7814;0.1525
ARAGUAINA;1702109;0.0;0.0;1.0
SANTAREM;1506807;0.1149;0.0;0.8851
PARAUAPEBAS;1505536;0.0;0.0;1.0
MARABA;1504208;0.102;0.0;0.898
CASTANHAL;1502400;0.0;0.0;1.0
CAMETA;1502103;0.0;0.0;1.0
BRAGANCA;1501709;0.0;0.0;1.0
ABAETETUBA;1500107;0.0;0.0;1.0
BOA VISTA;1400100;0.1476;0.5994;0.253
PARINTINS;1303403;0.0025;0.0;0.9975
RIO BRANCO;1200401;0.0764;0.773;0.1506
PRESIDENTE PRUDENTE;3500808;0.0;0.0;1.0
PRESIDENTE PRUDENTE;3501301;0.0;0.0;1.0
PRESIDENTE PRUDENTE;3502408;0.0;0.0;1.0
PRESIDENTE PRUDENTE;3508900;0.0;0.0;1.0
PRESIDENTE PRUDENTE;3515129;0.0;0.0;1.0
PRESIDENTE PRUDENTE;3515301;0.0;0.0;1.0
PRESIDENTE PRUDENTE;3520608;0.0;0.0;1.0
PRESIDENTE PRUDENTE;3532207;0.0;0.0;1.0
PRESIDENTE PRUDENTE;3539202;0.0;0.0;1.0
PRESIDENTE PRUDENTE;3541208;0.0;0.1438;0.8562
PRESIDENTE PRUDENTE;3541406;0.006;0.0726;0.9214
PRESIDENTE PRUDENTE;3542404;0.0;0.0;1.0
PRESIDENTE PRUDENTE;3548302;0.0;0.0;1.0
PRESIDENTE PRUDENTE;3552908;0.0;0.0;1.0
PRESIDENTE PRUDENTE;3553906;0.0;0.0;1.0
