ACPs;cod_mun;ratio;source;years
BRASILIA;5200258;1.913;municipality;10
BRASILIA;5205497;2.226;acp;2
BRASILIA;5212501;1.311;municipality;10
BRASILIA;5215231;1.871;municipality;7
BRASILIA;5215603;1.622;municipality;6
BRASILIA;5217609;1.488;municipality;10
BRASILIA;5219753;1.467;municipality;10
BRASILIA;5221858;1.356;municipality;10
BRASILIA;5300108;2.218;municipality;10
GOIANIA;5200050;1.378;municipality;10
GOIANIA;5201405;1.057;municipality;10
GOIANIA;5201801;1.094;municipality;3
GOIANIA;5203559;1.481;municipality;7
GOIANIA;5203609;0.992;municipality;9
GOIANIA;5204557;2.555;acp;2
GOIANIA;5208707;2.823;municipality;10
GOIANIA;5208806;1.047;municipality;10
GOIANIA;5209200;1.086;municipality;10
GOIANIA;5209705;1.007;municipality;7
GOIANIA;5214507;1.394;municipality;8
GOIANIA;5215009;0.774;municipality;3
GOIANIA;5219738;2.555;acp;0
GOIANIA;5220454;0.999;municipality;9
GOIANIA;5221403;1.066;municipality;10
CUIABA;5103403;2.695;municipality;10
CUIABA;5108402;1.936;municipality;10
FLORIANOPOLIS;4200606;1.642;municipality;7
FLORIANOPOLIS;4201208;1.501;municipality;10
FLORIANOPOLIS;4202305;1.501;municipality;8
FLORIANOPOLIS;4205407;2.472;municipality;10
FLORIANOPOLIS;4206009;2.767;acp;1
FLORIANOPOLIS;4211900;1.906;municipality;10
FLORIANOPOLIS;4212304;2.767;acp;0
FLORIANOPOLIS;4215703;1.483;municipality;10
FLORIANOPOLIS;4216602;2.575;municipality;10
FLORIANOPOLIS;4217253;1.935;municipality;10
CURITIBA;4100400;1.367;municipality;10
CURITIBA;4101804;1.448;municipality;10
CURITIBA;4102307;2.271;acp;0
CURITIBA;4103107;1.221;municipality;3
CURITIBA;4104006;1.095;municipality;10
CURITIBA;4104204;1.189;municipality;4
CURITIBA;4104253;2.271;acp;0
CURITIBA;4105805;1.469;municipality;10
CURITIBA;4106209;1.266;municipality;8
CURITIBA;4106902;2.49;municipality;10
CURITIBA;4107652;1.314;municipality;10
CURITIBA;4111258;2.271;acp;2
CURITIBA;4114302;1.317;municipality;10
CURITIBA;4119152;1.7;municipality;10
CURITIBA;4119509;1.301;municipality;8
CURITIBA;4120804;0.937;municipality;10
CURITIBA;4122206;2.271;acp;1
CURITIBA;4125506;1.342;municipality;10
SOROCABA;3501152;1.674;acp;1
SOROCABA;3502903;1.674;acp;1
SOROCABA;3545308;1.159;municipality;10
SOROCABA;3552205;1.809;municipality;10
SOROCABA;3557006;1.482;municipality;10
SAO PAULO;3503901;1.419;municipality;10
SAO PAULO;3505708;1.163;municipality;10
SAO PAULO;3506607;1.198;municipality;10
SAO PAULO;3509007;1.248;municipality;8
SAO PAULO;3509205;1.196;municipality;10
SAO PAULO;3510609;1.122;municipality;10
SAO PAULO;3513009;1.171;municipality;10
SAO PAULO;3513801;1.553;municipality;10
SAO PAULO;3515004;1.389;municipality;10
SAO PAULO;3515103;1.435;acp;0
SAO PAULO;3515707;1.39;municipality;9
SAO PAULO;3516309;1.299;municipality;10
SAO PAULO;3516408;1.268;municipality;10
SAO PAULO;3518800;1.548;municipality;10
SAO PAULO;3522208;1.371;municipality;10
SAO PAULO;3522505;1.435;acp;2
SAO PAULO;3523107;1.524;municipality;10
SAO PAULO;3525003;0.865;municipality;9
SAO PAULO;3528502;1.325;municipality;9
SAO PAULO;3529401;0.945;municipality;10
SAO PAULO;3530607;1.961;municipality;10
SAO PAULO;3534401;1.005;municipality;10
SAO PAULO;3539103;0.62;municipality;8
SAO PAULO;3539806;2.192;municipality;4
SAO PAULO;3543303;0.989;municipality;10
SAO PAULO;3544103;1.435;acp;0
SAO PAULO;3545001;1.435;acp;0
SAO PAULO;3546801;1.435;acp;0
SAO PAULO;3547304;1.005;municipality;10
SAO PAULO;3547809;1.607;municipality;10
SAO PAULO;3548708;1.022;municipality;10
SAO PAULO;3548807;1.159;municipality;10
SAO PAULO;3549953;1.435;acp;0
SAO PAULO;3550308;1.458;municipality;10
SAO PAULO;3552502;1.27;municipality;10
SAO PAULO;3552809;1.369;municipality;10
SAO PAULO;3556453;1.435;acp;0
BAIXADA SANTISTA;3513504;1.364;municipality;10
BAIXADA SANTISTA;3518701;2.158;municipality;10
BAIXADA SANTISTA;3522109;1.496;municipality;10
BAIXADA SANTISTA;3531100;1.651;municipality;10
BAIXADA SANTISTA;3541000;1.868;municipality;10
BAIXADA SANTISTA;3548500;1.569;municipality;10
BAIXADA SANTISTA;3551009;2.204;municipality;10
CAMPINAS;3509502;2.42;municipality;10
CAMPINAS;3512803;0.963;municipality;4
CAMPINAS;3519071;0.874;municipality;10
CAMPINAS;3531803;0.882;municipality;10
CAMPINAS;3536505;1.967;municipality;10
CAMPINAS;3552403;0.97;municipality;10
CAMPINAS;3556206;1.594;municipality;10
CAMPINAS;3556701;1.468;municipality;3
RIO DE JANEIRO;3300456;1.058;municipality;10
RIO DE JANEIRO;3301702;2.342;municipality;10
RIO DE JANEIRO;3301850;1.568;municipality;4
RIO DE JANEIRO;3301900;1.173;municipality;10
RIO DE JANEIRO;3302007;0.853;municipality;10
RIO DE JANEIRO;3302270;1.311;municipality;10
RIO DE JANEIRO;3302502;1.833;acp;1
RIO DE JANEIRO;3302601;1.418;municipality;10
RIO DE JANEIRO;3302700;1.795;municipality;9
RIO DE JANEIRO;3302858;1.285;municipality;7
RIO DE JANEIRO;3303203;1.172;municipality;10
RIO DE JANEIRO;3303302;1.791;municipality;10
RIO DE JANEIRO;3303500;1.475;municipality;10
RIO DE JANEIRO;3303609;1.246;municipality;10
RIO DE JANEIRO;3304144;1.771;municipality;7
RIO DE JANEIRO;3304557;1.949;municipality;10
RIO DE JANEIRO;3304904;1.27;municipality;10
RIO DE JANEIRO;3305109;1.426;municipality;10
RIO DE JANEIRO;3305505;1.317;municipality;10
RIO DE JANEIRO;3305554;0.53;municipality;10
RIO DE JANEIRO;3305752;1.341;municipality;3
VITORIA;3201308;1.581;municipality;10
VITORIA;3202207;1.352;municipality;10
VITORIA;3205002;1.594;municipality;10
VITORIA;3205101;1.379;municipality;10
VITORIA;3205200;1.765;municipality;10
VITORIA;3205309;1.947;municipality;10
BELO HORIZONTE;3106200;2.754;municipality;10
BELO HORIZONTE;3106705;1.149;municipality;10
BELO HORIZONTE;3109006;1.161;municipality;4
BELO HORIZONTE;3110004;1.077;municipality;10
BELO HORIZONTE;3117876;0.746;municipality;3
BELO HORIZONTE;3118601;1.909;municipality;10
BELO HORIZONTE;3124104;2.454;acp;0
BELO HORIZONTE;3129806;1.089;municipality;10
BELO HORIZONTE;3130101;2.454;acp;0
BELO HORIZONTE;3136652;1.018;municipality;5
BELO HORIZONTE;3137601;1.521;municipality;10
BELO HORIZONTE;3140159;2.454;acp;0
BELO HORIZONTE;3144805;1.117;municipality;3
BELO HORIZONTE;3149309;2.454;acp;0
BELO HORIZONTE;3153905;2.454;acp;0
BELO HORIZONTE;3154606;1.442;municipality;10
BELO HORIZONTE;3154804;1.548;municipality;8
BELO HORIZONTE;3156700;0.967;municipality;10
BELO HORIZONTE;3157807;1.268;municipality;10
BELO HORIZONTE;3162922;2.454;acp;1
BELO HORIZONTE;3162955;2.454;acp;0
BELO HORIZONTE;3165537;0.932;municipality;10
BELO HORIZONTE;3171204;0.739;municipality;7
SALVADOR;2905701;0.922;municipality;9
SALVADOR;2906501;2.342;acp;0
SALVADOR;2910057;0.986;municipality;8
SALVADOR;2919207;2.016;municipality;5
SALVADOR;2919926;2.342;acp;0
SALVADOR;2921005;2.342;acp;2
SALVADOR;2927408;2.644;municipality;10
SALVADOR;2929206;0.307;municipality;9
SALVADOR;2929503;2.342;acp;0
SALVADOR;2930709;1.122;municipality;10
ARACAJU;2800308;2.705;municipality;10
ARACAJU;2800605;1.053;municipality;9
ARACAJU;2801504;1.003;municipality;10
ARACAJU;2802007;1.288;municipality;8
ARACAJU;2802502;0.787;municipality;10
ARACAJU;2803609;0.694;municipality;10
ARACAJU;2804003;0.975;municipality;10
ARACAJU;2804805;1.203;municipality;10
ARACAJU;2805901;1.35;municipality;10
ARACAJU;2806107;0.637;municipality;10
ARACAJU;2806701;0.773;municipality;10
ARACAJU;2807204;1.846;municipality;10
MACEIO;2700508;1.209;municipality;8
MACEIO;2702207;1.306;municipality;4
MACEIO;2704302;3.107;municipality;10
MACEIO;2704708;1.052;municipality;10
MACEIO;2705200;1.172;municipality;5
MACEIO;2706448;2.85;acp;1
MACEIO;2707701;1.868;municipality;4
MACEIO;2707909;0.738;municipality;10
MACEIO;2708907;2.85;acp;1
RECIFE;2600054;1.274;municipality;3
RECIFE;2601052;1.622;municipality;9
RECIFE;2602902;1.214;municipality;10
RECIFE;2603454;1.87;municipality;10
RECIFE;2606804;1.332;municipality;10
RECIFE;2607208;1.0;municipality;10
RECIFE;2607604;1.225;municipality;10
RECIFE;2607752;0.763;municipality;9
RECIFE;2607901;1.604;municipality;10
RECIFE;2609402;1.833;municipality;10
RECIFE;2609600;1.685;municipality;10
RECIFE;2610608;1.843;municipality;10
RECIFE;2610707;1.736;municipality;10
RECIFE;2611606;2.519;municipality;10
RECIFE;2613701;1.03;municipality;10
JOAO PESSOA;2501807;1.168;municipality;10
JOAO PESSOA;2503209;1.712;municipality;10
JOAO PESSOA;2504603;0.914;municipality;10
JOAO PESSOA;2507507;1.485;municipality;10
JOAO PESSOA;2508604;0.975;municipality;9
JOAO PESSOA;2513703;1.37;municipality;9
NATAL;2403251;2.033;municipality;10
NATAL;2403608;2.235;acp;2
NATAL;2407104;1.624;municipality;10
NATAL;2408102;2.232;municipality;10
NATAL;2412005;1.382;municipality;7
FORTALEZA;2301000;1.39;municipality;4
FORTALEZA;2303709;1.663;municipality;10
FORTALEZA;2304285;1.048;municipality;10
FORTALEZA;2304400;3.341;municipality;10
FORTALEZA;2306256;1.39;municipality;7
FORTALEZA;2307650;1.625;municipality;10
FORTALEZA;2307700;1.17;municipality;10
FORTALEZA;2309706;2.855;acp;2
TERESINA;2112209;1.396;municipality;10
TERESINA;2211001;2.763;municipality;10
SAO LUIS;2107506;1.381;municipality;10
SAO LUIS;2109452;2.329;acp;0
SAO LUIS;2111201;1.728;municipality;4
SAO LUIS;2111300;2.389;municipality;10
BELEM;1500800;1.026;municipality;10
BELEM;1501402;2.195;municipality;10
BELEM;1501501;1.007;municipality;3
BELEM;1504422;2.156;acp;2
CAMPO GRANDE;5002704;2.992;municipality;10
MANAUS;1302603;2.351;municipality;10
SAO JOSE DOS CAMPOS;3508504;0.838;municipality;3
SAO JOSE DOS CAMPOS;3524402;1.106;municipality;10
SAO JOSE DOS CAMPOS;3524907;0.677;municipality;6
SAO JOSE DOS CAMPOS;3531704;1.642;acp;1
SAO JOSE DOS CAMPOS;3538006;1.013;municipality;10
SAO JOSE DOS CAMPOS;3542305;1.642;acp;0
SAO JOSE DOS CAMPOS;3546009;1.642;acp;0
SAO JOSE DOS CAMPOS;3549904;2.127;municipality;10
SAO JOSE DOS CAMPOS;3554102;1.454;municipality;10
SAO JOSE DOS CAMPOS;3554805;1.761;municipality;10
PORTO ALEGRE;4300604;0.963;municipality;3
PORTO ALEGRE;4300877;2.746;acp;0
PORTO ALEGRE;4303103;1.606;municipality;9
PORTO ALEGRE;4303905;1.274;municipality;10
PORTO ALEGRE;4304606;1.866;municipality;10
PORTO ALEGRE;4304689;1.324;municipality;8
PORTO ALEGRE;4306403;1.719;municipality;3
PORTO ALEGRE;4306767;2.746;acp;2
PORTO ALEGRE;4307609;1.975;municipality;4
PORTO ALEGRE;4307708;1.179;municipality;9
PORTO ALEGRE;4309050;1.219;municipality;10
PORTO ALEGRE;4309209;1.543;municipality;10
PORTO ALEGRE;4309308;1.527;municipality;10
PORTO ALEGRE;4310801;1.675;municipality;3
PORTO ALEGRE;4311627;2.746;acp;2
PORTO ALEGRE;4312476;2.746;acp;2
PORTO ALEGRE;4313060;1.641;municipality;9
PORTO ALEGRE;4313375;1.316;municipality;10
PORTO ALEGRE;4313409;2.292;municipality;10
PORTO ALEGRE;4314423;1.604;municipality;6
PORTO ALEGRE;4314803;1.5;municipality;4
PORTO ALEGRE;4314902;3.076;municipality;10
PORTO ALEGRE;4315149;1.67;municipality;9
PORTO ALEGRE;4318481;2.746;acp;0
PORTO ALEGRE;4318705;1.437;municipality;10
PORTO ALEGRE;4319505;2.746;acp;1
PORTO ALEGRE;4319901;1.419;municipality;10
PORTO ALEGRE;4320008;1.478;municipality;10
PORTO ALEGRE;4323002;1.788;municipality;10
CATALAO;5205109;1.204;municipality;10
CATALAO;5208509;1.001;municipality;10
CATALAO;5215504;0.515;municipality;3
CATALAO;5221304;1.202;municipality;10
INTERNACIONAL DE PEDRO JUAN CABALLERO;5006606;1.628;municipality;10
INTERNACIONAL DE CORUMBA;5003207;1.85;municipality;10
INTERNACIONAL DE CORUMBA;5005202;1.74;municipality;10
INTERNACIONAL DE URUGUAIANA;4322400;1.53;municipality;10
TRAMANDAI - OSORIO;4310330;2.008;municipality;4
TRAMANDAI - OSORIO;4313508;1.723;municipality;10
TRAMANDAI - OSORIO;4321600;1.703;municipality;10
TAQUARA - PAROBE - IGREJINHA;4310108;1.684;municipality;10
TAQUARA - PAROBE - IGREJINHA;4314050;1.799;municipality;3
TAQUARA - PAROBE - IGREJINHA;4321204;1.842;municipality;10
TAQUARA - PAROBE - IGREJINHA;4321709;1.737;acp;0
INTERNACIONAL DE SANT'ANA DO LIVRAMENTO;4317103;1.48;municipality;10
SANTA MARIA;4310538;1.327;municipality;9
SANTA MARIA;4316907;1.775;municipality;10
SANTA CRUZ DO SUL;4316808;1.191;municipality;10
SANTA CRUZ DO SUL;4322707;1.191;acp;0
PELOTAS;4301073;1.279;municipality;7
PELOTAS;4304663;1.159;municipality;8
PELOTAS;4314407;1.008;municipality;10
LAJEADO;4301008;1.271;acp;0
LAJEADO;4302402;1.271;acp;2
LAJEADO;4306205;1.271;acp;0
LAJEADO;4307807;1.252;municipality;9
LAJEADO;4308078;1.831;municipality;6
LAJEADO;4308433;1.545;municipality;8
LAJEADO;4311403;1.344;municipality;8
LAJEADO;4316758;1.271;acp;0
CAXIAS DO SUL;4305108;1.959;municipality;10
CAXIAS DO SUL;4307906;1.652;municipality;7
CAXIAS DO SUL;4322541;1.409;municipality;4
BENTO GONCALVES;4302105;1.371;municipality;10
BENTO GONCALVES;4304804;1.611;municipality;10
BENTO GONCALVES;4308607;1.701;municipality;10
BENTO GONCALVES;4312385;1.211;municipality;7
BENTO GONCALVES;4314548;1.472;acp;0
BAGE;4300034;1.41;municipality;6
BAGE;4301602;1.027;municipality;10
BAGE;4304358;0.963;municipality;3
BAGE;4309654;1.031;acp;0
TUBARAO - LAGUNA;4203956;0.993;municipality;6
TUBARAO - LAGUNA;4206207;1.477;acp;0
TUBARAO - LAGUNA;4209409;1.788;municipality;10
TUBARAO - LAGUNA;4212650;1.477;acp;2
TUBARAO - LAGUNA;4218707;1.537;municipality;10
SAO BENTO DO SUL - RIO NEGRINHO;4215000;1.568;municipality;10
SAO BENTO DO SUL - RIO NEGRINHO;4215802;1.363;municipality;10
JOINVILLE;4201307;1.5;municipality;10
JOINVILLE;4209102;1.622;municipality;10
JARAGUA DO SUL;4204509;1.353;municipality;7
JARAGUA DO SUL;4206504;1.497;municipality;9
JARAGUA DO SUL;4208906;1.711;municipality;10
JARAGUA DO SUL;4217402;1.63;acp;2
ITAJAI - BALNEARIO CAMBORIU;4202008;2.245;municipality;10
ITAJAI - BALNEARIO CAMBORIU;4202107;1.712;municipality;10
ITAJAI - BALNEARIO CAMBORIU;4203204;1.429;municipality;10
ITAJAI - BALNEARIO CAMBORIU;4208203;1.855;municipality;10
ITAJAI - BALNEARIO CAMBORIU;4211306;1.109;municipality;10
ITAJAI - BALNEARIO CAMBORIU;4212502;1.317;municipality;10
ITAJAI - BALNEARIO CAMBORIU;4212809;2.379;municipality;9
CRICIUMA;4204251;1.148;municipality;7
CRICIUMA;4204608;1.904;municipality;10
CRICIUMA;4205456;1.088;municipality;10
CRICIUMA;4207007;1.933;municipality;10
CRICIUMA;4211207;1.528;municipality;4
CRICIUMA;4211256;1.395;municipality;10
CRICIUMA;4211603;1.461;municipality;6
CRICIUMA;4217600;1.672;acp;2
CRICIUMA;4218350;1.672;acp;1
CRICIUMA;4219002;1.505;municipality;7
CRICIUMA;4220000;1.735;municipality;3
CHAPECO;4204202;2.079;municipality;10
CHAPECO;4204350;2.052;acp;2
CHAPECO;4206652;2.052;acp;2
BRUSQUE;4202701;1.161;municipality;9
BRUSQUE;4202909;1.551;municipality;9
BRUSQUE;4206306;1.331;municipality;8
BLUMENAU;4202404;1.92;municipality;10
BLUMENAU;4205902;1.842;municipality;10
BLUMENAU;4207106;1.81;municipality;10
BLUMENAU;4207502;1.748;municipality;10
UMUARAMA;4114708;1.659;acp;1
UMUARAMA;4128104;1.659;municipality;10
TOLEDO;4117453;1.563;acp;0
TOLEDO;4127700;1.563;municipality;10
PONTA GROSSA;4104659;1.329;acp;0
PONTA GROSSA;4119905;1.329;municipality;10
MARINGA;4107900;1.245;acp;2
MARINGA;4110003;1.325;municipality;3
MARINGA;4111100;1.245;acp;0
MARINGA;4114104;1.211;municipality;7
MARINGA;4114807;1.284;municipality;8
MARINGA;4115200;1.289;municipality;10
MARINGA;4117404;1.394;municipality;7
MARINGA;4117503;1.245;acp;1
MARINGA;4120408;1.245;acp;1
MARINGA;4126256;1.285;municipality;10
LONDRINA;4103701;1.42;municipality;9
LONDRINA;4109807;1.661;municipality;10
LONDRINA;4112702;1.288;municipality;9
LONDRINA;4113700;2.011;municipality;10
INTERNACIONAL DE FOZ DO IGUACU;4108304;2.111;municipality;10
INTERNACIONAL DE FOZ DO IGUACU;4124053;2.111;acp;0
CASCAVEL;4104808;1.579;municipality;10
CASCAVEL;4124020;1.57;acp;1
SAO ROQUE - MAIRINQUE;3528403;1.161;municipality;4
SAO ROQUE - MAIRINQUE;3550605;1.468;municipality;3
JI-PARANA;1100122;1.453;municipality;10
SAO JOSE DO RIO PRETO;3504602;1.999;acp;0
SAO JOSE DO RIO PRETO;3504800;1.106;municipality;10
SAO JOSE DO RIO PRETO;3511300;1.999;acp;0
SAO JOSE DO RIO PRETO;3517505;1.085;municipality;6
SAO JOSE DO RIO PRETO;3521150;0.997;municipality;6
SAO JOSE DO RIO PRETO;3524501;1.999;acp;0
SAO JOSE DO RIO PRETO;3530300;1.687;municipality;10
SAO JOSE DO RIO PRETO;3530409;1.999;acp;0
SAO JOSE DO RIO PRETO;3532504;1.37;municipality;9
SAO JOSE DO RIO PRETO;3532801;1.999;acp;1
SAO JOSE DO RIO PRETO;3549805;2.239;municipality;10
SAO JOSE DO RIO PRETO;3555604;1.012;municipality;5
SAO CARLOS;3519303;1.108;municipality;10
SAO CARLOS;3548906;1.363;municipality;10
RIO CLARO;3521101;1.462;acp;1
RIO CLARO;3543907;1.462;municipality;10
RIO CLARO;3546702;1.462;acp;0
RIBEIRAO PRETO;3507803;1.267;municipality;9
RIBEIRAO PRETO;3513108;1.018;municipality;9
RIBEIRAO PRETO;3525102;1.013;municipality;6
RIBEIRAO PRETO;3543402;2.345;municipality;10
RIBEIRAO PRETO;3546256;1.972;acp;0
RIBEIRAO PRETO;3551405;1.156;municipality;9
RIBEIRAO PRETO;3551504;1.06;municipality;10
PIRACICABA;3511706;0.828;municipality;6
PIRACICABA;3538709;1.552;municipality;10
PIRACICABA;3544004;1.197;municipality;9
PIRACICABA;3545159;1.506;municipality;10
OURINHOS;3510153;1.378;acp;0
OURINHOS;3534708;1.378;municipality;10
MOGI GUACU - MOGI MIRIM;3530706;1.131;municipality;10
MOGI GUACU - MOGI MIRIM;3530805;1.44;municipality;9
MOGI GUACU - MOGI MIRIM;3557303;1.265;acp;0
MARILIA;3529005;1.702;municipality;10
MARILIA;3534104;1.702;acp;0
MARILIA;3556602;1.702;acp;1
LIMEIRA;3521408;1.245;acp;2
LIMEIRA;3526902;1.243;municipality;10
JUNDIAI;3508405;1.7;acp;1
JUNDIAI;3509601;0.723;municipality;6
JUNDIAI;3524006;1.482;municipality;4
JUNDIAI;3525201;1.282;municipality;4
JUNDIAI;3525904;2.003;municipality;10
JUNDIAI;3527306;1.666;municipality;10
JUNDIAI;3556503;1.078;municipality;8
ITU - SALTO;3523909;1.277;municipality;10
ITU - SALTO;3545209;0.961;municipality;9
ITAPETININGA;3500758;1.132;acp;0
ITAPETININGA;3522307;1.132;municipality;10
GUARATINGUETA;3502507;1.555;municipality;3
GUARATINGUETA;3518404;1.254;municipality;10
GUARATINGUETA;3540754;1.489;municipality;10
GUARATINGUETA;3544301;1.278;acp;0
FRANCA;3116407;1.814;acp;0
FRANCA;3513207;1.814;acp;0
FRANCA;3516200;1.837;municipality;10
FRANCA;3523701;1.814;acp;0
FRANCA;3536307;1.185;municipality;3
FRANCA;3542701;1.814;acp;0
FRANCA;3543105;1.814;acp;0
CATANDUVA;3511102;1.587;municipality;10
CATANDUVA;3511201;1.553;acp;0
CATANDUVA;3514924;1.553;acp;0
CATANDUVA;3514957;0.841;municipality;4
CATANDUVA;3528858;1.553;acp;0
CATANDUVA;3533254;1.553;acp;1
CATANDUVA;3538105;1.553;acp;0
CARAGUATATUBA - UBATUBA - SAO SEBASTIAO;3510500;1.508;municipality;10
CARAGUATATUBA - UBATUBA - SAO SEBASTIAO;3520400;1.86;municipality;10
CARAGUATATUBA - UBATUBA - SAO SEBASTIAO;3550704;2.409;municipality;10
CARAGUATATUBA - UBATUBA - SAO SEBASTIAO;3555406;2.102;municipality;10
BIRIGUI;3506508;1.661;municipality;10
BIRIGUI;3507704;1.661;acp;0
BIRIGUI;3507753;1.661;acp;0
BIRIGUI;3512506;1.661;acp;0
BAURU;3506003;1.584;municipality;10
BAURU;3539400;1.698;municipality;10
ATIBAIA;3504107;1.653;municipality;10
ATIBAIA;3507100;1.519;municipality;9
ARARAQUARA;3501707;1.399;acp;2
ARARAQUARA;3503208;1.399;municipality;10
ARARAQUARA;3516853;1.399;acp;1
ARARAQUARA;3543709;1.399;acp;0
ARARAQUARA;3546900;1.399;acp;0
AMERICANA - SANTA BARBARA D'OESTE;3501608;1.431;municipality;10
AMERICANA - SANTA BARBARA D'OESTE;3533403;1.202;municipality;10
AMERICANA - SANTA BARBARA D'OESTE;3545803;1.187;municipality;4
VOLTA REDONDA - BARRA MANSA;3300407;1.186;municipality;10
VOLTA REDONDA - BARRA MANSA;3303955;0.975;municipality;10
VOLTA REDONDA - BARRA MANSA;3306305;1.275;municipality;10
TRES RIOS - PARAIBA DO SUL;3116209;1.708;municipality;6
TRES RIOS - PARAIBA DO SUL;3158607;1.379;acp;0
TRES RIOS - PARAIBA DO SUL;3300951;1.488;municipality;6
TRES RIOS - PARAIBA DO SUL;3303708;1.535;municipality;10
TRES RIOS - PARAIBA DO SUL;3306008;1.313;municipality;9
RESENDE;3302254;0.786;municipality;10
RESENDE;3304110;0.926;acp;0
RESENDE;3304128;1.071;municipality;10
RESENDE;3304201;1.033;municipality;10
PETROPOLIS;3300225;1.378;municipality;10
PETROPOLIS;3303906;1.827;municipality;10
MACAE - RIO DAS OSTRAS;3300936;1.385;municipality;5
MACAE - RIO DAS OSTRAS;3301306;1.673;municipality;10
MACAE - RIO DAS OSTRAS;3301405;0.965;municipality;10
MACAE - RIO DAS OSTRAS;3302403;0.671;municipality;10
MACAE - RIO DAS OSTRAS;3304524;0.938;municipality;10
CAMPOS DOS GOYTACAZES;3301009;2.157;municipality;10
CAMPOS DOS GOYTACAZES;3305000;1.106;municipality;10
CABO FRIO;3300233;2.111;municipality;6
CABO FRIO;3300258;1.943;municipality;10
CABO FRIO;3300704;1.486;municipality;10
CABO FRIO;3305208;2.516;municipality;10
ARARUAMA;3300209;1.349;municipality;10
ARARUAMA;3301876;1.863;municipality;6
UBA;3156304;1.925;acp;0
UBA;3169901;1.925;municipality;10
SETE LAGOAS;3131000;1.044;municipality;8
SETE LAGOAS;3153608;1.307;acp;1
SETE LAGOAS;3167202;1.331;municipality;10
SAO JOAO DEL REI;3119708;1.05;acp;0
SAO JOAO DEL REI;3157336;1.05;acp;1
SAO JOAO DEL REI;3162500;1.05;municipality;10
SAO JOAO DEL REI;3168804;1.05;acp;0
PASSOS;3126307;0.665;municipality;10
PASSOS;3147907;1.793;municipality;10
LAVRAS;3130408;1.152;acp;0
LAVRAS;3134301;1.152;acp;0
LAVRAS;3138203;1.153;municipality;10
LAVRAS;3154705;1.68;municipality;7
JUIZ DE FORA;3115904;1.588;municipality;8
JUIZ DE FORA;3125002;1.892;acp;0
JUIZ DE FORA;3136702;1.898;municipality;10
JUIZ DE FORA;3140803;1.892;acp;0
JUIZ DE FORA;3167509;1.892;acp;0
ITAJUBA;3132404;1.265;municipality;10
ITAJUBA;3150901;1.24;acp;0
ITAJUBA;3151008;1.588;municipality;6
ITAJUBA;3163201;1.24;acp;0
ITAJUBA;3172202;1.24;acp;0
IPATINGA;3106309;1.338;acp;0
IPATINGA;3109253;1.338;acp;0
IPATINGA;3119401;1.325;municipality;10
IPATINGA;3131158;1.338;acp;1
IPATINGA;3131307;1.379;municipality;10
IPATINGA;3135001;1.338;acp;0
IPATINGA;3140308;1.338;acp;0
IPATINGA;3144359;1.338;acp;2
IPATINGA;3158953;1.338;acp;0
IPATINGA;3168705;1.339;municipality;6
CONSELHEIRO LAFAIETE;3118007;1.421;municipality;10
CONSELHEIRO LAFAIETE;3118304;1.666;municipality;9
CONSELHEIRO LAFAIETE;3135407;1.565;acp;0
CONSELHEIRO LAFAIETE;3145901;1.565;acp;1
CONSELHEIRO LAFAIETE;3153806;1.565;acp;0
CONSELHEIRO LAFAIETE;3160900;1.565;acp;1
BARBACENA;3101631;1.687;municipality;10
BARBACENA;3102902;1.233;municipality;7
BARBACENA;3105608;2.429;municipality;10
PETROLINA;2611101;1.73;municipality;10
PETROLINA;2918407;1.885;municipality;10
PATOS;2510808;0.975;municipality;10
PATOS;2512606;0.975;acp;0
CAMPINA GRANDE;2504009;1.197;municipality;10
CAMPINA GRANDE;2508307;1.365;municipality;10
CAMPINA GRANDE;2509206;1.547;municipality;4
CAMPINA GRANDE;2512408;1.145;municipality;4
CAMPINA GRANDE;2512507;1.407;municipality;10
SOBRAL;2304350;2.36;acp;1
SOBRAL;2312908;2.435;municipality;10
JUAZEIRO DO NORTE;2301901;1.513;acp;0
JUAZEIRO DO NORTE;2304202;1.239;municipality;10
JUAZEIRO DO NORTE;2307304;1.705;municipality;10
IMPERATRIZ;2103752;1.252;municipality;4
IMPERATRIZ;2105302;1.373;municipality;10
MACAPA;1600303;3.155;municipality;10
MACAPA;1600600;1.196;municipality;10
PORTO VELHO;1100205;1.55;municipality;10
PORTO VELHO;1100809;1.419;municipality;8
RIO VERDE;5218805;1.266;municipality;10
FORMOSA;5208004;1.445;municipality;10
ANAPOLIS;5201108;1.698;municipality;10
SINOP;5107909;1.778;municipality;10
RONDONOPOLIS;5107602;2.069;municipality;10
TRES LAGOAS;5008305;1.289;municipality;10
DOURADOS;5003702;1.787;municipality;10
RIO GRANDE;4315602;1.479;municipality;10
PASSO FUNDO;4314100;1.904;municipality;10
LAGES;4209300;1.649;municipality;10
PARANAGUA;4118204;1.074;municipality;10
GUARAPUAVA;4109401;1.281;municipality;10
ARAPONGAS;4101507;1.214;municipality;10
APUCARANA;4101408;1.647;municipality;10
TATUI;3554003;0.889;municipality;9
SERTAOZINHO;3551702;1.558;municipality;10
JAU;3525300;1.279;municipality;10
ITATIBA;3523404;1.373;municipality;5
INDAIATUBA;3520509;1.22;municipality;10
BRAGANCA PAULISTA;3507605;1.352;municipality;10
BOTUCATU;3507506;1.05;municipality;10
BARRETOS;3505500;1.777;municipality;10
ARARAS;3503307;1.139;municipality;10
ARACATUBA;3502804;1.688;municipality;10
TERESOPOLIS;3305802;2.018;municipality;8
NOVA FRIBURGO;3303401;1.417;municipality;10
ANGRA DOS REIS;3300100;1.526;municipality;10
SAO MATEUS;3204906;1.437;municipality;10
LINHARES;3203205;1.149;municipality;10
GUARAPARI;3202405;1.86;municipality;10
COLATINA;3201506;1.261;municipality;10
CACHOEIRO DE ITAPEMIRIM;3201209;1.386;municipality;10
VARGINHA;3170701;1.618;municipality;10
UBERLANDIA;3170206;1.397;municipality;10
UBERABA;3170107;1.082;municipality;10
TEOFILO OTONI;3168606;1.919;municipality;10
POUSO ALEGRE;3152501;1.123;municipality;10
POCOS DE CALDAS;3151800;1.396;municipality;10
PATOS DE MINAS;3148004;1.639;municipality;10
MURIAE;3143906;1.908;municipality;9
MONTES CLAROS;3143302;1.484;municipality;10
ITABIRA;3131703;1.417;municipality;10
GOVERNADOR VALADARES;3127701;1.708;municipality;10
DIVINOPOLIS;3122306;2.269;municipality;10
ARAGUARI;3103504;1.533;municipality;10
VITORIA DA CONQUISTA;2933307;1.406;municipality;10
TEIXEIRA DE FREITAS;2931350;1.458;municipality;5
PORTO SEGURO;2925303;2.191;municipality;10
PAULO AFONSO;2924009;0.889;municipality;9
JEQUIE;2918001;2.202;municipality;10
ITABUNA;2914802;1.581;municipality;10
ILHEUS;2913606;2.164;municipality;10
FEIRA DE SANTANA;2910800;1.914;municipality;10
EUNAPOLIS;2910727;1.513;municipality;10
BARREIRAS;2903201;2.011;municipality;10
ALAGOINHAS;2900702;1.721;municipality;10
ARAPIRACA;2700300;1.679;municipality;9
VITORIA DE SANTO ANTAO;2616407;1.701;municipality;10
GARANHUNS;2606002;1.666;municipality;10
CARUARU;2604106;1.401;municipality;10
MOSSORO;2408003;1.724;municipality;10
ITAPIPOCA;2306405;1.686;municipality;10
PARNAIBA;2207702;1.672;municipality;10
CODO;2103307;1.281;municipality;6
CAXIAS;2103000;0.842;municipality;10
BACABAL;2101202;1.355;municipality;10
ACAILANDIA;2100055;1.498;municipality;9
PALMAS;1721000;2.039;municipality;10
ARAGUAINA;1702109;1.808;municipality;10
SANTAREM;1506807;1.046;municipality;10
PARAUAPEBAS;1505536;1.674;municipality;6
MARABA;1504208;1.132;municipality;10
CASTANHAL;1502400;1.463;municipality;10
CAMETA;1502103;1.264;municipality;6
BRAGANCA;1501709;1.177;acp;1
ABAETETUBA;1500107;0.726;acp;1
BOA VISTA;1400100;2.016;municipality;10
PARINTINS;1303403;1.266;municipality;10
RIO BRANCO;1200401;2.01;municipality;10
PRESIDENTE PRUDENTE;3500808;1.53;acp;0
PRESIDENTE PRUDENTE;3501301;1.265;municipality;5
PRESIDENTE PRUDENTE;3502408;1.53;acp;0
PRESIDENTE PRUDENTE;3508900;1.53;acp;1
PRESIDENTE PRUDENTE;3515129;1.53;acp;0
PRESIDENTE PRUDENTE;3515301;1.53;acp;0
PRESIDENTE PRUDENTE;3520608;1.53;acp;0
PRESIDENTE PRUDENTE;3532207;1.53;acp;2
PRESIDENTE PRUDENTE;3539202;1.53;acp;0
PRESIDENTE PRUDENTE;3541208;1.479;municipality;10
PRESIDENTE PRUDENTE;3541406;1.718;municipality;10
PRESIDENTE PRUDENTE;3542404;0.994;municipality;7
PRESIDENTE PRUDENTE;3548302;1.53;acp;0
PRESIDENTE PRUDENTE;3552908;1.53;acp;1
PRESIDENTE PRUDENTE;3553906;1.132;municipality;3
