ACPs;cod_mun;federal;estadual
BRASILIA;5200258;3.204;1.332
BRASILIA;5205497;3.204;1.332
BRASILIA;5212501;3.204;1.332
BRASILIA;5215231;3.204;1.332
BRASILIA;5215603;3.204;1.332
BRASILIA;5217609;3.204;1.332
BRASILIA;5219753;3.204;1.332
BRASILIA;5221858;3.204;1.332
BRASILIA;5300108;3.215;2.73
GOIANIA;5200050;5.321;2.212
GOIANIA;5201405;5.321;2.212
GOIANIA;5201801;5.321;2.212
GOIANIA;5203559;5.321;2.212
GOIANIA;5203609;5.321;2.212
GOIANIA;5204557;5.321;2.212
GOIANIA;5208707;5.321;2.212
GOIANIA;5208806;5.321;2.212
GOIANIA;5209200;5.321;2.212
GOIANIA;5209705;5.321;2.212
GOIANIA;5214507;5.321;2.212
GOIANIA;5215009;5.321;2.212
GOIANIA;5219738;5.321;2.212
GOIANIA;5220454;5.321;2.212
GOIANIA;5221403;5.321;2.212
CUIABA;5103403;5.14;2.303
CUIABA;5108402;5.14;2.303
FLORIANOPOLIS;4200606;5.376;2.164
FLORIANOPOLIS;4201208;5.376;2.164
FLORIANOPOLIS;4202305;5.376;2.164
FLORIANOPOLIS;4205407;5.376;2.164
FLORIANOPOLIS;4206009;5.376;2.164
FLORIANOPOLIS;4211900;5.376;2.164
FLORIANOPOLIS;4212304;5.376;2.164
FLORIANOPOLIS;4215703;5.376;2.164
FLORIANOPOLIS;4216602;5.376;2.164
FLORIANOPOLIS;4217253;5.376;2.164
CURITIBA;4100400;4.762;1.73
CURITIBA;4101804;4.762;1.73
CURITIBA;4102307;4.762;1.73
CURITIBA;4103107;4.762;1.73
CURITIBA;4104006;4.762;1.73
CURITIBA;4104204;4.762;1.73
CURITIBA;4104253;4.762;1.73
CURITIBA;4105805;4.762;1.73
CURITIBA;4106209;4.762;1.73
CURITIBA;4106902;4.762;1.73
CURITIBA;4107652;4.762;1.73
CURITIBA;4111258;4.762;1.73
CURITIBA;4114302;4.762;1.73
CURITIBA;4119152;4.762;1.73
CURITIBA;4119509;4.762;1.73
CURITIBA;4120804;4.762;1.73
CURITIBA;4122206;4.762;1.73
CURITIBA;4125506;4.762;1.73
SOROCABA;3501152;5.254;1.73
SOROCABA;3502903;5.254;1.73
SOROCABA;3545308;5.254;1.73
SOROCABA;3552205;5.254;1.73
SOROCABA;3557006;5.254;1.73
SAO PAULO;3503901;4.25;1.399
SAO PAULO;3505708;4.25;1.399
SAO PAULO;3506607;4.25;1.399
SAO PAULO;3509007;4.25;1.399
SAO PAULO;3509205;4.25;1.399
SAO PAULO;3510609;4.25;1.399
SAO PAULO;3513009;4.25;1.399
SAO PAULO;3513801;4.25;1.399
SAO PAULO;3515004;4.25;1.399
SAO PAULO;3515103;4.25;1.399
SAO PAULO;3515707;4.25;1.399
SAO PAULO;3516309;4.25;1.399
SAO PAULO;3516408;4.25;1.399
SAO PAULO;3518800;4.25;1.399
SAO PAULO;3522208;4.25;1.399
SAO PAULO;3522505;4.25;1.399
SAO PAULO;3523107;4.25;1.399
SAO PAULO;3525003;4.25;1.399
SAO PAULO;3528502;4.25;1.399
SAO PAULO;3529401;4.25;1.399
SAO PAULO;3530607;4.25;1.399
SAO PAULO;3534401;4.25;1.399
SAO PAULO;3539103;4.25;1.399
SAO PAULO;3539806;4.25;1.399
SAO PAULO;3543303;4.25;1.399
SAO PAULO;3544103;4.25;1.399
SAO PAULO;3545001;4.25;1.399
SAO PAULO;3546801;4.25;1.399
SAO PAULO;3547304;4.25;1.399
SAO PAULO;3547809;4.25;1.399
SAO PAULO;3548708;4.25;1.399
SAO PAULO;3548807;4.25;1.399
SAO PAULO;3549953;4.25;1.399
SAO PAULO;3550308;4.25;1.399
SAO PAULO;3552502;4.25;1.399
SAO PAULO;3552809;4.25;1.399
SAO PAULO;3556453;4.25;1.399
BAIXADA SANTISTA;3513504;5.57;1.834
BAIXADA SANTISTA;3518701;5.57;1.834
BAIXADA SANTISTA;3522109;5.57;1.834
BAIXADA SANTISTA;3531100;5.57;1.834
BAIXADA SANTISTA;3541000;5.57;1.834
BAIXADA SANTISTA;3548500;5.57;1.834
BAIXADA SANTISTA;3551009;5.57;1.834
CAMPINAS;3509502;4.252;1.4
CAMPINAS;3512803;4.252;1.4
CAMPINAS;3519071;4.252;1.4
CAMPINAS;3531803;4.252;1.4
CAMPINAS;3536505;4.252;1.4
CAMPINAS;3552403;4.252;1.4
CAMPINAS;3556206;4.252;1.4
CAMPINAS;3556701;4.252;1.4
RIO DE JANEIRO;3300456;2.138;1.636
RIO DE JANEIRO;3301702;2.138;1.636
RIO DE JANEIRO;3301850;2.138;1.636
RIO DE JANEIRO;3301900;2.138;1.636
RIO DE JANEIRO;3302007;2.138;1.636
RIO DE JANEIRO;3302270;2.138;1.636
RIO DE JANEIRO;3302502;2.138;1.636
RIO DE JANEIRO;3302601;2.138;1.636
RIO DE JANEIRO;3302700;2.138;1.636
RIO DE JANEIRO;3302858;2.138;1.636
RIO DE JANEIRO;3303203;2.138;1.636
RIO DE JANEIRO;3303302;2.138;1.636
RIO DE JANEIRO;3303500;2.138;1.636
RIO DE JANEIRO;3303609;2.138;1.636
RIO DE JANEIRO;3304144;2.138;1.636
RIO DE JANEIRO;3304557;2.138;1.636
RIO DE JANEIRO;3304904;2.138;1.636
RIO DE JANEIRO;3305109;2.138;1.636
RIO DE JANEIRO;3305505;2.138;1.636
RIO DE JANEIRO;3305554;2.138;1.636
RIO DE JANEIRO;3305752;2.138;1.636
VITORIA;3201308;5.205;2.183
VITORIA;3202207;5.205;2.183
VITORIA;3205002;5.205;2.183
VITORIA;3205101;5.205;2.183
VITORIA;3205200;5.205;2.183
VITORIA;3205309;5.205;2.183
BELO HORIZONTE;3106200;4.951;1.712
BELO HORIZONTE;3106705;4.951;1.712
BELO HORIZONTE;3109006;4.951;1.712
BELO HORIZONTE;3110004;4.951;1.712
BELO HORIZONTE;3117876;4.951;1.712
BELO HORIZONTE;3118601;4.951;1.712
BELO HORIZONTE;3124104;4.951;1.712
BELO HORIZONTE;3129806;4.951;1.712
BELO HORIZONTE;3130101;4.951;1.712
BELO HORIZONTE;3136652;4.951;1.712
BELO HORIZONTE;3137601;4.951;1.712
BELO HORIZONTE;3140159;4.951;1.712
BELO HORIZONTE;3144805;4.951;1.712
BELO HORIZONTE;3149309;4.951;1.712
BELO HORIZONTE;3153905;4.951;1.712
BELO HORIZONTE;3154606;4.951;1.712
BELO HORIZONTE;3154804;4.951;1.712
BELO HORIZONTE;3156700;4.951;1.712
BELO HORIZONTE;3157807;4.951;1.712
BELO HORIZONTE;3162922;4.951;1.712
BELO HORIZONTE;3162955;4.951;1.712
BELO HORIZONTE;3165537;4.951;1.712
BELO HORIZONTE;3171204;4.951;1.712
SALVADOR;2905701;4.492;2.062
SALVADOR;2906501;4.492;2.062
SALVADOR;2910057;4.492;2.062
SALVADOR;2919207;4.492;2.062
SALVADOR;2919926;4.492;2.062
SALVADOR;2921005;4.492;2.062
SALVADOR;2927408;4.492;2.062
SALVADOR;2929206;4.492;2.062
SALVADOR;2929503;4.492;2.062
SALVADOR;2930709;4.492;2.062
ARACAJU;2800308;5.135;2.257
ARACAJU;2800605;5.135;2.257
ARACAJU;2801504;5.135;2.257
ARACAJU;2802007;5.135;2.257
ARACAJU;2802502;5.135;2.257
ARACAJU;2803609;5.135;2.257
ARACAJU;2804003;5.135;2.257
ARACAJU;2804805;5.135;2.257
ARACAJU;2805901;5.135;2.257
ARACAJU;2806107;5.135;2.257
ARACAJU;2806701;5.135;2.257
ARACAJU;2807204;5.135;2.257
MACEIO;2700508;6.495;2.2
MACEIO;2702207;6.495;2.2
MACEIO;2704302;6.495;2.2
MACEIO;2704708;6.495;2.2
MACEIO;2705200;6.495;2.2
MACEIO;2706448;6.495;2.2
MACEIO;2707701;6.495;2.2
MACEIO;2707909;6.495;2.2
MACEIO;2708907;6.495;2.2
RECIFE;2600054;5.912;1.903
RECIFE;2601052;5.912;1.903
RECIFE;2602902;5.912;1.903
RECIFE;2603454;5.912;1.903
RECIFE;2606804;5.912;1.903
RECIFE;2607208;5.912;1.903
RECIFE;2607604;5.912;1.903
RECIFE;2607752;5.912;1.903
RECIFE;2607901;5.912;1.903
RECIFE;2609402;5.912;1.903
RECIFE;2609600;5.912;1.903
RECIFE;2610608;5.912;1.903
RECIFE;2610707;5.912;1.903
RECIFE;2611606;5.912;1.903
RECIFE;2613701;5.912;1.903
JOAO PESSOA;2501807;6.391;1.657
JOAO PESSOA;2503209;6.391;1.657
JOAO PESSOA;2504603;6.391;1.657
JOAO PESSOA;2507507;6.391;1.657
JOAO PESSOA;2508604;6.391;1.657
JOAO PESSOA;2513703;6.391;1.657
NATAL;2403251;5.863;2.254
NATAL;2403608;5.863;2.254
NATAL;2407104;5.863;2.254
NATAL;2408102;5.863;2.254
NATAL;2412005;5.863;2.254
FORTALEZA;2301000;6.41;2.396
FORTALEZA;2303709;6.41;2.396
FORTALEZA;2304285;6.41;2.396
FORTALEZA;2304400;6.41;2.396
FORTALEZA;2306256;6.41;2.396
FORTALEZA;2307650;6.41;2.396
FORTALEZA;2307700;6.41;2.396
FORTALEZA;2309706;6.41;2.396
TERESINA;2112209;5.104;2.584
TERESINA;2211001;5.779;1.828
SAO LUIS;2107506;4.697;2.378
SAO LUIS;2109452;4.697;2.378
SAO LUIS;2111201;4.697;2.378
SAO LUIS;2111300;4.697;2.378
BELEM;1500800;4.799;2.029
BELEM;1501402;4.799;2.029
BELEM;1501501;4.799;2.029
BELEM;1504422;4.799;2.029
CAMPO GRANDE;5002704;5.094;2.544
MANAUS;1302603;4.148;1.799
SAO JOSE DOS CAMPOS;3508504;4.138;1.363
SAO JOSE DOS CAMPOS;3524402;4.138;1.363
SAO JOSE DOS CAMPOS;3524907;4.138;1.363
SAO JOSE DOS CAMPOS;3531704;4.138;1.363
SAO JOSE DOS CAMPOS;3538006;4.138;1.363
SAO JOSE DOS CAMPOS;3542305;4.138;1.363
SAO JOSE DOS CAMPOS;3546009;4.138;1.363
SAO JOSE DOS CAMPOS;3549904;4.138;1.363
SAO JOSE DOS CAMPOS;3554102;4.138;1.363
SAO JOSE DOS CAMPOS;3554805;4.138;1.363
PORTO ALEGRE;4300604;5.148;1.854
PORTO ALEGRE;4300877;5.148;1.854
PORTO ALEGRE;4303103;5.148;1.854
PORTO ALEGRE;4303905;5.148;1.854
PORTO ALEGRE;4304606;5.148;1.854
PORTO ALEGRE;4304689;5.148;1.854
PORTO ALEGRE;4306403;5.148;1.854
PORTO ALEGRE;4306767;5.148;1.854
PORTO ALEGRE;4307609;5.148;1.854
PORTO ALEGRE;4307708;5.148;1.854
PORTO ALEGRE;4309050;5.148;1.854
PORTO ALEGRE;4309209;5.148;1.854
PORTO ALEGRE;4309308;5.148;1.854
PORTO ALEGRE;4310801;5.148;1.854
PORTO ALEGRE;4311627;5.148;1.854
PORTO ALEGRE;4312476;5.148;1.854
PORTO ALEGRE;4313060;5.148;1.854
PORTO ALEGRE;4313375;5.148;1.854
PORTO ALEGRE;4313409;5.148;1.854
PORTO ALEGRE;4314423;5.148;1.854
PORTO ALEGRE;4314803;5.148;1.854
PORTO ALEGRE;4314902;5.148;1.854
PORTO ALEGRE;4315149;5.148;1.854
PORTO ALEGRE;4318481;5.148;1.854
PORTO ALEGRE;4318705;5.148;1.854
PORTO ALEGRE;4319505;5.148;1.854
PORTO ALEGRE;4319901;5.148;1.854
PORTO ALEGRE;4320008;5.148;1.854
PORTO ALEGRE;4323002;5.148;1.854
CATALAO;5205109;4.469;1.858
CATALAO;5208509;4.469;1.858
CATALAO;5215504;4.469;1.858
CATALAO;5221304;4.469;1.858
INTERNACIONAL DE PEDRO JUAN CABALLERO;5006606;6.269;3.13
INTERNACIONAL DE CORUMBA;5003207;5.059;2.526
INTERNACIONAL DE CORUMBA;5005202;5.059;2.526
INTERNACIONAL DE URUGUAIANA;4322400;8.172;2.943
TRAMANDAI - OSORIO;4310330;7.729;2.783
TRAMANDAI - OSORIO;4313508;7.729;2.783
TRAMANDAI - OSORIO;4321600;7.729;2.783
TAQUARA - PAROBE - IGREJINHA;4310108;8.641;3.112
TAQUARA - PAROBE - IGREJINHA;4314050;8.641;3.112
TAQUARA - PAROBE - IGREJINHA;4321204;8.641;3.112
TAQUARA - PAROBE - IGREJINHA;4321709;8.641;3.112
INTERNACIONAL DE SANT'ANA DO LIVRAMENTO;4317103;9.242;3.328
SANTA MARIA;4310538;5.119;1.843
SANTA MARIA;4316907;5.119;1.843
SANTA CRUZ DO SUL;4316808;4.989;1.797
SANTA CRUZ DO SUL;4322707;4.989;1.797
PELOTAS;4301073;6.35;2.287
PELOTAS;4304663;6.35;2.287
PELOTAS;4314407;6.35;2.287
LAJEADO;4301008;6.996;2.519
LAJEADO;4302402;6.996;2.519
LAJEADO;4306205;6.996;2.519
LAJEADO;4307807;6.996;2.519
LAJEADO;4308078;6.996;2.519
LAJEADO;4308433;6.996;2.519
LAJEADO;4311403;6.996;2.519
LAJEADO;4316758;6.996;2.519
CAXIAS DO SUL;4305108;4.686;1.688
CAXIAS DO SUL;4307906;4.686;1.688
CAXIAS DO SUL;4322541;4.686;1.688
BENTO GONCALVES;4302105;5.372;1.934
BENTO GONCALVES;4304804;5.372;1.934
BENTO GONCALVES;4308607;5.372;1.934
BENTO GONCALVES;4312385;5.372;1.934
BENTO GONCALVES;4314548;5.372;1.934
BAGE;4300034;6.134;2.209
BAGE;4301602;6.134;2.209
BAGE;4304358;6.134;2.209
BAGE;4309654;6.134;2.209
TUBARAO - LAGUNA;4203956;6.79;2.734
TUBARAO - LAGUNA;4206207;6.79;2.734
TUBARAO - LAGUNA;4209409;6.79;2.734
TUBARAO - LAGUNA;4212650;6.79;2.734
TUBARAO - LAGUNA;4218707;6.79;2.734
SAO BENTO DO SUL - RIO NEGRINHO;4215000;7.139;2.874
SAO BENTO DO SUL - RIO NEGRINHO;4215802;7.139;2.874
JOINVILLE;4201307;4.511;1.816
JOINVILLE;4209102;4.511;1.816
JARAGUA DO SUL;4204509;5.241;2.11
JARAGUA DO SUL;4206504;5.241;2.11
JARAGUA DO SUL;4208906;5.241;2.11
JARAGUA DO SUL;4217402;5.241;2.11
ITAJAI - BALNEARIO CAMBORIU;4202008;6.57;2.645
ITAJAI - BALNEARIO CAMBORIU;4202107;6.57;2.645
ITAJAI - BALNEARIO CAMBORIU;4203204;6.57;2.645
ITAJAI - BALNEARIO CAMBORIU;4208203;6.57;2.645
ITAJAI - BALNEARIO CAMBORIU;4211306;6.57;2.645
ITAJAI - BALNEARIO CAMBORIU;4212502;6.57;2.645
ITAJAI - BALNEARIO CAMBORIU;4212809;6.57;2.645
CRICIUMA;4204251;6.695;2.695
CRICIUMA;4204608;6.695;2.695
CRICIUMA;4205456;6.695;2.695
CRICIUMA;4207007;6.695;2.695
CRICIUMA;4211207;6.695;2.695
CRICIUMA;4211256;6.695;2.695
CRICIUMA;4211603;6.695;2.695
CRICIUMA;4217600;6.695;2.695
CRICIUMA;4218350;6.695;2.695
CRICIUMA;4219002;6.695;2.695
CRICIUMA;4220000;6.695;2.695
CHAPECO;4204202;7.312;2.944
CHAPECO;4204350;7.312;2.944
CHAPECO;4206652;7.312;2.944
BRUSQUE;4202701;6.549;2.636
BRUSQUE;4202909;6.549;2.636
BRUSQUE;4206306;6.549;2.636
BLUMENAU;4202404;5.908;2.378
BLUMENAU;4205902;5.908;2.378
BLUMENAU;4207106;5.908;2.378
BLUMENAU;4207502;5.908;2.378
UMUARAMA;4114708;7.99;2.904
UMUARAMA;4128104;7.99;2.904
TOLEDO;4117453;7.849;2.852
TOLEDO;4127700;7.849;2.852
PONTA GROSSA;4104659;6.521;2.37
PONTA GROSSA;4119905;6.521;2.37
MARINGA;4107900;7.071;2.57
MARINGA;4110003;7.071;2.57
MARINGA;4111100;7.071;2.57
MARINGA;4114104;7.071;2.57
MARINGA;4114807;7.071;2.57
MARINGA;4115200;7.071;2.57
MARINGA;4117404;7.071;2.57
MARINGA;4117503;7.071;2.57
MARINGA;4120408;7.071;2.57
MARINGA;4126256;7.071;2.57
LONDRINA;4103701;6.518;2.369
LONDRINA;4109807;6.518;2.369
LONDRINA;4112702;6.518;2.369
LONDRINA;4113700;6.518;2.369
INTERNACIONAL DE FOZ DO IGUACU;4108304;6.732;2.447
INTERNACIONAL DE FOZ DO IGUACU;4124053;6.732;2.447
CASCAVEL;4104808;7.225;2.626
CASCAVEL;4124020;7.225;2.626
SAO ROQUE - MAIRINQUE;3528403;5.685;1.872
SAO ROQUE - MAIRINQUE;3550605;5.685;1.872
JI-PARANA;1100122;6.009;2.246
SAO JOSE DO RIO PRETO;3504602;6.674;2.198
SAO JOSE DO RIO PRETO;3504800;6.674;2.198
SAO JOSE DO RIO PRETO;3511300;6.674;2.198
SAO JOSE DO RIO PRETO;3517505;6.674;2.198
SAO JOSE DO RIO PRETO;3521150;6.674;2.198
SAO JOSE DO RIO PRETO;3524501;6.674;2.198
SAO JOSE DO RIO PRETO;3530300;6.674;2.198
SAO JOSE DO RIO PRETO;3530409;6.674;2.198
SAO JOSE DO RIO PRETO;3532504;6.674;2.198
SAO JOSE DO RIO PRETO;3532801;6.674;2.198
SAO JOSE DO RIO PRETO;3549805;6.674;2.198
SAO JOSE DO RIO PRETO;3555604;6.674;2.198
SAO CARLOS;3519303;4.872;1.604
SAO CARLOS;3548906;4.872;1.604
RIO CLARO;3521101;5.052;1.663
RIO CLARO;3543907;5.052;1.663
RIO CLARO;3546702;5.052;1.663
RIBEIRAO PRETO;3507803;5.919;1.949
RIBEIRAO PRETO;3513108;5.919;1.949
RIBEIRAO PRETO;3525102;5.919;1.949
RIBEIRAO PRETO;3543402;5.919;1.949
RIBEIRAO PRETO;3546256;5.919;1.949
RIBEIRAO PRETO;3551405;5.919;1.949
RIBEIRAO PRETO;3551504;5.919;1.949
PIRACICABA;3511706;4.62;1.521
PIRACICABA;3538709;4.62;1.521
PIRACICABA;3544004;4.62;1.521
PIRACICABA;3545159;4.62;1.521
OURINHOS;3510153;7.478;2.462
OURINHOS;3534708;7.478;2.462
MOGI GUACU - MOGI MIRIM;3530706;5.424;1.786
MOGI GUACU - MOGI MIRIM;3530805;5.424;1.786
MOGI GUACU - MOGI MIRIM;3557303;5.424;1.786
MARILIA;3529005;6.469;2.13
MARILIA;3534104;6.469;2.13
MARILIA;3556602;6.469;2.13
LIMEIRA;3521408;5.774;1.901
LIMEIRA;3526902;5.774;1.901
JUNDIAI;3508405;5.226;1.721
JUNDIAI;3509601;5.226;1.721
JUNDIAI;3524006;5.226;1.721
JUNDIAI;3525201;5.226;1.721
JUNDIAI;3525904;5.226;1.721
JUNDIAI;3527306;5.226;1.721
JUNDIAI;3556503;5.226;1.721
ITU - SALTO;3523909;5.713;1.881
ITU - SALTO;3545209;5.713;1.881
ITAPETININGA;3500758;7.962;2.622
ITAPETININGA;3522307;7.962;2.622
GUARATINGUETA;3502507;6.073;2.0
GUARATINGUETA;3518404;6.073;2.0
GUARATINGUETA;3540754;6.073;2.0
GUARATINGUETA;3544301;6.073;2.0
FRANCA;3116407;6.283;2.172
FRANCA;3513207;7.545;2.484
FRANCA;3516200;7.545;2.484
FRANCA;3523701;7.545;2.484
FRANCA;3536307;7.545;2.484
FRANCA;3542701;7.545;2.484
FRANCA;3543105;7.545;2.484
CATANDUVA;3511102;6.994;2.303
CATANDUVA;3511201;6.994;2.303
CATANDUVA;3514924;6.994;2.303
CATANDUVA;3514957;6.994;2.303
CATANDUVA;3528858;6.994;2.303
CATANDUVA;3533254;6.994;2.303
CATANDUVA;3538105;6.994;2.303
CARAGUATATUBA - UBATUBA - SAO SEBASTIAO;3510500;7.381;2.431
CARAGUATATUBA - UBATUBA - SAO SEBASTIAO;3520400;7.381;2.431
CARAGUATATUBA - UBATUBA - SAO SEBASTIAO;3550704;7.381;2.431
CARAGUATATUBA - UBATUBA - SAO SEBASTIAO;3555406;7.381;2.431
BIRIGUI;3506508;9.222;3.037
BIRIGUI;3507704;9.222;3.037
BIRIGUI;3507753;9.222;3.037
BIRIGUI;3512506;9.222;3.037
BAURU;3506003;6.373;2.099
BAURU;3539400;6.373;2.099
ATIBAIA;3504107;6.588;2.169
ATIBAIA;3507100;6.588;2.169
ARARAQUARA;3501707;5.576;1.836
ARARAQUARA;3503208;5.576;1.836
ARARAQUARA;3516853;5.576;1.836
ARARAQUARA;3543709;5.576;1.836
ARARAQUARA;3546900;5.576;1.836
AMERICANA - SANTA BARBARA D'OESTE;3501608;5.915;1.948
AMERICANA - SANTA BARBARA D'OESTE;3533403;5.915;1.948
AMERICANA - SANTA BARBARA D'OESTE;3545803;5.915;1.948
VOLTA REDONDA - BARRA MANSA;3300407;2.731;2.09
VOLTA REDONDA - BARRA MANSA;3303955;2.731;2.09
VOLTA REDONDA - BARRA MANSA;3306305;2.731;2.09
TRES RIOS - PARAIBA DO SUL;3116209;8.537;2.952
TRES RIOS - PARAIBA DO SUL;3158607;8.537;2.952
TRES RIOS - PARAIBA DO SUL;3300951;4.534;3.469
TRES RIOS - PARAIBA DO SUL;3303708;4.534;3.469
TRES RIOS - PARAIBA DO SUL;3306008;4.534;3.469
RESENDE;3302254;2.308;1.766
RESENDE;3304110;2.308;1.766
RESENDE;3304128;2.308;1.766
RESENDE;3304201;2.308;1.766
PETROPOLIS;3300225;3.515;2.69
PETROPOLIS;3303906;3.515;2.69
MACAE - RIO DAS OSTRAS;3300936;1.065;0.815
MACAE - RIO DAS OSTRAS;3301306;1.065;0.815
MACAE - RIO DAS OSTRAS;3301405;1.065;0.815
MACAE - RIO DAS OSTRAS;3302403;1.065;0.815
MACAE - RIO DAS OSTRAS;3304524;1.065;0.815
CAMPOS DOS GOYTACAZES;3301009;3.782;2.894
CAMPOS DOS GOYTACAZES;3305000;3.782;2.894
CABO FRIO;3300233;4.167;3.188
CABO FRIO;3300258;4.167;3.188
CABO FRIO;3300704;4.167;3.188
CABO FRIO;3305208;4.167;3.188
ARARUAMA;3300209;4.101;3.137
ARARUAMA;3301876;4.101;3.137
UBA;3156304;8.492;2.936
UBA;3169901;8.492;2.936
SETE LAGOAS;3131000;6.144;2.124
SETE LAGOAS;3153608;6.144;2.124
SETE LAGOAS;3167202;6.144;2.124
SAO JOAO DEL REI;3119708;6.234;2.155
SAO JOAO DEL REI;3157336;6.234;2.155
SAO JOAO DEL REI;3162500;6.234;2.155
SAO JOAO DEL REI;3168804;6.234;2.155
PASSOS;3126307;7.579;2.62
PASSOS;3147907;7.579;2.62
LAVRAS;3130408;5.479;1.894
LAVRAS;3134301;5.479;1.894
LAVRAS;3138203;5.479;1.894
LAVRAS;3154705;5.479;1.894
JUIZ DE FORA;3115904;6.055;2.094
JUIZ DE FORA;3125002;6.055;2.094
JUIZ DE FORA;3136702;6.055;2.094
JUIZ DE FORA;3140803;6.055;2.094
JUIZ DE FORA;3167509;6.055;2.094
ITAJUBA;3132404;5.792;2.002
ITAJUBA;3150901;5.792;2.002
ITAJUBA;3151008;5.792;2.002
ITAJUBA;3163201;5.792;2.002
ITAJUBA;3172202;5.792;2.002
IPATINGA;3106309;5.066;1.751
IPATINGA;3109253;5.066;1.751
IPATINGA;3119401;5.066;1.751
IPATINGA;3131158;5.066;1.751
IPATINGA;3131307;5.066;1.751
IPATINGA;3135001;5.066;1.751
IPATINGA;3140308;5.066;1.751
IPATINGA;3144359;5.066;1.751
IPATINGA;3158953;5.066;1.751
IPATINGA;3168705;5.066;1.751
CONSELHEIRO LAFAIETE;3118007;4.302;1.487
CONSELHEIRO LAFAIETE;3118304;4.302;1.487
CONSELHEIRO LAFAIETE;3135407;4.302;1.487
CONSELHEIRO LAFAIETE;3145901;4.302;1.487
CONSELHEIRO LAFAIETE;3153806;4.302;1.487
CONSELHEIRO LAFAIETE;3160900;4.302;1.487
BARBACENA;3101631;7.587;2.623
BARBACENA;3102902;7.587;2.623
BARBACENA;3105608;7.587;2.623
PETROLINA;2611101;7.116;2.291
PETROLINA;2918407;6.781;3.113
PATOS;2510808;8.301;2.153
PATOS;2512606;8.301;2.153
CAMPINA GRANDE;2504009;6.218;1.613
CAMPINA GRANDE;2508307;6.218;1.613
CAMPINA GRANDE;2509206;6.218;1.613
CAMPINA GRANDE;2512408;6.218;1.613
CAMPINA GRANDE;2512507;6.218;1.613
SOBRAL;2304350;7.838;2.93
SOBRAL;2312908;7.838;2.93
JUAZEIRO DO NORTE;2301901;8.526;3.187
JUAZEIRO DO NORTE;2304202;8.526;3.187
JUAZEIRO DO NORTE;2307304;8.526;3.187
IMPERATRIZ;2103752;6.639;3.362
IMPERATRIZ;2105302;6.639;3.362
MACAPA;1600303;5.113;3.754
MACAPA;1600600;5.113;3.754
PORTO VELHO;1100205;4.014;1.5
PORTO VELHO;1100809;4.014;1.5
RIO VERDE;5218805;5.852;2.433
FORMOSA;5208004;7.181;2.986
ANAPOLIS;5201108;5.532;2.3
SINOP;5107909;6.696;3.001
RONDONOPOLIS;5107602;5.696;2.552
TRES LAGOAS;5008305;5.611;2.802
DOURADOS;5003702;6.009;3.001
RIO GRANDE;4315602;4.894;1.762
PASSO FUNDO;4314100;6.103;2.198
LAGES;4209300;7.826;3.151
PARANAGUA;4118204;5.458;1.984
GUARAPUAVA;4109401;7.118;2.587
ARAPONGAS;4101507;7.665;2.786
APUCARANA;4101408;8.777;3.19
TATUI;3554003;6.722;2.213
SERTAOZINHO;3551702;4.533;1.493
JAU;3525300;6.821;2.246
ITATIBA;3523404;5.685;1.872
INDAIATUBA;3520509;4.902;1.614
BRAGANCA PAULISTA;3507605;6.07;1.999
BOTUCATU;3507506;4.762;1.568
BARRETOS;3505500;7.063;2.326
ARARAS;3503307;5.967;1.965
ARACATUBA;3502804;6.634;2.184
TERESOPOLIS;3305802;3.884;2.972
NOVA FRIBURGO;3303401;4.358;3.334
ANGRA DOS REIS;3300100;1.859;1.423
SAO MATEUS;3204906;5.45;2.285
LINHARES;3203205;7.094;2.975
GUARAPARI;3202405;8.679;3.64
COLATINA;3201506;7.494;3.143
CACHOEIRO DE ITAPEMIRIM;3201209;7.013;2.941
VARGINHA;3170701;6.516;2.253
UBERLANDIA;3170206;5.442;1.882
UBERABA;3170107;5.399;1.867
TEOFILO OTONI;3168606;8.791;3.039
POUSO ALEGRE;3152501;5.83;2.016
POCOS DE CALDAS;3151800;5.812;2.01
PATOS DE MINAS;3148004;7.471;2.583
MURIAE;3143906;8.633;2.985
MONTES CLAROS;3143302;6.975;2.412
ITABIRA;3131703;4.009;1.386
GOVERNADOR VALADARES;3127701;7.738;2.675
DIVINOPOLIS;3122306;7.263;2.511
ARAGUARI;3103504;7.053;2.439
VITORIA DA CONQUISTA;2933307;7.12;3.268
TEIXEIRA DE FREITAS;2931350;4.363;2.003
PORTO SEGURO;2925303;8.847;4.061
PAULO AFONSO;2924009;4.633;2.126
JEQUIE;2918001;8.917;4.093
ITABUNA;2914802;6.67;3.061
ILHEUS;2913606;6.398;2.937
FEIRA DE SANTANA;2910800;7.012;3.218
EUNAPOLIS;2910727;5.534;2.54
BARREIRAS;2903201;6.973;3.2
ALAGOINHAS;2900702;8.18;3.755
ARAPIRACA;2700300;4.878;1.653
VITORIA DE SANTO ANTAO;2616407;8.995;2.895
GARANHUNS;2606002;8.364;2.692
CARUARU;2604106;8.749;2.816
MOSSORO;2408003;4.929;1.895
ITAPIPOCA;2306405;13.674;5.111
PARNAIBA;2207702;8.676;2.745
CODO;2103307;6.296;3.188
CAXIAS;2103000;6.682;3.384
BACABAL;2101202;6.984;3.536
ACAILANDIA;2100055;3.795;1.922
PALMAS;1721000;3.564;1.678
ARAGUAINA;1702109;5.901;2.778
SANTAREM;1506807;6.236;2.636
PARAUAPEBAS;1505536;4.062;1.717
MARABA;1504208;5.601;2.368
CASTANHAL;1502400;8.084;3.417
CAMETA;1502103;4.062;1.717
BRAGANCA;1501709;4.062;1.717
ABAETETUBA;1500107;7.53;3.183
BOA VISTA;1400100;3.91;2.385
PARINTINS;1303403;6.515;2.826
RIO BRANCO;1200401;5.079;1.937
PRESIDENTE PRUDENTE;3500808;6.874;2.263
PRESIDENTE PRUDENTE;3501301;6.874;2.263
PRESIDENTE PRUDENTE;3502408;6.874;2.263
PRESIDENTE PRUDENTE;3508900;6.874;2.263
PRESIDENTE PRUDENTE;3515129;6.874;2.263
PRESIDENTE PRUDENTE;3515301;6.874;2.263
PRESIDENTE PRUDENTE;3520608;6.874;2.263
PRESIDENTE PRUDENTE;3532207;6.874;2.263
PRESIDENTE PRUDENTE;3539202;6.874;2.263
PRESIDENTE PRUDENTE;3541208;6.874;2.263
PRESIDENTE PRUDENTE;3541406;6.874;2.263
PRESIDENTE PRUDENTE;3542404;6.874;2.263
PRESIDENTE PRUDENTE;3548302;6.874;2.263
PRESIDENTE PRUDENTE;3552908;6.874;2.263
PRESIDENTE PRUDENTE;3553906;6.874;2.263
