region;flow;rate;persons
all;e_u;0.009110;16608045.000000
all;ee_u;0.009469;12751439.000000
all;u_e;0.167836;1210298.000000
all;u_ee;0.135228;1210298.000000
all;u_oa;0.030636;1210298.000000
all;e_n;0.032555;16608045.000000
all;u_n;0.285643;1210298.000000
all;u;0.067924;17818344.000000
26;e_u;0.023257;1028502.000000
26;ee_u;0.021276;762475.000000
26;u_e;0.268511;100231.000000
26;u_ee;0.193075;100231.000000
26;u_oa;0.069381;100231.000000
26;e_n;0.111497;1028502.000000
26;u_n;0.472939;100231.000000
26;u;0.088800;1128733.000000
29;e_u;0.011029;1301359.000000
29;ee_u;0.011216;973236.000000
29;u_e;0.107901;161529.000000
29;u_ee;0.082279;161529.000000
29;u_oa;0.023818;161529.000000
29;e_n;0.025505;1301359.000000
29;u_n;0.225083;161529.000000
29;u;0.110418;1462887.000000
31;e_u;0.012660;1814998.000000
31;ee_u;0.013019;1430707.000000
31;u_e;0.313649;103129.000000
31;u_ee;0.262413;103129.000000
31;u_oa;0.048284;103129.000000
31;e_n;0.052784;1814998.000000
31;u_n;0.324378;103129.000000
31;u;0.053765;1918127.000000
33;e_u;0.003347;4096597.000000
33;ee_u;0.003665;3039216.000000
33;u_e;0.090909;251235.000000
33;u_ee;0.069230;251235.000000
33;u_oa;0.020608;251235.000000
33;e_n;0.014497;4096597.000000
33;u_n;0.251603;251235.000000
33;u;0.057784;4347832.000000
35;e_u;0.009093;6993587.000000
35;ee_u;0.009851;5484233.000000
35;u_e;0.161889;528879.000000
35;u_ee;0.135403;528879.000000
35;u_oa;0.024984;528879.000000
35;e_n;0.024982;6993587.000000
35;u_n;0.274314;528879.000000
35;u;0.070307;7522465.000000
43;e_u;0.009283;1373003.000000
43;ee_u;0.009241;1061572.000000
43;u_e;0.275415;65296.000000
43;u_ee;0.229058;65296.000000
43;u_oa;0.044514;65296.000000
43;e_n;0.045817;1373003.000000
43;u_n;0.309515;65296.000000
43;u;0.045398;1438299.000000
