cod_mun;pop;va_market
1100122;116610;1064497848
1100205;428527;5591826650
1100809;19779;127265401
1200401;336038;2944324224
1302603;1802014;32245943061
1303403;102033;276795088
1400100;284313;2436558583
1500107;141100;276255858
1500800;471980;2584158825
1501402;1393399;12302282536
1501501;51651;346192559
1501709;113227;262790529
1502103;120896;223908913
1502400;173149;1107137757
1504208;233669;2187874115
1504422;108246;409157340
1505536;153908;12925425155
1506807;294580;1453438162
1600303;398204;2578154800
1600600;101262;413255484
1702109;150484;1165416226
1721000;228332;2477482926
2100055;104047;682718864
2101202;100014;375826616
2103000;155129;596988631
2103307;118038;338641534
2103752;12579;29359458
2105302;247505;2010959729
2107506;105121;202577177
2109452;26327;41855987
2111201;163045;428946608
2111300;1014837;11695230705
2112209;155460;536029421
2207702;145705;528107733
2211001;814230;6552065617
2301000;72628;446874401
2301901;55323;278762596
2303709;325441;1636864084
2304202;121428;617200220
2304285;46033;878647659
2304350;21786;39709038
2304400;2452185;24245434631
2306256;35817;98812211
2306405;116065;384450662
2307304;249939;1317632998
2307650;209057;2889985302
2307700;113561;457841150
2309706;72299;314253863
2312908;188233;1634019309
2403251;202456;1701374959
2403608;24569;67333899
2407104;69467;623867633
2408003;259815;2950669006
2408102;803739;8079353745
2412005;87668;803890519
2501807;99716;391998062
2503209;57944;984860455
2504009;385213;3013933762
2504603;21400;184326753
2507507;723515;6645925073
2508307;25900;56177740
2508604;11730;35986089
2509206;12902;19981397
2510808;100674;446940559
2512408;12923;21199421
2512507;41049;89715093
2512606;1699;2570176
2513703;120310;695548900
2600054;94429;486003428
2601052;18156;21111513
2602902;185025;2659259441
2603454;144466;390102150
2604106;314912;1995313012
2606002;129408;680853764
2606804;102021;777114831
2607208;80637;3485919943
2607604;21884;47754885
2607752;23769;285957457
2607901;644620;4316823592
2609402;56696;171180429
2609600;377779;2031715078
2610608;51357;162347941
2610707;300466;1153442614
2611101;293962;2155786791
2611606;1537704;21390866282
2613701;102895;259231614
2616407;129974;846675431
2700300;214006;1125965475
2700508;14230;36199062
2702207;5526;10631430
2704302;932748;7850502952
2704708;45977;620859730
2705200;15682;44435226
2706448;11347;42609096
2707701;68481;277056093
2707909;6891;23913693
2708907;14603;37785938
2800308;571149;6019075818
2800605;24976;178368040
2801504;13503;416918619
2802007;4326;135864072
2802502;2929;5028881
2803609;26902;439568069
2804003;16343;91829417
2804805;160827;1088434198
2805901;9355;65820431
2806107;9221;479854400
2806701;78864;287446456
2807204;8004;95672899
2900702;141949;1200107259
2903201;137427;1348164260
2905701;242970;8015517134
2906501;83158;1481973822
2910057;66440;1603358451
2910727;100196;937517015
2910800;556642;4712416820
2913606;184236;1625146039
2914802;204667;1610674752
2918001;151895;749096650
2918407;197965;1085577642
2919207;163449;2489853484
2919926;17376;215519590
2921005;40183;408319042
2924009;108396;1669690017
2925303;126929;762562886
2927408;2675656;27907700731
2929206;33183;3525723233
2929503;42153;327510751
2930709;118047;2113508483
2931350;138341;841145384
2933307;306866;2244948154
3101631;6075;24284357
3102902;11114;64116648
3103504;109801;1565850737
3105608;126284;999284616
3106200;2375151;39754577258
3106309;23397;976615229
3106705;378089;14815716207
3109006;33973;1029698064
3109253;3992;7163142
3110004;40750;184993766
3115904;2792;13120948
3116209;2785;7437741
3116407;4542;32874871
3117876;5936;463329509
3118007;48519;1479077390
3118304;116512;701584645
3118601;603442;13158084085
3119401;103694;572675273
3119708;3301;16877429
3122306;213016;2255588647
3124104;60271;165401158
3125002;3753;9939041
3126307;4098;215151646
3127701;263689;2246974570
3129806;158954;816984279
3130101;34851;364908806
3130408;5859;217277750
3131000;5760;35899994
3131158;16708;24291607
3131307;239468;5164794080
3131703;109783;3295533883
3132404;90658;1359323138
3134301;6139;15681155
3135001;2990;22434664
3135407;5395;67265023
3136652;22202;516734976
3136702;516247;6362683701
3137601;52520;646894997
3138203;92200;993022305
3140159;13192;36868794
3140308;4012;8645797
3140803;13435;256562655
3143302;361915;3233216177
3143906;100765;802609056
3144359;6341;15246146
3144805;80998;4345792449
3145901;35268;1373170007
3147907;106290;957175781
3148004;138710;1354241693
3149309;58740;762900924
3150901;5217;17906949
3151008;8016;26093268
3151800;152435;2494528921
3152501;130615;2080115226
3153608;9573;36740104
3153806;1861;7117829
3153905;15342;27838740
3154606;296317;875308062
3154705;3826;34395589
3154804;9090;112736113
3156304;6867;191895903
3156700;126269;870523873
3157336;7865;22224410
3157807;202942;1373856958
3158607;3860;9184120
3158953;27265;171751378
3160900;3513;24652302
3162500;84469;673110611
3162922;25537;245770816
3162955;19799;215484246
3163201;3996;11986300
3165537;25814;265537427
3167202;214152;3840538076
3167509;2537;17205498
3168606;134745;955106771
3168705;81243;1361251676
3168804;6961;61036243
3169901;101519;1464221845
3170107;295988;5212994849
3170206;604013;12472772389
3170701;123081;2173300420
3171204;104527;968434348
3172202;2553;7066172
3201209;189889;2004351223
3201308;348738;2714802793
3201506;111788;1155754503
3202207;17025;261223591
3202405;105286;777308773
3203205;141306;2154682050
3204906;109028;736676248
3205002;409267;7814938278
3205101;65001;439810042
3205200;414586;4588659582
3205309;327801;12429760004
3300100;169511;4085995323
3300209;112008;734715990
3300225;11423;183662458
3300233;27560;1490710246
3300258;27715;204676094
3300407;177813;2086230723
3300456;469332;1948158076
3300704;186227;7392031946
3300936;13359;459444338
3300951;8180;134505576
3301009;463731;32283243238
3301306;35347;1653948142
3301405;21211;65834932
3301702;855048;14519974681
3301850;51483;318802422
3301876;22851;87165761
3301900;218008;1194786559
3302007;109091;3196989927
3302254;28783;926255729
3302270;95492;240274301
3302403;206728;9368761932
3302502;227322;1181081069
3302601;36456;1309987721
3302700;127461;1141072056
3302858;168376;614014688
3303203;157425;881175241
3303302;487562;8020490733
3303401;182082;1699473608
3303500;796257;5489305990
3303609;47124;202241858
3303708;41084;295944531
3303906;295917;4656710339
3303955;22719;81342990
3304110;16592;2818230628
3304128;12793;176945200
3304144;137962;1032746749
3304201;119769;3944171633
3304524;105676;7421958727
3304557;6320446;121079882855
3304904;999728;5123480948
3305000;32747;5258280155
3305109;458673;2457846818
3305208;87875;437309649
3305505;74234;951253319
3305554;78186;394351640
3305752;30732;166754216
3305802;163746;1703132212
3306008;77432;1089806288
3306305;257803;6307945115
3500758;4884;42883695
3500808;3891;22031375
3501152;16839;972292331
3501301;23513;141428557
3501608;210638;4928021599
3501707;34478;301792678
3502408;3738;26443087
3502507;35007;340845578
3502804;181579;2925890733
3502903;27299;202214670
3503208;208662;3864601304
3503307;118843;2259888889
3503901;74905;1321257164
3504107;126603;2519413227
3504602;14603;155000827
3504800;8160;77116156
3505500;112101;1792852743
3505708;240749;19153756439
3506003;343937;5899196501
3506508;108728;1205454240
3506607;28575;225246565
3507100;19708;152703437
3507506;127328;2166462628
3507605;146744;2234325787
3507704;5021;33341599
3507753;2573;99140280
3507803;21107;180922810
3508405;41604;898591899
3508504;84752;1910054038
3508900;4072;37079955
3509007;86529;1414115194
3509205;64114;3651395415
3509502;1080113;25450807307
3509601;74074;781819269
3510153;4369;74584043
3510500;100840;1075793573
3510609;369584;1825362388
3511102;112820;1704998218
3511201;7127;57680332
3511300;7972;91409814
3511706;15085;189480699
3512506;5238;68812022
3512803;58827;560748787
3513009;201150;4519188703
3513108;31691;422029971
3513207;7588;95104669
3513504;118720;6679532209
3513801;386089;7081732130
3514924;3120;26775688
3514957;2423;22245254
3515004;240230;2885196582
3515103;62769;361230264
3515129;3020;22668481
3515301;2658;23600125
3515707;168306;1415242592
3516200;318640;3425688466
3516309;154472;449296856
3516408;131604;1052884930
3516853;4419;38158414
3517505;17869;159546667
3518404;112072;2004547883
3518701;290752;2811868626
3518800;1221979;24201225972
3519071;192692;6037783908
3519303;30734;292932096
3520400;28196;238772614
3520509;201619;5037886655
3520608;4825;22579667
3521101;6016;144405648
3521150;4463;34192585
3521408;20029;250101871
3522109;87057;523009069
3522208;152614;1560293502
3522307;144377;1823703918
3522505;200769;3532105172
3523107;321770;1942482119
3523404;101471;2323894065
3523701;5914;26297178
3523909;154147;3141055973
3524006;44859;1539820908
3524402;211214;4455546940
3524501;5657;181582573
3524907;5349;132986671
3525003;108344;1279006950
3525102;37661;347756778
3525201;23847;333876377
3525300;131040;1774852448
3525904;370126;16210960183
3526902;276022;5336774744
3527306;37125;4275050076
3528403;43223;751845361
3528502;80956;708108868
3528858;2633;68454953
3529005;216745;3120240810
3529401;417064;6287082826
3530300;53792;660205355
3530409;4295;34783472
3530607;387779;6512410048
3530706;137245;2475350478
3530805;86505;1864517697
3531100;46293;254191858
3531704;4120;23256649
3531803;48949;1251359432
3532207;4288;98103510
3532504;8772;100990880
3532801;5891;44718888
3533254;4592;25348316
3533403;51242;1095353555
3534104;6097;37276615
3534401;666740;30102217790
3534708;103035;1226176058
3536307;13000;270780187
3536505;82146;10188107040
3538006;146995;2496840811
3538105;15039;130940318
3538709;364571;8647011012
3539103;15733;270068767
3539202;24694;306333987
3539400;12072;63233036
3539806;106013;1910073070
3540754;19397;49538421
3541000;262051;2103486972
3541208;13570;86647376
3541406;207610;3238490657
3542305;3873;17524504
3542404;18494;259969316
3542701;6587;76095698
3543105;4273;48479900
3543303;113068;1222228354
3543402;604682;13149603230
3543709;10414;83009616
3543907;186253;3945713195
3544004;29501;498542552
3544103;43974;227612830
3544301;9599;113601599
3545001;15635;74364726
3545159;7059;75905382
3545209;105516;2225595708
3545308;40132;649137104
3545803;180009;2298970789
3546009;13763;144007796
3546256;1953;17380407
3546702;21634;655287038
3546801;50453;634852508
3546900;8248;49998805
3547304;108813;3217013918
3547809;676407;13075508571
3548302;2803;11223223
3548500;419400;9090977200
3548708;765463;27729703354
3548807;149263;7585022620
3548906;221950;4795255151
3549805;408258;6999297994
3549904;629921;18350737750
3549953;13973;143600882
3550308;11253503;306571008481
3550605;78821;958720967
3550704;73942;1484749721
3551009;332445;2083607983
3551405;11256;49307322
3551504;38878;262607463
3551702;110074;2645534918
3552205;586625;13159799651
3552403;241311;5792034843
3552502;262480;4424332351
3552809;244528;3675658928
3552908;5714;36362191
3553906;6607;35863743
3554003;107326;1574883510
3554102;278686;8332896715
3554805;40984;248094487
3555406;78801;589820051
3555604;9471;132140217
3556206;106793;2634893520
3556453;42997;599771780
3556503;107089;1212097184
3556602;10769;55272378
3556701;63611;3046279373
3557006;108809;1342946875
3557303;10044;129324442
4100400;103204;405312951
4101408;120919;1206350539
4101507;104150;1916511198
4101804;119123;6243776810
4102307;11300;281436993
4103107;10987;70862907
4103701;96733;1190376659
4104006;38769;438427984
4104204;112377;1136047706
4104253;24843;124845666
4104659;19163;491603258
4104808;286205;3714530575
4105805;212967;1512874842
4106209;15891;101752145
4106902;1751907;38387504623
4107652;81675;421372020
4107900;5931;49160507
4108304;256088;4788227043
4109401;167328;1734223548
4109807;48198;808510673
4110003;3982;62270580
4111100;5979;57635925
4111258;23887;194877524
4112702;11875;70660809
4113700;506701;7081630628
4114104;19781;158742807
4114302;22220;246258388
4114708;5956;26739437
4114807;31959;324870792
4115200;357077;5965217218
4117404;3380;35593675
4117453;5692;53352903
4117503;35936;132527193
4118204;140469;2752377570
4119152;117008;2526727716
4119509;93207;311607560
4119905;311611;4720887706
4120408;4784;38236353
4120804;19851;457843869
4122206;30650;594190076
4124020;10332;114314832
4124053;20841;156724548
4125506;264210;10840207640
4126256;82847;449333106
4127700;119313;1735953614
4128104;100676;1023281686
4200606;5548;73061513
4201208;7458;236988173
4201307;24810;342888306
4202008;108089;1867796575
4202107;22386;238095632
4202305;58206;693020412
4202404;309011;6919470284
4202701;4468;69422847
4202909;105503;2356355678
4203204;62361;346072026
4203956;21674;539643618
4204202;183530;3217731682
4204251;15159;232348081
4204350;3767;133434367
4204509;13852;198204434
4204608;192308;2663886845
4205407;421240;6834721540
4205456;22548;300660749
4205902;57981;951842393
4206009;12999;76409267
4206207;10635;72852165
4206306;18430;357512753
4206504;35172;700102897
4206652;4679;127760223
4207007;58833;722870161
4207106;12355;118354974
4207502;54854;971106026
4208203;183373;5042429776
4208906;143123;3952384233
4209102;515288;12773970555
4209300;156727;1849125641
4209409;51562;291760291
4211207;16126;243031168
4211256;2890;44107157
4211306;60556;914999881
4211603;13309;246956214
4211900;137334;1650607638
4212304;6692;93363728
4212502;25141;173512257
4212809;17078;189296726
4215000;39846;436223034
4215703;19823;319088802
4215802;74801;1297328970
4216602;209804;3257302062
4217253;4704;23584718
4217402;15316;176863636
4217600;12998;202690461
4218350;3527;110441442
4218707;97235;1371533287
4219002;20223;311398212
4300034;4394;76348547
4300604;195673;724260376
4300877;4864;46686395
4301008;18783;355779062
4301073;2730;14928046
4301602;116794;804582908
4302105;107278;2358216247
4302402;11472;98969902
4303103;118278;2081606037
4303905;60074;1182504816
4304358;8771;541141679
4304606;323827;8311663762
4304663;24298;162792013
4304689;11612;59106798
4304804;25192;668630928
4305108;435564;11265269983
4306205;12320;101977805
4306403;27572;676215485
4306767;34343;415349869
4307609;42574;621388990
4307708;80755;1385087431
4307807;30619;596853597
4307906;63635;1204605067
4308078;3697;80547286
4308433;2479;26395055
4308607;30689;675611004
4309050;6891;206181405
4309209;255660;4715075810
4309308;95204;1528134582
4309654;6043;42478593
4310108;31660;719952884
4310330;17670;151568790
4310538;5010;29848842
4310801;19874;355291490
4311403;71445;1461360757
4311627;5227;119196897
4312385;2670;54961528
4312476;5676;60913897
4313060;18346;407082893
4313375;22716;331135823
4313409;238940;3830220215
4313508;40906;506963594
4314050;51502;471032787
4314100;184826;2688489302
4314407;328275;2733949517
4314423;5182;164353512
4314803;30920;530593626
4314902;1409351;28656627909
4315149;2484;21253797
4315602;197228;2923144741
4316758;5697;62092951
4316808;118374;2524824554
4316907;261031;2675990960
4317103;82464;537716892
4318481;4094;55156376
4318705;214087;2901316370
4319505;21932;253766818
4319901;74985;1105724885
4320008;130957;1471209171
4321204;54643;511789471
4321600;41585;298907121
4321709;23848;514599808
4322400;125435;981686705
4322541;5118;36860638
4322707;23983;257622989
4323002;239384;1105609789
5002704;786797;9252076304
5003207;103703;1161403272
5003702;196035;2341675949
5005202;19617;61456751
5006606;77872;624078794
5008305;101791;2808548060
5103403;551098;7979671516
5107602;195476;3280759902
5107909;113099;1443613311
5108402;252596;2424732692
5200050;6876;34063895
5200258;159378;364238167
5201108;334613;6565887110
5201405;455657;3814140302
5201801;8365;30262101
5203559;7536;24549894
5203609;3232;25020247
5204557;3325;14038997
5205109;86647;3142888447
5205497;55915;180528583
5208004;100085;684891188
5208509;5265;37726124
5208707;1302001;19790745927
5208806;34060;201923758
5209200;13976;68693301
5209705;17398;170411008
5212501;174531;1422480048
5214507;24210;252420104
5215009;8129;48706467
5215231;95018;221604274
5215504;5467;164619049
5215603;27671;130669344
5217609;81649;255220472
5218805;176424;3204372386
5219738;4703;33952424
5219753;63248;141994068
5220454;84443;609870324
5221304;2819;15004173
5221403;104488;663531358
5221858;132982;661562038
5300108;2570160;61419154598
