cod_mun;pop_17_69;employed
1100122;78163;54248
1100205;289099;194849
1100809;12253;7953
1200401;214442;135285
1302603;1176207;727567
1303403;55109;32561
1400100;181438;121397
1500107;86307;49492
1500800;319191;194770
1501402;960376;578087
1501501;32699;19118
1501709;67360;38633
1502103;67775;41011
1502400;111709;65410
1504208;145058;88981
1504422;70852;38971
1505536;98353;61903
1506807;178239;108137
1600303;247308;157998
1600600;61031;34778
1702109;98930;66023
1721000;155022;115683
2100055;64374;37529
2101202;61743;36327
2103000;94758;53977
2103307;69349;38224
2103752;7278;4014
2105302;161389;105970
2107506;70430;41097
2109452;16227;8833
2111201;107083;61486
2111300;702941;430517
2112209;97645;58339
2207702;95526;55301
2211001;564252;358324
2301000;47605;27411
2301901;35232;20965
2303709;211152;126428
2304202;78887;47675
2304285;29683;19104
2304350;13804;8188
2304400;1700871;1095688
2306256;23224;10996
2306405;70155;40181
2307304;160389;97558
2307650;140059;82278
2307700;73600;40208
2309706;47156;26566
2312908;123784;75350
2403251;140891;89444
2403608;15457;8184
2407104;44425;25218
2408003;177927;106470
2408102;562375;353677
2412005;57240;32469
2501807;65861;36638
2503209;39516;22939
2504009;259200;154394
2504603;13605;7507
2507507;504602;313030
2508307;16469;10702
2508604;7332;3507
2509206;7890;4343
2510808;66296;40144
2512408;8062;5384
2512507;25858;15138
2512606;1079;605
2513703;78053;41100
2600054;64899;34213
2601052;11451;4811
2602902;125760;65799
2603454;100257;54117
2604106;210502;139794
2606002;83661;47444
2606804;68239;35091
2607208;51443;27533
2607604;15475;6789
2607752;15601;7759
2607901;444347;250741
2609402;38020;17704
2609600;262144;148225
2610608;33252;15646
2610707;210849;118641
2611101;190151;119891
2611606;1081761;644506
2613701;69174;34477
2616407;86792;46351
2700300;137620;81508
2700508;8556;3955
2702207;3474;1643
2704302;631804;379429
2704708;28805;15356
2705200;9259;3834
2706448;6995;3980
2707701;43404;21215
2707909;4222;1874
2708907;9696;4226
2800308;401097;247611
2800605;16358;8264
2801504;8434;4226
2802007;2644;1429
2802502;1863;902
2803609;17132;7298
2804003;10298;5202
2804805;104671;59942
2805901;5706;2954
2806107;5832;2972
2806701;51713;30632
2807204;4836;2308
2900702;96661;55904
2903201;91205;59500
2905701;166363;103138
2906501;57129;31198
2910057;44097;23838
2910727;64995;41977
2910800;381607;251643
2913606;121755;73583
2914802;140221;82222
2918001;100733;60981
2918407;127516;76653
2919207;114599;76381
2919926;12087;5915
2921005;26702;14711
2924009;71308;40563
2925303;80442;55579
2927408;1928073;1223103
2929206;21909;11547
2929503;28512;14781
2930709;78269;44794
2931350;90730;58948
2933307;204795;132959
3101631;4147;2545
3102902;7704;4398
3103504;77487;53047
3105608;89387;51353
3106200;1716171;1202473
3106309;15344;8693
3106705;258486;176962
3109006;23617;16074
3109253;2568;1329
3110004;27941;17086
3115904;1879;1066
3116209;1876;1222
3116407;3066;2133
3117876;4084;2991
3118007;33823;21014
3118304;82868;51815
3118601;431033;297730
3119401;71670;43206
3119708;2254;1207
3122306;152787;110582
3124104;39016;25444
3125002;2529;1430
3126307;2773;1779
3127701;178385;110681
3129806;107093;69449
3130101;23473;14962
3130408;3985;2458
3131000;3921;2621
3131158;10702;6027
3131307;169491;104426
3131703;76813;49080
3132404;63527;41036
3134301;4218;2141
3135001;2066;1209
3135407;3708;1659
3136652;14965;9308
3136702;369547;240482
3137601;36461;26038
3138203;64838;43413
3140159;8699;5673
3140308;2589;1440
3140803;9297;5775
3143302;249429;162697
3143906;70605;48181
3144359;4079;2319
3144805;58454;40961
3145901;25327;16239
3147907;74566;48563
3148004;98318;68253
3149309;41214;27164
3150901;3572;2314
3151008;5369;3553
3151800;108497;77231
3152501;92465;65376
3153608;6532;4016
3153806;1321;724
3153905;10808;6351
3154606;200058;133710
3154705;2669;1625
3154804;6366;4245
3156304;4773;3503
3156700;86204;57140
3157336;5510;3446
3157807;138661;91415
3158607;2607;1448
3158953;18220;11341
3160900;2509;1210
3162500;60352;36346
3162922;17363;10036
3162955;13427;8900
3163201;2688;1814
3165537;17348;11919
3167202;151320;104182
3167509;1717;878
3168606;89833;53721
3168705;56877;34077
3168804;5000;3555
3169901;70847;47579
3170107;211815;149187
3170206;432521;309565
3170701;87366;60083
3171204;70533;47274
3172202;1761;968
3201209;131668;84859
3201308;238190;153553
3201506;79207;56042
3202207;11267;7621
3202405;71641;45937
3203205;94723;66548
3204906;72584;48460
3205002;280640;183745
3205101;44931;26805
3205200;295374;199566
3205309;237219;160915
3300100;116785;74069
3300209;75404;44527
3300225;7841;4932
3300233;19188;13285
3300258;19165;12182
3300407;125495;76914
3300456;316433;186851
3300704;126435;82211
3300936;9241;5858
3300951;5673;3502
3301009;315327;182279
3301306;24054;16607
3301405;14379;9383
3301702;581914;348284
3301850;34666;21300
3301876;15660;8556
3301900;150118;92812
3302007;74177;44222
3302254;19982;13284
3302270;63391;33663
3302403;145259;100210
3302502;152275;88487
3302601;25331;15933
3302700;90056;55406
3302858;116192;69654
3303203;110368;64685
3303302;352455;229180
3303401;128607;92490
3303500;539847;315327
3303609;34241;17309
3303708;27960;16705
3303906;206026;136467
3303955;15882;8191
3304110;11340;7605
3304128;8823;5572
3304144;92094;53081
3304201;83764;55615
3304524;73679;49296
3304557;4451868;2839741
3304904;709007;436684
3305000;22728;13848
3305109;315927;194256
3305208;59580;36661
3305505;50947;29870
3305554;53177;32185
3305752;21152;12050
3305802;112148;73954
3306008;53677;32044
3306305;184482;113027
3500758;3258;2062
3500808;2705;1694
3501152;11427;7005
3501301;16153;10946
3501608;153273;109666
3501707;24062;16057
3502408;2505;1684
3502507;24864;17426
3502804;130601;87709
3502903;18844;12272
3503208;150418;104089
3503307;84971;56873
3503901;51058;32845
3504107;87625;60800
3504602;10300;7726
3504800;5808;4161
3505500;79180;55036
3505708;167020;111784
3506003;242677;168239
3506508;77945;58035
3506607;18908;12546
3507100;13543;8528
3507506;88451;58736
3507605;102719;70398
3507704;3458;2423
3507753;1780;1241
3507803;14436;10704
3508405;28006;19845
3508504;59312;36500
3508900;2801;1662
3509007;60095;41114
3509205;44017;27353
3509502;778888;527259
3509601;51314;34968
3510153;2776;1806
3510500;68952;45509
3510609;255725;160778
3511102;80589;56328
3511201;5060;3331
3511300;5533;3886
3511706;10453;6945
3512506;3684;2741
3512803;40922;25227
3513009;138593;97342
3513108;22038;15712
3513207;5214;3729
3513504;82232;49405
3513801;270953;180159
3514924;2191;1545
3514957;1726;1238
3515004;163642;106883
3515103;41878;26814
3515129;2109;1433
3515301;1778;1100
3515707;113327;73761
3516200;221598;161871
3516309;101326;63575
3516408;91467;54993
3516853;3004;2130
3517505;12853;8887
3518404;79454;50445
3518701;198394;124862
3518800;841560;552445
3519071;134599;89071
3519303;21146;13103
3520400;19369;14806
3520509;143696;103499
3520608;3389;2209
3521101;4034;3005
3521150;3108;1933
3521408;14262;8975
3522109;57326;35613
3522208;104046;67901
3522307;97997;63026
3522505;132955;84251
3523107;212198;130105
3523404;72159;52413
3523701;3849;2543
3523909;107606;75111
3524006;30919;22929
3524402;148142;94871
3524501;4061;2846
3524907;3665;2575
3525003;74789;52903
3525102;25667;15976
3525201;16292;11833
3525300;92633;68614
3525904;265572;187252
3526902;196063;135300
3527306;26609;20624
3528403;29521;18045
3528502;55961;36260
3528858;1890;1295
3529005;152908;103510
3529401;292844;184429
3530300;38610;25712
3530409;2956;2004
3530607;265036;169699
3530706;97744;63709
3530805;61654;40327
3531100;31378;17309
3531704;2736;1865
3531803;33390;22373
3532207;2860;1864
3532504;6373;4459
3532801;4051;2847
3533254;3087;2229
3533403;36676;25343
3534104;4280;2755
3534401;470597;308708
3534708;71813;47013
3536307;8820;5961
3536505;58362;41453
3538006;101871;65461
3538105;10578;7124
3538709;258013;175280
3539103;10064;6345
3539202;17022;11340
3539400;8318;5942
3539806;73448;47067
3540754;13919;8205
3541000;177783;111591
3541208;9515;6013
3541406;147234;100018
3542305;2540;1250
3542404;12908;8753
3542701;4299;2952
3543105;2844;2135
3543303;81132;50541
3543402;433318;315156
3543709;7068;4613
3543907;131945;93306
3544004;20412;14308
3544103;29873;18966
3544301;6652;4346
3545001;10423;6993
3545159;5136;3788
3545209;74514;51461
3545308;27185;16560
3545803;130610;90220
3546009;9493;6134
3546256;1286;835
3546702;14935;10400
3546801;34435;21422
3546900;5634;3560
3547304;74633;50959
3547809;486521;326425
3548302;1921;1105
3548500;297129;195319
3548708;551521;370383
3548807;108306;75633
3548906;158471;109155
3549805;297078;214107
3549904;447634;303527
3549953;9498;6197
3550308;7965807;5385990
3550605;55305;37297
3550704;50270;37953
3551009;229749;143969
3551405;8118;4652
3551504;26587;19215
3551702;78127;54348
3552205;415053;272129
3552403;169443;113947
3552502;178196;110242
3552809;170663;117527
3552908;3852;2446
3553906;4403;2808
3554003;73442;47674
3554102;196460;128015
3554805;29320;17137
3555406;53301;37510
3555604;6695;4504
3556206;77704;56557
3556453;29382;19990
3556503;75037;48597
3556602;7256;5005
3556701;45893;33652
3557006;75542;48164
3557303;7086;4541
4100400;67586;49832
4101408;84469;62977
4101507;73330;53032
4101804;81136;58869
4102307;7790;4838
4103107;6890;5201
4103701;67519;49493
4104006;25785;18900
4104204;77827;55211
4104253;16701;11921
4104659;12425;8250
4104808;199719;148227
4105805;143104;106139
4106209;10598;7872
4106902;1261211;919309
4107652;53313;36937
4107900;4183;2950
4108304;172966;119591
4109401;111849;73665
4109807;33347;21358
4110003;2776;2023
4111100;4208;2673
4111258;15115;10214
4112702;7832;4805
4113700;355987;253348
4114104;13564;9673
4114302;14492;10264
4114708;4052;2875
4114807;22430;16398
4115200;260756;190005
4117404;2360;1716
4117453;3811;2622
4117503;24898;18011
4118204;92577;59033
4119152;81262;57177
4119509;61738;40563
4119905;209500;135865
4120408;3244;2269
4120804;13470;9594
4122206;19771;13182
4124020;6825;4773
4124053;14164;9797
4125506;180702;135055
4126256;56679;39495
4127700;84129;64131
4128104;71407;50858
4200606;3902;3320
4201208;5162;4007
4201307;16034;11583
4202008;80251;59680
4202107;14930;9821
4202305;40163;28802
4202404;225109;175506
4202701;3276;2641
4202909;76990;60584
4203204;41945;31661
4203956;15080;10434
4204202;129652;100360
4204251;11128;7827
4204350;2745;2160
4204509;9620;7208
4204608;138335;100357
4205407;313151;224421
4205456;15750;12226
4205902;41323;31918
4206009;9298;6466
4206207;7438;5358
4206306;13255;9819
4206504;24591;16941
4206652;3166;2309
4207007;41130;29103
4207106;8417;6299
4207502;38710;32156
4208203;128558;95490
4208906;104088;83410
4209102;367588;270317
4209300;107096;70276
4209409;35850;22301
4211207;11174;8344
4211256;2041;1624
4211306;40995;27779
4211603;9327;6899
4211900;96190;72336
4212304;4526;2795
4212502;17273;11748
4212650;0;0
4212809;11489;8060
4215000;26389;18870
4215703;14125;10822
4215802;52563;38936
4216602;152743;114760
4217253;3645;1959
4217402;10705;8832
4217600;9154;6687
4218350;2553;1632
4218707;70875;49520
4219002;14758;10662
4220000;0;0
4300034;2942;1932
4300604;130073;88743
4300877;3343;2506
4301008;13629;11493
4301073;1908;1462
4301602;78957;48515
4302105;79205;61894
4302402;8011;6348
4303103;83128;57581
4303905;43312;33312
4304358;5842;3853
4304606;225470;153384
4304663;16203;9473
4304689;7719;5541
4304804;18640;16113
4305108;314634;238094
4306205;8687;7223
4306403;20376;17185
4306767;23024;16827
4307609;30533;23548
4307708;57084;38079
4307807;21840;17835
4307906;46212;37253
4308078;2531;2090
4308433;1784;1625
4308607;22838;18200
4309050;4730;3318
4309209;177768;117213
4309308;66199;43899
4309654;3888;2690
4310108;22194;18585
4310330;12083;7482
4310538;3452;2263
4310801;14665;11882
4311403;52065;41536
4311627;3692;2914
4312385;1957;1449
4312476;4192;3538
4313060;12599;9903
4313375;15232;10744
4313409;168276;122951
4313508;28158;19496
4314050;34977;27189
4314100;129423;92210
4314407;229582;144854
4314423;3760;3256
4314548;0;0
4314803;21508;15025
4314902;1004033;707530
4315149;1818;1582
4315602;136424;80124
4316758;4125;3592
4316808;85300;63412
4316907;184737;119941
4317103;54211;35931
4318481;2934;2464
4318705;149212;103154
4319505;15440;11052
4319901;51524;39786
4320008;91347;59686
4321204;37464;27675
4321600;27636;17111
4321709;16877;13665
4322400;81984;52203
4322541;3740;3140
4322707;16809;12937
4323002;160697;110465
5002704;545962;393107
5003207;66449;42758
5003702;133421;92987
5005202;12100;7026
5006606;49220;34477
5008305;70007;49519
5103403;388112;273793
5107602;135360;93861
5107909;76528;57593
5108402;171386;115583
5200050;4704;3346
5200258;99948;67969
5201108;230225;154946
5201405;310096;225312
5201801;5606;3930
5203559;4989;3434
5203609;2211;1434
5204557;2300;1440
5205109;61701;43715
5205497;36314;25179
5208004;66000;46585
5208509;3614;2272
5208707;935644;683992
5208806;22862;15892
5209200;9410;6340
5209705;11766;8367
5212501;111750;74437
5214507;16646;11473
5215009;5564;3970
5215231;60435;38323
5215504;3826;2480
5215603;17022;10685
5217609;51570;34368
5218805;123897;87414
5219738;3214;2268
5219753;39563;25677
5220454;56059;40488
5221304;1993;1414
5221403;70745;48075
5221858;88288;61033
5300108;1794832;1257848
