sector;value_added;remunerations;mixed_income;employed;own_account;relative_productivity;wage_share_firms
Agriculture;159932.000000;37632.000000;73320.000000;12258007.602565;4004063.062390;1.745039;0.434489
Mining;109965.000000;20167.000000;169.000000;401314.167767;32242.407945;0.017619;0.183677
Manufacturing;494352.000000;262838.000000;20980.000000;10201882.170884;1673907.033599;0.225797;0.555246
Utilities;92914.000000;20237.000000;1323.000000;788054.789175;116184.200828;0.083531;0.220950
Construction;206927.000000;81713.000000;44580.000000;6298430.824252;2300264.960971;0.477286;0.503323
Trade;416229.000000;190200.000000;59836.000000;14657393.900135;4215212.987428;0.415915;0.533681
Transport;141660.000000;74002.000000;19937.000000;3679184.931464;993656.995028;0.442670;0.607954
Business;126542.000000;48628.000000;5958.000000;1111633.701540;159339.209950;0.295297;0.403271
Financial;224561.000000;90290.000000;1631.000000;1116318.115393;72402.573476;0.105486;0.405015
RealEstate;57798.000000;3898.000000;3973.000000;373163.646019;123130.323961;0.149888;0.072420
OtherServices;517493.000000;301419.000000;99165.000000;25469820.278719;3657254.215555;1.413817;0.720533
Government;537845.000000;487166.000000;0.000000;4649112.842998;37038.134963;0.000000;0.905774
