sector;output;jobs;productivity
Agriculture;478730.000000;13137526.000000;0.378041
Mining;260573.000000;287556.000000;9.400881
Manufacturing;2776460.000000;11213515.000000;2.568687
Utilities;323598.000000;677421.000000;4.955743
Construction;632308.000000;8639884.000000;0.759246
Trade;1100763.000000;18873373.000000;0.605070
Transport;505417.000000;4711100.000000;1.112984
Business;350466.000000;1349757.000000;2.693716
Financial;574611.000000;1199865.000000;4.968246
RealEstate;145692.000000;417053.000000;3.624149
OtherServices;1470205.000000;30270495.000000;0.503872
Government;1207809.000000;11167531.000000;1.122025
