sector;concurb_name;participation
Agriculture;ABAETETUBA;0.013108
Business;ABAETETUBA;0.004949
Construction;ABAETETUBA;0.019204
Financial;ABAETETUBA;0.012193
Government;ABAETETUBA;0.533216
Manufacturing;ABAETETUBA;0.029721
Mining;ABAETETUBA;0.000000
OtherServices;ABAETETUBA;0.080269
RealEstate;ABAETETUBA;0.000000
Trade;ABAETETUBA;0.292250
Transport;ABAETETUBA;0.010059
Utilities;ABAETETUBA;0.005030
Agriculture;ACAILANDIA;0.210167
Business;ACAILANDIA;0.007584
Construction;ACAILANDIA;0.081206
Financial;ACAILANDIA;0.008363
Government;ACAILANDIA;0.192806
Manufacturing;ACAILANDIA;0.145467
Mining;ACAILANDIA;0.000000
OtherServices;ACAILANDIA;0.075031
RealEstate;ACAILANDIA;0.001247
Trade;ACAILANDIA;0.216509
Transport;ACAILANDIA;0.056998
Utilities;ACAILANDIA;0.004621
Agriculture;ALAGOINHAS;0.186482
Business;ALAGOINHAS;0.007516
Construction;ALAGOINHAS;0.035452
Financial;ALAGOINHAS;0.007734
Government;ALAGOINHAS;0.160771
Manufacturing;ALAGOINHAS;0.142288
Mining;ALAGOINHAS;0.000817
OtherServices;ALAGOINHAS;0.116073
RealEstate;ALAGOINHAS;0.000192
Trade;ALAGOINHAS;0.252940
Transport;ALAGOINHAS;0.088966
Utilities;ALAGOINHAS;0.000769
Agriculture;AMERICANA - SANTA BARBARA D'OESTE;0.003139
Business;AMERICANA - SANTA BARBARA D'OESTE;0.024865
Construction;AMERICANA - SANTA BARBARA D'OESTE;0.029099
Financial;AMERICANA - SANTA BARBARA D'OESTE;0.011928
Government;AMERICANA - SANTA BARBARA D'OESTE;0.086743
Manufacturing;AMERICANA - SANTA BARBARA D'OESTE;0.422446
Mining;AMERICANA - SANTA BARBARA D'OESTE;0.000887
OtherServices;AMERICANA - SANTA BARBARA D'OESTE;0.181888
RealEstate;AMERICANA - SANTA BARBARA D'OESTE;0.003596
Trade;AMERICANA - SANTA BARBARA D'OESTE;0.190209
Transport;AMERICANA - SANTA BARBARA D'OESTE;0.036566
Utilities;AMERICANA - SANTA BARBARA D'OESTE;0.008635
Agriculture;ANAPOLIS;0.009288
Business;ANAPOLIS;0.006427
Construction;ANAPOLIS;0.082340
Financial;ANAPOLIS;0.010980
Government;ANAPOLIS;0.210694
Manufacturing;ANAPOLIS;0.268166
Mining;ANAPOLIS;0.001181
OtherServices;ANAPOLIS;0.131642
RealEstate;ANAPOLIS;0.002654
Trade;ANAPOLIS;0.219280
Transport;ANAPOLIS;0.053757
Utilities;ANAPOLIS;0.003591
Agriculture;ANGRA DOS REIS;0.004421
Business;ANGRA DOS REIS;0.004116
Construction;ANGRA DOS REIS;0.113880
Financial;ANGRA DOS REIS;0.005806
Government;ANGRA DOS REIS;0.162933
Manufacturing;ANGRA DOS REIS;0.217388
Mining;ANGRA DOS REIS;0.002696
OtherServices;ANGRA DOS REIS;0.240418
RealEstate;ANGRA DOS REIS;0.000510
Trade;ANGRA DOS REIS;0.157101
Transport;ANGRA DOS REIS;0.038527
Utilities;ANGRA DOS REIS;0.052203
Agriculture;APUCARANA;0.015490
Business;APUCARANA;0.009070
Construction;APUCARANA;0.036360
Financial;APUCARANA;0.010494
Government;APUCARANA;0.109606
Manufacturing;APUCARANA;0.426363
Mining;APUCARANA;0.001094
OtherServices;APUCARANA;0.141983
RealEstate;APUCARANA;0.002247
Trade;APUCARANA;0.216253
Transport;APUCARANA;0.029414
Utilities;APUCARANA;0.001626
Agriculture;ARACAJU;0.020290
Business;ARACAJU;0.010687
Construction;ARACAJU;0.097250
Financial;ARACAJU;0.014560
Government;ARACAJU;0.274346
Manufacturing;ARACAJU;0.069858
Mining;ARACAJU;0.006010
OtherServices;ARACAJU;0.291587
RealEstate;ARACAJU;0.001242
Trade;ARACAJU;0.156541
Transport;ARACAJU;0.037861
Utilities;ARACAJU;0.019767
Agriculture;ARACATUBA;0.033654
Business;ARACATUBA;0.017396
Construction;ARACATUBA;0.041432
Financial;ARACATUBA;0.018034
Government;ARACATUBA;0.108490
Manufacturing;ARACATUBA;0.172215
Mining;ARACATUBA;0.000474
OtherServices;ARACATUBA;0.258577
RealEstate;ARACATUBA;0.002499
Trade;ARACATUBA;0.296015
Transport;ARACATUBA;0.039105
Utilities;ARACATUBA;0.012109
Agriculture;ARAGUAINA;0.039173
Business;ARAGUAINA;0.009913
Construction;ARAGUAINA;0.055098
Financial;ARAGUAINA;0.011924
Government;ARAGUAINA;0.235565
Manufacturing;ARAGUAINA;0.132682
Mining;ARAGUAINA;0.000800
OtherServices;ARAGUAINA;0.124696
RealEstate;ARAGUAINA;0.001040
Trade;ARAGUAINA;0.340773
Transport;ARAGUAINA;0.044134
Utilities;ARAGUAINA;0.004201
Agriculture;ARAGUARI;0.086431
Business;ARAGUARI;0.007365
Construction;ARAGUARI;0.069802
Financial;ARAGUARI;0.013583
Government;ARAGUARI;0.159068
Manufacturing;ARAGUARI;0.246387
Mining;ARAGUARI;0.004592
OtherServices;ARAGUARI;0.119522
RealEstate;ARAGUARI;0.001934
Trade;ARAGUARI;0.235822
Transport;ARAGUARI;0.049500
Utilities;ARAGUARI;0.005994
Agriculture;ARAPIRACA;0.031888
Business;ARAPIRACA;0.006178
Construction;ARAPIRACA;0.025106
Financial;ARAPIRACA;0.010117
Government;ARAPIRACA;0.217021
Manufacturing;ARAPIRACA;0.168397
Mining;ARAPIRACA;0.000000
OtherServices;ARAPIRACA;0.104480
RealEstate;ARAPIRACA;0.003522
Trade;ARAPIRACA;0.408597
Transport;ARAPIRACA;0.018773
Utilities;ARAPIRACA;0.005920
Agriculture;ARAPONGAS;0.026890
Business;ARAPONGAS;0.002434
Construction;ARAPONGAS;0.018885
Financial;ARAPONGAS;0.008509
Government;ARAPONGAS;0.094548
Manufacturing;ARAPONGAS;0.504536
Mining;ARAPONGAS;0.000000
OtherServices;ARAPONGAS;0.103053
RealEstate;ARAPONGAS;0.003054
Trade;ARAPONGAS;0.211053
Transport;ARAPONGAS;0.025467
Utilities;ARAPONGAS;0.001571
Agriculture;ARARAQUARA;0.060152
Business;ARARAQUARA;0.022380
Construction;ARARAQUARA;0.058579
Financial;ARARAQUARA;0.021070
Government;ARARAQUARA;0.111422
Manufacturing;ARARAQUARA;0.249232
Mining;ARARAQUARA;0.001186
OtherServices;ARARAQUARA;0.197897
RealEstate;ARARAQUARA;0.002609
Trade;ARARAQUARA;0.218716
Transport;ARARAQUARA;0.048893
Utilities;ARARAQUARA;0.007864
Agriculture;ARARAS;0.081135
Business;ARARAS;0.009434
Construction;ARARAS;0.042027
Financial;ARARAS;0.012897
Government;ARARAS;0.103483
Manufacturing;ARARAS;0.333741
Mining;ARARAS;0.001195
OtherServices;ARARAS;0.169195
RealEstate;ARARAS;0.001918
Trade;ARARAS;0.191023
Transport;ARARAS;0.050421
Utilities;ARARAS;0.003530
Agriculture;ARARUAMA;0.017857
Business;ARARUAMA;0.005275
Construction;ARARUAMA;0.098760
Financial;ARARUAMA;0.014335
Government;ARARUAMA;0.296666
Manufacturing;ARARUAMA;0.071726
Mining;ARARUAMA;0.004315
OtherServices;ARARUAMA;0.172524
RealEstate;ARARUAMA;0.003720
Trade;ARARUAMA;0.272112
Transport;ARARUAMA;0.026538
Utilities;ARARUAMA;0.016171
Agriculture;ATIBAIA;0.057649
Business;ATIBAIA;0.008014
Construction;ATIBAIA;0.030398
Financial;ATIBAIA;0.015071
Government;ATIBAIA;0.092469
Manufacturing;ATIBAIA;0.299250
Mining;ATIBAIA;0.001484
OtherServices;ATIBAIA;0.207668
RealEstate;ATIBAIA;0.001638
Trade;ATIBAIA;0.228376
Transport;ATIBAIA;0.046647
Utilities;ATIBAIA;0.011335
Agriculture;BACABAL;0.054702
Business;BACABAL;0.004334
Construction;BACABAL;0.008594
Financial;BACABAL;0.019666
Government;BACABAL;0.247837
Manufacturing;BACABAL;0.074864
Mining;BACABAL;0.000000
OtherServices;BACABAL;0.121202
RealEstate;BACABAL;0.000000
Trade;BACABAL;0.459382
Transport;BACABAL;0.009420
Utilities;BACABAL;0.000000
Agriculture;BAGE;0.090543
Business;BAGE;0.007927
Construction;BAGE;0.048621
Financial;BAGE;0.014837
Government;BAGE;0.223572
Manufacturing;BAGE;0.139123
Mining;BAGE;0.015577
OtherServices;BAGE;0.166620
RealEstate;BAGE;0.002014
Trade;BAGE;0.223187
Transport;BAGE;0.036209
Utilities;BAGE;0.031770
Agriculture;BAIXADA SANTISTA;0.002349
Business;BAIXADA SANTISTA;0.010685
Construction;BAIXADA SANTISTA;0.070777
Financial;BAIXADA SANTISTA;0.017440
Government;BAIXADA SANTISTA;0.138888
Manufacturing;BAIXADA SANTISTA;0.061812
Mining;BAIXADA SANTISTA;0.005639
OtherServices;BAIXADA SANTISTA;0.345972
RealEstate;BAIXADA SANTISTA;0.005397
Trade;BAIXADA SANTISTA;0.209387
Transport;BAIXADA SANTISTA;0.121244
Utilities;BAIXADA SANTISTA;0.010411
Agriculture;BARBACENA;0.058582
Business;BARBACENA;0.004663
Construction;BARBACENA;0.033564
Financial;BARBACENA;0.014218
Government;BARBACENA;0.236730
Manufacturing;BARBACENA;0.157273
Mining;BARBACENA;0.000073
OtherServices;BARBACENA;0.196751
RealEstate;BARBACENA;0.000655
Trade;BARBACENA;0.254837
Transport;BARBACENA;0.042582
Utilities;BARBACENA;0.000073
Agriculture;BARREIRAS;0.139429
Business;BARREIRAS;0.017466
Construction;BARREIRAS;0.027117
Financial;BARREIRAS;0.014449
Government;BARREIRAS;0.147402
Manufacturing;BARREIRAS;0.086935
Mining;BARREIRAS;0.001659
OtherServices;BARREIRAS;0.183387
RealEstate;BARREIRAS;0.001619
Trade;BARREIRAS;0.328247
Transport;BARREIRAS;0.047839
Utilities;BARREIRAS;0.004452
Agriculture;BARRETOS;0.070726
Business;BARRETOS;0.005634
Construction;BARRETOS;0.094221
Financial;BARRETOS;0.012317
Government;BARRETOS;0.115055
Manufacturing;BARRETOS;0.206693
Mining;BARRETOS;0.000000
OtherServices;BARRETOS;0.234338
RealEstate;BARRETOS;0.001449
Trade;BARRETOS;0.216925
Transport;BARRETOS;0.033776
Utilities;BARRETOS;0.008867
Agriculture;BAURU;0.012804
Business;BAURU;0.018161
Construction;BAURU;0.116866
Financial;BAURU;0.027036
Government;BAURU;0.079476
Manufacturing;BAURU;0.116398
Mining;BAURU;0.000638
OtherServices;BAURU;0.324167
RealEstate;BAURU;0.003777
Trade;BAURU;0.230389
Transport;BAURU;0.056276
Utilities;BAURU;0.014012
Agriculture;BELEM;0.007709
Business;BELEM;0.011770
Construction;BELEM;0.067670
Financial;BELEM;0.016490
Government;BELEM;0.336755
Manufacturing;BELEM;0.054155
Mining;BELEM;0.000775
OtherServices;BELEM;0.245773
RealEstate;BELEM;0.001004
Trade;BELEM;0.196088
Transport;BELEM;0.051478
Utilities;BELEM;0.010334
Agriculture;BELO HORIZONTE;0.004060
Business;BELO HORIZONTE;0.017806
Construction;BELO HORIZONTE;0.089767
Financial;BELO HORIZONTE;0.016954
Government;BELO HORIZONTE;0.211067
Manufacturing;BELO HORIZONTE;0.114785
Mining;BELO HORIZONTE;0.004402
OtherServices;BELO HORIZONTE;0.313833
RealEstate;BELO HORIZONTE;0.002365
Trade;BELO HORIZONTE;0.158040
Transport;BELO HORIZONTE;0.053022
Utilities;BELO HORIZONTE;0.013896
Agriculture;BENTO GONCALVES;0.009803
Business;BENTO GONCALVES;0.011058
Construction;BENTO GONCALVES;0.038599
Financial;BENTO GONCALVES;0.011967
Government;BENTO GONCALVES;0.070521
Manufacturing;BENTO GONCALVES;0.509662
Mining;BENTO GONCALVES;0.003498
OtherServices;BENTO GONCALVES;0.143459
RealEstate;BENTO GONCALVES;0.001129
Trade;BENTO GONCALVES;0.136125
Transport;BENTO GONCALVES;0.058361
Utilities;BENTO GONCALVES;0.005819
Agriculture;BIRIGUI;0.067098
Business;BIRIGUI;0.004139
Construction;BIRIGUI;0.026235
Financial;BIRIGUI;0.009844
Government;BIRIGUI;0.090703
Manufacturing;BIRIGUI;0.534997
Mining;BIRIGUI;0.000000
OtherServices;BIRIGUI;0.089482
RealEstate;BIRIGUI;0.001309
Trade;BIRIGUI;0.157661
Transport;BIRIGUI;0.017775
Utilities;BIRIGUI;0.000755
Agriculture;BLUMENAU;0.001760
Business;BLUMENAU;0.023885
Construction;BLUMENAU;0.048681
Financial;BLUMENAU;0.020431
Government;BLUMENAU;0.070137
Manufacturing;BLUMENAU;0.427809
Mining;BLUMENAU;0.001072
OtherServices;BLUMENAU;0.170809
RealEstate;BLUMENAU;0.002626
Trade;BLUMENAU;0.185272
Transport;BLUMENAU;0.037795
Utilities;BLUMENAU;0.009723
Agriculture;BOA VISTA;0.005456
Business;BOA VISTA;0.006897
Construction;BOA VISTA;0.081588
Financial;BOA VISTA;0.007385
Government;BOA VISTA;0.497441
Manufacturing;BOA VISTA;0.022654
Mining;BOA VISTA;0.000657
OtherServices;BOA VISTA;0.152645
RealEstate;BOA VISTA;0.000457
Trade;BOA VISTA;0.183083
Transport;BOA VISTA;0.018083
Utilities;BOA VISTA;0.023654
Agriculture;BOTUCATU;0.076890
Business;BOTUCATU;0.006299
Construction;BOTUCATU;0.027324
Financial;BOTUCATU;0.014766
Government;BOTUCATU;0.098286
Manufacturing;BOTUCATU;0.274065
Mining;BOTUCATU;0.000452
OtherServices;BOTUCATU;0.266939
RealEstate;BOTUCATU;0.000612
Trade;BOTUCATU;0.196453
Transport;BOTUCATU;0.028761
Utilities;BOTUCATU;0.009152
Agriculture;BRAGANCA;0.018596
Business;BRAGANCA;0.010147
Construction;BRAGANCA;0.019734
Financial;BRAGANCA;0.011954
Government;BRAGANCA;0.504221
Manufacturing;BRAGANCA;0.054459
Mining;BRAGANCA;0.000000
OtherServices;BRAGANCA;0.120317
RealEstate;BRAGANCA;0.000000
Trade;BRAGANCA;0.242924
Transport;BRAGANCA;0.011575
Utilities;BRAGANCA;0.006072
Agriculture;BRAGANCA PAULISTA;0.040747
Business;BRAGANCA PAULISTA;0.004909
Construction;BRAGANCA PAULISTA;0.030257
Financial;BRAGANCA PAULISTA;0.013643
Government;BRAGANCA PAULISTA;0.114028
Manufacturing;BRAGANCA PAULISTA;0.262700
Mining;BRAGANCA PAULISTA;0.004341
OtherServices;BRAGANCA PAULISTA;0.242194
RealEstate;BRAGANCA PAULISTA;0.000982
Trade;BRAGANCA PAULISTA;0.246821
Transport;BRAGANCA PAULISTA;0.026355
Utilities;BRAGANCA PAULISTA;0.013023
Agriculture;BRASILIA;0.007784
Business;BRASILIA;0.025493
Construction;BRASILIA;0.063547
Financial;BRASILIA;0.033079
Government;BRASILIA;0.368703
Manufacturing;BRASILIA;0.028291
Mining;BRASILIA;0.000703
OtherServices;BRASILIA;0.270481
RealEstate;BRASILIA;0.002591
Trade;BRASILIA;0.152762
Transport;BRASILIA;0.039419
Utilities;BRASILIA;0.007146
Agriculture;BRUSQUE;0.001204
Business;BRUSQUE;0.007161
Construction;BRUSQUE;0.031577
Financial;BRUSQUE;0.008106
Government;BRUSQUE;0.060225
Manufacturing;BRUSQUE;0.561630
Mining;BRUSQUE;0.004269
OtherServices;BRUSQUE;0.102123
RealEstate;BRUSQUE;0.001561
Trade;BRUSQUE;0.186260
Transport;BRUSQUE;0.027270
Utilities;BRUSQUE;0.008614
Agriculture;CABO FRIO;0.007615
Business;CABO FRIO;0.006691
Construction;CABO FRIO;0.040356
Financial;CABO FRIO;0.010837
Government;CABO FRIO;0.298300
Manufacturing;CABO FRIO;0.024068
Mining;CABO FRIO;0.011811
OtherServices;CABO FRIO;0.291612
RealEstate;CABO FRIO;0.003849
Trade;CABO FRIO;0.263084
Transport;CABO FRIO;0.033715
Utilities;CABO FRIO;0.008061
Agriculture;CACHOEIRO DE ITAPEMIRIM;0.011929
Business;CACHOEIRO DE ITAPEMIRIM;0.011668
Construction;CACHOEIRO DE ITAPEMIRIM;0.030640
Financial;CACHOEIRO DE ITAPEMIRIM;0.017144
Government;CACHOEIRO DE ITAPEMIRIM;0.117016
Manufacturing;CACHOEIRO DE ITAPEMIRIM;0.275895
Mining;CACHOEIRO DE ITAPEMIRIM;0.025716
OtherServices;CACHOEIRO DE ITAPEMIRIM;0.178371
RealEstate;CACHOEIRO DE ITAPEMIRIM;0.001209
Trade;CACHOEIRO DE ITAPEMIRIM;0.252010
Transport;CACHOEIRO DE ITAPEMIRIM;0.069002
Utilities;CACHOEIRO DE ITAPEMIRIM;0.009400
Agriculture;CAMETA;0.000000
Business;CAMETA;0.001161
Construction;CAMETA;0.001741
Financial;CAMETA;0.008511
Government;CAMETA;0.822785
Manufacturing;CAMETA;0.008511
Mining;CAMETA;0.000000
OtherServices;CAMETA;0.037939
RealEstate;CAMETA;0.000000
Trade;CAMETA;0.115872
Transport;CAMETA;0.003482
Utilities;CAMETA;0.000000
Agriculture;CAMPINA GRANDE;0.006117
Business;CAMPINA GRANDE;0.010969
Construction;CAMPINA GRANDE;0.058365
Financial;CAMPINA GRANDE;0.010842
Government;CAMPINA GRANDE;0.204484
Manufacturing;CAMPINA GRANDE;0.225961
Mining;CAMPINA GRANDE;0.003942
OtherServices;CAMPINA GRANDE;0.229459
RealEstate;CAMPINA GRANDE;0.000854
Trade;CAMPINA GRANDE;0.209404
Transport;CAMPINA GRANDE;0.025428
Utilities;CAMPINA GRANDE;0.014176
Agriculture;CAMPINAS;0.005756
Business;CAMPINAS;0.031444
Construction;CAMPINAS;0.049930
Financial;CAMPINAS;0.017325
Government;CAMPINAS;0.094123
Manufacturing;CAMPINAS;0.212832
Mining;CAMPINAS;0.000784
OtherServices;CAMPINAS;0.276618
RealEstate;CAMPINAS;0.002300
Trade;CAMPINAS;0.209211
Transport;CAMPINAS;0.080116
Utilities;CAMPINAS;0.019561
Agriculture;CAMPO GRANDE;0.018824
Business;CAMPO GRANDE;0.019443
Construction;CAMPO GRANDE;0.073901
Financial;CAMPO GRANDE;0.014457
Government;CAMPO GRANDE;0.307744
Manufacturing;CAMPO GRANDE;0.065922
Mining;CAMPO GRANDE;0.000434
OtherServices;CAMPO GRANDE;0.261763
RealEstate;CAMPO GRANDE;0.001465
Trade;CAMPO GRANDE;0.185751
Transport;CAMPO GRANDE;0.041615
Utilities;CAMPO GRANDE;0.008681
Agriculture;CAMPOS DOS GOYTACAZES;0.024110
Business;CAMPOS DOS GOYTACAZES;0.007256
Construction;CAMPOS DOS GOYTACAZES;0.105907
Financial;CAMPOS DOS GOYTACAZES;0.013196
Government;CAMPOS DOS GOYTACAZES;0.229956
Manufacturing;CAMPOS DOS GOYTACAZES;0.085939
Mining;CAMPOS DOS GOYTACAZES;0.002314
OtherServices;CAMPOS DOS GOYTACAZES;0.224595
RealEstate;CAMPOS DOS GOYTACAZES;0.002515
Trade;CAMPOS DOS GOYTACAZES;0.249548
Transport;CAMPOS DOS GOYTACAZES;0.037137
Utilities;CAMPOS DOS GOYTACAZES;0.017528
Agriculture;CARAGUATATUBA - UBATUBA - SAO SEBASTIAO;0.003328
Business;CARAGUATATUBA - UBATUBA - SAO SEBASTIAO;0.003740
Construction;CARAGUATATUBA - UBATUBA - SAO SEBASTIAO;0.104531
Financial;CARAGUATATUBA - UBATUBA - SAO SEBASTIAO;0.010069
Government;CARAGUATATUBA - UBATUBA - SAO SEBASTIAO;0.167082
Manufacturing;CARAGUATATUBA - UBATUBA - SAO SEBASTIAO;0.015752
Mining;CARAGUATATUBA - UBATUBA - SAO SEBASTIAO;0.003669
OtherServices;CARAGUATATUBA - UBATUBA - SAO SEBASTIAO;0.369500
RealEstate;CARAGUATATUBA - UBATUBA - SAO SEBASTIAO;0.002748
Trade;CARAGUATATUBA - UBATUBA - SAO SEBASTIAO;0.267205
Transport;CARAGUATATUBA - UBATUBA - SAO SEBASTIAO;0.038604
Utilities;CARAGUATATUBA - UBATUBA - SAO SEBASTIAO;0.013773
Agriculture;CARUARU;0.007248
Business;CARUARU;0.008185
Construction;CARUARU;0.036717
Financial;CARUARU;0.013760
Government;CARUARU;0.168442
Manufacturing;CARUARU;0.218369
Mining;CARUARU;0.000000
OtherServices;CARUARU;0.191607
RealEstate;CARUARU;0.003846
Trade;CARUARU;0.321248
Transport;CARUARU;0.028358
Utilities;CARUARU;0.002222
Agriculture;CASCAVEL;0.035343
Business;CASCAVEL;0.017356
Construction;CASCAVEL;0.073249
Financial;CASCAVEL;0.018270
Government;CASCAVEL;0.117081
Manufacturing;CASCAVEL;0.209742
Mining;CASCAVEL;0.001637
OtherServices;CASCAVEL;0.182337
RealEstate;CASCAVEL;0.001287
Trade;CASCAVEL;0.278849
Transport;CASCAVEL;0.059372
Utilities;CASCAVEL;0.005476
Agriculture;CASTANHAL;0.028281
Business;CASTANHAL;0.006412
Construction;CASTANHAL;0.083487
Financial;CASTANHAL;0.006254
Government;CASTANHAL;0.226344
Manufacturing;CASTANHAL;0.214606
Mining;CASTANHAL;0.000000
OtherServices;CASTANHAL;0.068453
RealEstate;CASTANHAL;0.000347
Trade;CASTANHAL;0.322979
Transport;CASTANHAL;0.033318
Utilities;CASTANHAL;0.009520
Agriculture;CATALAO;0.058940
Business;CATALAO;0.006651
Construction;CATALAO;0.047389
Financial;CATALAO;0.011507
Government;CATALAO;0.119060
Manufacturing;CATALAO;0.275726
Mining;CATALAO;0.019149
OtherServices;CATALAO;0.167046
RealEstate;CATALAO;0.000966
Trade;CATALAO;0.239546
Transport;CATALAO;0.051473
Utilities;CATALAO;0.002547
Agriculture;CATANDUVA;0.050032
Business;CATANDUVA;0.004414
Construction;CATANDUVA;0.029810
Financial;CATANDUVA;0.014156
Government;CATANDUVA;0.098532
Manufacturing;CATANDUVA;0.305260
Mining;CATANDUVA;0.000000
OtherServices;CATANDUVA;0.200271
RealEstate;CATANDUVA;0.001808
Trade;CATANDUVA;0.262957
Transport;CATANDUVA;0.029453
Utilities;CATANDUVA;0.003307
Agriculture;CAXIAS;0.017799
Business;CAXIAS;0.006348
Construction;CAXIAS;0.031819
Financial;CAXIAS;0.009907
Government;CAXIAS;0.448968
Manufacturing;CAXIAS;0.093611
Mining;CAXIAS;0.000000
OtherServices;CAXIAS;0.076436
RealEstate;CAXIAS;0.000168
Trade;CAXIAS;0.288414
Transport;CAXIAS;0.011754
Utilities;CAXIAS;0.014776
Agriculture;CAXIAS DO SUL;0.015193
Business;CAXIAS DO SUL;0.009267
Construction;CAXIAS DO SUL;0.033858
Financial;CAXIAS DO SUL;0.018127
Government;CAXIAS DO SUL;0.062255
Manufacturing;CAXIAS DO SUL;0.483886
Mining;CAXIAS DO SUL;0.000665
OtherServices;CAXIAS DO SUL;0.146887
RealEstate;CAXIAS DO SUL;0.002625
Trade;CAXIAS DO SUL;0.161165
Transport;CAXIAS DO SUL;0.049807
Utilities;CAXIAS DO SUL;0.016264
Agriculture;CHAPECO;0.019044
Business;CHAPECO;0.016663
Construction;CHAPECO;0.083734
Financial;CHAPECO;0.017948
Government;CHAPECO;0.071798
Manufacturing;CHAPECO;0.306314
Mining;CHAPECO;0.000555
OtherServices;CHAPECO;0.142695
RealEstate;CHAPECO;0.004483
Trade;CHAPECO;0.252591
Transport;CHAPECO;0.078881
Utilities;CHAPECO;0.005295
Agriculture;CODO;0.054230
Business;CODO;0.016314
Construction;CODO;0.016002
Financial;CODO;0.009335
Government;CODO;0.344599
Manufacturing;CODO;0.177508
Mining;CODO;0.000000
OtherServices;CODO;0.061058
RealEstate;CODO;0.000000
Trade;CODO;0.300062
Transport;CODO;0.019707
Utilities;CODO;0.001185
Agriculture;COLATINA;0.019262
Business;COLATINA;0.007331
Construction;COLATINA;0.054417
Financial;COLATINA;0.026847
Government;COLATINA;0.101979
Manufacturing;COLATINA;0.265414
Mining;COLATINA;0.015170
OtherServices;COLATINA;0.204878
RealEstate;COLATINA;0.000220
Trade;COLATINA;0.244085
Transport;COLATINA;0.044629
Utilities;COLATINA;0.015768
Agriculture;CONSELHEIRO LAFAIETE;0.012653
Business;CONSELHEIRO LAFAIETE;0.006474
Construction;CONSELHEIRO LAFAIETE;0.090427
Financial;CONSELHEIRO LAFAIETE;0.009979
Government;CONSELHEIRO LAFAIETE;0.165236
Manufacturing;CONSELHEIRO LAFAIETE;0.196792
Mining;CONSELHEIRO LAFAIETE;0.058897
OtherServices;CONSELHEIRO LAFAIETE;0.193599
RealEstate;CONSELHEIRO LAFAIETE;0.000959
Trade;CONSELHEIRO LAFAIETE;0.197679
Transport;CONSELHEIRO LAFAIETE;0.063019
Utilities;CONSELHEIRO LAFAIETE;0.004286
Agriculture;CRICIUMA;0.003228
Business;CRICIUMA;0.012379
Construction;CRICIUMA;0.044278
Financial;CRICIUMA;0.013336
Government;CRICIUMA;0.082436
Manufacturing;CRICIUMA;0.405052
Mining;CRICIUMA;0.030317
OtherServices;CRICIUMA;0.149933
RealEstate;CRICIUMA;0.003055
Trade;CRICIUMA;0.204835
Transport;CRICIUMA;0.045122
Utilities;CRICIUMA;0.006029
Agriculture;CUIABA;0.010642
Business;CUIABA;0.018050
Construction;CUIABA;0.076773
Financial;CUIABA;0.016975
Government;CUIABA;0.266038
Manufacturing;CUIABA;0.091402
Mining;CUIABA;0.002445
OtherServices;CUIABA;0.230775
RealEstate;CUIABA;0.001417
Trade;CUIABA;0.225741
Transport;CUIABA;0.046856
Utilities;CUIABA;0.012886
Agriculture;CURITIBA;0.004094
Business;CURITIBA;0.025164
Construction;CURITIBA;0.062666
Financial;CURITIBA;0.023711
Government;CURITIBA;0.175547
Manufacturing;CURITIBA;0.169170
Mining;CURITIBA;0.002920
OtherServices;CURITIBA;0.281901
RealEstate;CURITIBA;0.003379
Trade;CURITIBA;0.178728
Transport;CURITIBA;0.054171
Utilities;CURITIBA;0.018550
Agriculture;DIVINOPOLIS;0.022271
Business;DIVINOPOLIS;0.018530
Construction;DIVINOPOLIS;0.035627
Financial;DIVINOPOLIS;0.020834
Government;DIVINOPOLIS;0.117789
Manufacturing;DIVINOPOLIS;0.274623
Mining;DIVINOPOLIS;0.001346
OtherServices;DIVINOPOLIS;0.187551
RealEstate;DIVINOPOLIS;0.004076
Trade;DIVINOPOLIS;0.262712
Transport;DIVINOPOLIS;0.051620
Utilities;DIVINOPOLIS;0.003020
Agriculture;DOURADOS;0.041942
Business;DOURADOS;0.012144
Construction;DOURADOS;0.036217
Financial;DOURADOS;0.014344
Government;DOURADOS;0.173535
Manufacturing;DOURADOS;0.184838
Mining;DOURADOS;0.001090
OtherServices;DOURADOS;0.222364
RealEstate;DOURADOS;0.003502
Trade;DOURADOS;0.273241
Transport;DOURADOS;0.033197
Utilities;DOURADOS;0.003586
Agriculture;EUNAPOLIS;0.141977
Business;EUNAPOLIS;0.004863
Construction;EUNAPOLIS;0.036508
Financial;EUNAPOLIS;0.011194
Government;EUNAPOLIS;0.213565
Manufacturing;EUNAPOLIS;0.093299
Mining;EUNAPOLIS;0.000000
OtherServices;EUNAPOLIS;0.103353
RealEstate;EUNAPOLIS;0.000616
Trade;EUNAPOLIS;0.315344
Transport;EUNAPOLIS;0.076765
Utilities;EUNAPOLIS;0.002516
Agriculture;FEIRA DE SANTANA;0.010808
Business;FEIRA DE SANTANA;0.006888
Construction;FEIRA DE SANTANA;0.120919
Financial;FEIRA DE SANTANA;0.013618
Government;FEIRA DE SANTANA;0.112268
Manufacturing;FEIRA DE SANTANA;0.186201
Mining;FEIRA DE SANTANA;0.001675
OtherServices;FEIRA DE SANTANA;0.161281
RealEstate;FEIRA DE SANTANA;0.001492
Trade;FEIRA DE SANTANA;0.318269
Transport;FEIRA DE SANTANA;0.056158
Utilities;FEIRA DE SANTANA;0.010423
Agriculture;FLORIANOPOLIS;0.005154
Business;FLORIANOPOLIS;0.032721
Construction;FLORIANOPOLIS;0.057825
Financial;FLORIANOPOLIS;0.017602
Government;FLORIANOPOLIS;0.228762
Manufacturing;FLORIANOPOLIS;0.063146
Mining;FLORIANOPOLIS;0.000679
OtherServices;FLORIANOPOLIS;0.351299
RealEstate;FLORIANOPOLIS;0.002570
Trade;FLORIANOPOLIS;0.184142
Transport;FLORIANOPOLIS;0.036737
Utilities;FLORIANOPOLIS;0.019363
Agriculture;FORMOSA;0.112524
Business;FORMOSA;0.004225
Construction;FORMOSA;0.020234
Financial;FORMOSA;0.010637
Government;FORMOSA;0.283372
Manufacturing;FORMOSA;0.076216
Mining;FORMOSA;0.005598
OtherServices;FORMOSA;0.112254
RealEstate;FORMOSA;0.000320
Trade;FORMOSA;0.333994
Transport;FORMOSA;0.033909
Utilities;FORMOSA;0.006718
Agriculture;FORTALEZA;0.004815
Business;FORTALEZA;0.013405
Construction;FORTALEZA;0.075557
Financial;FORTALEZA;0.015521
Government;FORTALEZA;0.207684
Manufacturing;FORTALEZA;0.164870
Mining;FORTALEZA;0.001383
OtherServices;FORTALEZA;0.306133
RealEstate;FORTALEZA;0.002628
Trade;FORTALEZA;0.164895
Transport;FORTALEZA;0.036268
Utilities;FORTALEZA;0.006842
Agriculture;FRANCA;0.041268
Business;FRANCA;0.010345
Construction;FRANCA;0.031868
Financial;FRANCA;0.015963
Government;FRANCA;0.070684
Manufacturing;FRANCA;0.394449
Mining;FRANCA;0.000479
OtherServices;FRANCA;0.162302
RealEstate;FRANCA;0.002028
Trade;FRANCA;0.240433
Transport;FRANCA;0.024929
Utilities;FRANCA;0.005252
Agriculture;GARANHUNS;0.019170
Business;GARANHUNS;0.007196
Construction;GARANHUNS;0.046529
Financial;GARANHUNS;0.012470
Government;GARANHUNS;0.270367
Manufacturing;GARANHUNS;0.100751
Mining;GARANHUNS;0.000000
OtherServices;GARANHUNS;0.158180
RealEstate;GARANHUNS;0.000682
Trade;GARANHUNS;0.351217
Transport;GARANHUNS;0.028352
Utilities;GARANHUNS;0.005087
Agriculture;GOIANIA;0.007320
Business;GOIANIA;0.015719
Construction;GOIANIA;0.078763
Financial;GOIANIA;0.013847
Government;GOIANIA;0.271703
Manufacturing;GOIANIA;0.111767
Mining;GOIANIA;0.000574
OtherServices;GOIANIA;0.272346
RealEstate;GOIANIA;0.002290
Trade;GOIANIA;0.177512
Transport;GOIANIA;0.037583
Utilities;GOIANIA;0.010576
Agriculture;GOVERNADOR VALADARES;0.018365
Business;GOVERNADOR VALADARES;0.013062
Construction;GOVERNADOR VALADARES;0.052777
Financial;GOVERNADOR VALADARES;0.018235
Government;GOVERNADOR VALADARES;0.192613
Manufacturing;GOVERNADOR VALADARES;0.110511
Mining;GOVERNADOR VALADARES;0.001590
OtherServices;GOVERNADOR VALADARES;0.200016
RealEstate;GOVERNADOR VALADARES;0.004825
Trade;GOVERNADOR VALADARES;0.325224
Transport;GOVERNADOR VALADARES;0.045783
Utilities;GOVERNADOR VALADARES;0.017000
Agriculture;GUARAPARI;0.019127
Business;GUARAPARI;0.009918
Construction;GUARAPARI;0.089061
Financial;GUARAPARI;0.008735
Government;GUARAPARI;0.122352
Manufacturing;GUARAPARI;0.044430
Mining;GUARAPARI;0.003062
OtherServices;GUARAPARI;0.348249
RealEstate;GUARAPARI;0.001908
Trade;GUARAPARI;0.306469
Transport;GUARAPARI;0.039058
Utilities;GUARAPARI;0.007631
Agriculture;GUARAPUAVA;0.100764
Business;GUARAPUAVA;0.006528
Construction;GUARAPUAVA;0.068550
Financial;GUARAPUAVA;0.020450
Government;GUARAPUAVA;0.128929
Manufacturing;GUARAPUAVA;0.178440
Mining;GUARAPUAVA;0.001594
OtherServices;GUARAPUAVA;0.155484
RealEstate;GUARAPUAVA;0.002694
Trade;GUARAPUAVA;0.284976
Transport;GUARAPUAVA;0.048815
Utilities;GUARAPUAVA;0.002776
Agriculture;GUARATINGUETA;0.025944
Business;GUARATINGUETA;0.012128
Construction;GUARATINGUETA;0.052589
Financial;GUARATINGUETA;0.014024
Government;GUARATINGUETA;0.144099
Manufacturing;GUARATINGUETA;0.173652
Mining;GUARATINGUETA;0.014536
OtherServices;GUARATINGUETA;0.259350
RealEstate;GUARATINGUETA;0.000809
Trade;GUARATINGUETA;0.255647
Transport;GUARATINGUETA;0.037702
Utilities;GUARATINGUETA;0.009520
Agriculture;ILHEUS;0.062741
Business;ILHEUS;0.003328
Construction;ILHEUS;0.025480
Financial;ILHEUS;0.010711
Government;ILHEUS;0.284686
Manufacturing;ILHEUS;0.123438
Mining;ILHEUS;0.001655
OtherServices;ILHEUS;0.224247
RealEstate;ILHEUS;0.000941
Trade;ILHEUS;0.202854
Transport;ILHEUS;0.059820
Utilities;ILHEUS;0.000097
Agriculture;IMPERATRIZ;0.053786
Business;IMPERATRIZ;0.009362
Construction;IMPERATRIZ;0.077873
Financial;IMPERATRIZ;0.010710
Government;IMPERATRIZ;0.207376
Manufacturing;IMPERATRIZ;0.079253
Mining;IMPERATRIZ;0.000631
OtherServices;IMPERATRIZ;0.132101
RealEstate;IMPERATRIZ;0.001076
Trade;IMPERATRIZ;0.377273
Transport;IMPERATRIZ;0.044900
Utilities;IMPERATRIZ;0.005659
Agriculture;INDAIATUBA;0.006928
Business;INDAIATUBA;0.008565
Construction;INDAIATUBA;0.070617
Financial;INDAIATUBA;0.010666
Government;INDAIATUBA;0.088337
Manufacturing;INDAIATUBA;0.389353
Mining;INDAIATUBA;0.002288
OtherServices;INDAIATUBA;0.181238
RealEstate;INDAIATUBA;0.002111
Trade;INDAIATUBA;0.196749
Transport;INDAIATUBA;0.032127
Utilities;INDAIATUBA;0.011020
Agriculture;INTERNACIONAL DE CORUMBA;0.111401
Business;INTERNACIONAL DE CORUMBA;0.006731
Construction;INTERNACIONAL DE CORUMBA;0.043288
Financial;INTERNACIONAL DE CORUMBA;0.008749
Government;INTERNACIONAL DE CORUMBA;0.325306
Manufacturing;INTERNACIONAL DE CORUMBA;0.036017
Mining;INTERNACIONAL DE CORUMBA;0.062887
OtherServices;INTERNACIONAL DE CORUMBA;0.140536
RealEstate;INTERNACIONAL DE CORUMBA;0.000511
Trade;INTERNACIONAL DE CORUMBA;0.187314
Transport;INTERNACIONAL DE CORUMBA;0.075953
Utilities;INTERNACIONAL DE CORUMBA;0.001307
Agriculture;INTERNACIONAL DE FOZ DO IGUACU;0.005051
Business;INTERNACIONAL DE FOZ DO IGUACU;0.009517
Construction;INTERNACIONAL DE FOZ DO IGUACU;0.048728
Financial;INTERNACIONAL DE FOZ DO IGUACU;0.012238
Government;INTERNACIONAL DE FOZ DO IGUACU;0.175536
Manufacturing;INTERNACIONAL DE FOZ DO IGUACU;0.037939
Mining;INTERNACIONAL DE FOZ DO IGUACU;0.000594
OtherServices;INTERNACIONAL DE FOZ DO IGUACU;0.315578
RealEstate;INTERNACIONAL DE FOZ DO IGUACU;0.004568
Trade;INTERNACIONAL DE FOZ DO IGUACU;0.287985
Transport;INTERNACIONAL DE FOZ DO IGUACU;0.068115
Utilities;INTERNACIONAL DE FOZ DO IGUACU;0.034150
Agriculture;INTERNACIONAL DE PEDRO JUAN CABALLERO;0.119098
Business;INTERNACIONAL DE PEDRO JUAN CABALLERO;0.004783
Construction;INTERNACIONAL DE PEDRO JUAN CABALLERO;0.014637
Financial;INTERNACIONAL DE PEDRO JUAN CABALLERO;0.017143
Government;INTERNACIONAL DE PEDRO JUAN CABALLERO;0.279099
Manufacturing;INTERNACIONAL DE PEDRO JUAN CABALLERO;0.137043
Mining;INTERNACIONAL DE PEDRO JUAN CABALLERO;0.000000
OtherServices;INTERNACIONAL DE PEDRO JUAN CABALLERO;0.122113
RealEstate;INTERNACIONAL DE PEDRO JUAN CABALLERO;0.000501
Trade;INTERNACIONAL DE PEDRO JUAN CABALLERO;0.278016
Transport;INTERNACIONAL DE PEDRO JUAN CABALLERO;0.026165
Utilities;INTERNACIONAL DE PEDRO JUAN CABALLERO;0.001404
Agriculture;INTERNACIONAL DE SANT'ANA DO LIVRAMENTO;0.101861
Business;INTERNACIONAL DE SANT'ANA DO LIVRAMENTO;0.011173
Construction;INTERNACIONAL DE SANT'ANA DO LIVRAMENTO;0.025422
Financial;INTERNACIONAL DE SANT'ANA DO LIVRAMENTO;0.018356
Government;INTERNACIONAL DE SANT'ANA DO LIVRAMENTO;0.190459
Manufacturing;INTERNACIONAL DE SANT'ANA DO LIVRAMENTO;0.038349
Mining;INTERNACIONAL DE SANT'ANA DO LIVRAMENTO;0.000000
OtherServices;INTERNACIONAL DE SANT'ANA DO LIVRAMENTO;0.173606
RealEstate;INTERNACIONAL DE SANT'ANA DO LIVRAMENTO;0.003016
Trade;INTERNACIONAL DE SANT'ANA DO LIVRAMENTO;0.373555
Transport;INTERNACIONAL DE SANT'ANA DO LIVRAMENTO;0.042141
Utilities;INTERNACIONAL DE SANT'ANA DO LIVRAMENTO;0.022061
Agriculture;INTERNACIONAL DE URUGUAIANA;0.151325
Business;INTERNACIONAL DE URUGUAIANA;0.009234
Construction;INTERNACIONAL DE URUGUAIANA;0.035765
Financial;INTERNACIONAL DE URUGUAIANA;0.015769
Government;INTERNACIONAL DE URUGUAIANA;0.133658
Manufacturing;INTERNACIONAL DE URUGUAIANA;0.033153
Mining;INTERNACIONAL DE URUGUAIANA;0.002707
OtherServices;INTERNACIONAL DE URUGUAIANA;0.182386
RealEstate;INTERNACIONAL DE URUGUAIANA;0.001187
Trade;INTERNACIONAL DE URUGUAIANA;0.297502
Transport;INTERNACIONAL DE URUGUAIANA;0.128622
Utilities;INTERNACIONAL DE URUGUAIANA;0.008692
Agriculture;IPATINGA;0.030069
Business;IPATINGA;0.009231
Construction;IPATINGA;0.112705
Financial;IPATINGA;0.010228
Government;IPATINGA;0.133537
Manufacturing;IPATINGA;0.287855
Mining;IPATINGA;0.000857
OtherServices;IPATINGA;0.168901
RealEstate;IPATINGA;0.001426
Trade;IPATINGA;0.198451
Transport;IPATINGA;0.042354
Utilities;IPATINGA;0.004386
Agriculture;ITABIRA;0.022711
Business;ITABIRA;0.005397
Construction;ITABIRA;0.108190
Financial;ITABIRA;0.007182
Government;ITABIRA;0.096556
Manufacturing;ITABIRA;0.058112
Mining;ITABIRA;0.336693
OtherServices;ITABIRA;0.173995
RealEstate;ITABIRA;0.001164
Trade;ITABIRA;0.140859
Transport;ITABIRA;0.020128
Utilities;ITABIRA;0.029013
Agriculture;ITABUNA;0.036840
Business;ITABUNA;0.011745
Construction;ITABUNA;0.051674
Financial;ITABUNA;0.016465
Government;ITABUNA;0.195775
Manufacturing;ITABUNA;0.135165
Mining;ITABUNA;0.001553
OtherServices;ITABUNA;0.208778
RealEstate;ITABUNA;0.003003
Trade;ITABUNA;0.257919
Transport;ITABUNA;0.065162
Utilities;ITABUNA;0.015922
Agriculture;ITAJAI - BALNEARIO CAMBORIU;0.019254
Business;ITAJAI - BALNEARIO CAMBORIU;0.008904
Construction;ITAJAI - BALNEARIO CAMBORIU;0.065630
Financial;ITAJAI - BALNEARIO CAMBORIU;0.011169
Government;ITAJAI - BALNEARIO CAMBORIU;0.113621
Manufacturing;ITAJAI - BALNEARIO CAMBORIU;0.153109
Mining;ITAJAI - BALNEARIO CAMBORIU;0.002351
OtherServices;ITAJAI - BALNEARIO CAMBORIU;0.262840
RealEstate;ITAJAI - BALNEARIO CAMBORIU;0.002295
Trade;ITAJAI - BALNEARIO CAMBORIU;0.269972
Transport;ITAJAI - BALNEARIO CAMBORIU;0.083956
Utilities;ITAJAI - BALNEARIO CAMBORIU;0.006899
Agriculture;ITAJUBA;0.026894
Business;ITAJUBA;0.007283
Construction;ITAJUBA;0.031895
Financial;ITAJUBA;0.011817
Government;ITAJUBA;0.127003
Manufacturing;ITAJUBA;0.384219
Mining;ITAJUBA;0.002037
OtherServices;ITAJUBA;0.198163
RealEstate;ITAJUBA;0.000630
Trade;ITAJUBA;0.183164
Transport;ITAJUBA;0.026672
Utilities;ITAJUBA;0.000222
Agriculture;ITAPETININGA;0.194759
Business;ITAPETININGA;0.004744
Construction;ITAPETININGA;0.035765
Financial;ITAPETININGA;0.009113
Government;ITAPETININGA;0.105609
Manufacturing;ITAPETININGA;0.206790
Mining;ITAPETININGA;0.000834
OtherServices;ITAPETININGA;0.169324
RealEstate;ITAPETININGA;0.001251
Trade;ITAPETININGA;0.240454
Transport;ITAPETININGA;0.023645
Utilities;ITAPETININGA;0.007713
Agriculture;ITAPIPOCA;0.034430
Business;ITAPIPOCA;0.004782
Construction;ITAPIPOCA;0.018512
Financial;ITAPIPOCA;0.007428
Government;ITAPIPOCA;0.354363
Manufacturing;ITAPIPOCA;0.321542
Mining;ITAPIPOCA;0.000000
OtherServices;ITAPIPOCA;0.073451
RealEstate;ITAPIPOCA;0.000000
Trade;ITAPIPOCA;0.182897
Transport;ITAPIPOCA;0.002594
Utilities;ITAPIPOCA;0.000000
Agriculture;ITATIBA;0.016941
Business;ITATIBA;0.005148
Construction;ITATIBA;0.081945
Financial;ITATIBA;0.010059
Government;ITATIBA;0.062594
Manufacturing;ITATIBA;0.411089
Mining;ITATIBA;0.000000
OtherServices;ITATIBA;0.229145
RealEstate;ITATIBA;0.002090
Trade;ITATIBA;0.145660
Transport;ITATIBA;0.029758
Utilities;ITATIBA;0.005573
Agriculture;ITU - SALTO;0.018822
Business;ITU - SALTO;0.006854
Construction;ITU - SALTO;0.026624
Financial;ITU - SALTO;0.016773
Government;ITU - SALTO;0.093708
Manufacturing;ITU - SALTO;0.362638
Mining;ITU - SALTO;0.000560
OtherServices;ITU - SALTO;0.214338
RealEstate;ITU - SALTO;0.001616
Trade;ITU - SALTO;0.204985
Transport;ITU - SALTO;0.045268
Utilities;ITU - SALTO;0.007814
Agriculture;JARAGUA DO SUL;0.007206
Business;JARAGUA DO SUL;0.007972
Construction;JARAGUA DO SUL;0.026891
Financial;JARAGUA DO SUL;0.007709
Government;JARAGUA DO SUL;0.060967
Manufacturing;JARAGUA DO SUL;0.575772
Mining;JARAGUA DO SUL;0.000618
OtherServices;JARAGUA DO SUL;0.138359
RealEstate;JARAGUA DO SUL;0.002482
Trade;JARAGUA DO SUL;0.142091
Transport;JARAGUA DO SUL;0.026811
Utilities;JARAGUA DO SUL;0.003123
Agriculture;JAU;0.030732
Business;JAU;0.007926
Construction;JAU;0.015303
Financial;JAU;0.014378
Government;JAU;0.093063
Manufacturing;JAU;0.381536
Mining;JAU;0.000925
OtherServices;JAU;0.181396
RealEstate;JAU;0.001725
Trade;JAU;0.236206
Transport;JAU;0.031157
Utilities;JAU;0.005651
Agriculture;JEQUIE;0.019931
Business;JEQUIE;0.004393
Construction;JEQUIE;0.025639
Financial;JEQUIE;0.009875
Government;JEQUIE;0.198388
Manufacturing;JEQUIE;0.290768
Mining;JEQUIE;0.001903
OtherServices;JEQUIE;0.129224
RealEstate;JEQUIE;0.000091
Trade;JEQUIE;0.276846
Transport;JEQUIE;0.041085
Utilities;JEQUIE;0.001857
Agriculture;JI-PARANA;0.027786
Business;JI-PARANA;0.015257
Construction;JI-PARANA;0.059041
Financial;JI-PARANA;0.013115
Government;JI-PARANA;0.151017
Manufacturing;JI-PARANA;0.163117
Mining;JI-PARANA;0.004090
OtherServices;JI-PARANA;0.123963
RealEstate;JI-PARANA;0.001912
Trade;JI-PARANA;0.388241
Transport;JI-PARANA;0.048771
Utilities;JI-PARANA;0.003690
Agriculture;JOAO PESSOA;0.014319
Business;JOAO PESSOA;0.012073
Construction;JOAO PESSOA;0.078385
Financial;JOAO PESSOA;0.011300
Government;JOAO PESSOA;0.453325
Manufacturing;JOAO PESSOA;0.098903
Mining;JOAO PESSOA;0.000220
OtherServices;JOAO PESSOA;0.159571
RealEstate;JOAO PESSOA;0.002808
Trade;JOAO PESSOA;0.128534
Transport;JOAO PESSOA;0.024480
Utilities;JOAO PESSOA;0.016084
Agriculture;JOINVILLE;0.003757
Business;JOINVILLE;0.018029
Construction;JOINVILLE;0.042333
Financial;JOINVILLE;0.018237
Government;JOINVILLE;0.074864
Manufacturing;JOINVILLE;0.387422
Mining;JOINVILLE;0.002396
OtherServices;JOINVILLE;0.213982
RealEstate;JOINVILLE;0.002307
Trade;JOINVILLE;0.182851
Transport;JOINVILLE;0.048002
Utilities;JOINVILLE;0.005822
Agriculture;JUAZEIRO DO NORTE;0.002702
Business;JUAZEIRO DO NORTE;0.004877
Construction;JUAZEIRO DO NORTE;0.040503
Financial;JUAZEIRO DO NORTE;0.008755
Government;JUAZEIRO DO NORTE;0.244618
Manufacturing;JUAZEIRO DO NORTE;0.278808
Mining;JUAZEIRO DO NORTE;0.000695
OtherServices;JUAZEIRO DO NORTE;0.149381
RealEstate;JUAZEIRO DO NORTE;0.000474
Trade;JUAZEIRO DO NORTE;0.238417
Transport;JUAZEIRO DO NORTE;0.022661
Utilities;JUAZEIRO DO NORTE;0.008107
Agriculture;JUIZ DE FORA;0.013182
Business;JUIZ DE FORA;0.012592
Construction;JUIZ DE FORA;0.072089
Financial;JUIZ DE FORA;0.015787
Government;JUIZ DE FORA;0.121912
Manufacturing;JUIZ DE FORA;0.147474
Mining;JUIZ DE FORA;0.000769
OtherServices;JUIZ DE FORA;0.296706
RealEstate;JUIZ DE FORA;0.003217
Trade;JUIZ DE FORA;0.223676
Transport;JUIZ DE FORA;0.084794
Utilities;JUIZ DE FORA;0.007801
Agriculture;JUNDIAI;0.008973
Business;JUNDIAI;0.017921
Construction;JUNDIAI;0.039774
Financial;JUNDIAI;0.012801
Government;JUNDIAI;0.075057
Manufacturing;JUNDIAI;0.348190
Mining;JUNDIAI;0.000426
OtherServices;JUNDIAI;0.224715
RealEstate;JUNDIAI;0.001103
Trade;JUNDIAI;0.200304
Transport;JUNDIAI;0.067156
Utilities;JUNDIAI;0.003580
Agriculture;LAGES;0.053514
Business;LAGES;0.021700
Construction;LAGES;0.056528
Financial;LAGES;0.014198
Government;LAGES;0.116700
Manufacturing;LAGES;0.214425
Mining;LAGES;0.001163
OtherServices;LAGES;0.202351
RealEstate;LAGES;0.000899
Trade;LAGES;0.256944
Transport;LAGES;0.059225
Utilities;LAGES;0.002353
Agriculture;LAJEADO;0.015102
Business;LAJEADO;0.010371
Construction;LAJEADO;0.049338
Financial;LAJEADO;0.016033
Government;LAJEADO;0.088024
Manufacturing;LAJEADO;0.423522
Mining;LAJEADO;0.006329
OtherServices;LAJEADO;0.133028
RealEstate;LAJEADO;0.004469
Trade;LAJEADO;0.190803
Transport;LAJEADO;0.057309
Utilities;LAJEADO;0.005672
Agriculture;LAVRAS;0.045428
Business;LAVRAS;0.008356
Construction;LAVRAS;0.066329
Financial;LAVRAS;0.011616
Government;LAVRAS;0.178157
Manufacturing;LAVRAS;0.191958
Mining;LAVRAS;0.009137
OtherServices;LAVRAS;0.181277
RealEstate;LAVRAS;0.001480
Trade;LAVRAS;0.230353
Transport;LAVRAS;0.070102
Utilities;LAVRAS;0.005808
Agriculture;LIMEIRA;0.011278
Business;LIMEIRA;0.009726
Construction;LIMEIRA;0.039718
Financial;LIMEIRA;0.014302
Government;LIMEIRA;0.082209
Manufacturing;LIMEIRA;0.411092
Mining;LIMEIRA;0.002028
OtherServices;LIMEIRA;0.145932
RealEstate;LIMEIRA;0.002368
Trade;LIMEIRA;0.213413
Transport;LIMEIRA;0.060503
Utilities;LIMEIRA;0.007432
Agriculture;LINHARES;0.125883
Business;LINHARES;0.007914
Construction;LINHARES;0.033297
Financial;LINHARES;0.016649
Government;LINHARES;0.169323
Manufacturing;LINHARES;0.250734
Mining;LINHARES;0.010614
OtherServices;LINHARES;0.114553
RealEstate;LINHARES;0.000476
Trade;LINHARES;0.228471
Transport;LINHARES;0.035018
Utilities;LINHARES;0.007067
Agriculture;LONDRINA;0.020043
Business;LONDRINA;0.033013
Construction;LONDRINA;0.062622
Financial;LONDRINA;0.017860
Government;LONDRINA;0.105684
Manufacturing;LONDRINA;0.202887
Mining;LONDRINA;0.000678
OtherServices;LONDRINA;0.250865
RealEstate;LONDRINA;0.002487
Trade;LONDRINA;0.246625
Transport;LONDRINA;0.055069
Utilities;LONDRINA;0.002167
Agriculture;MACAE - RIO DAS OSTRAS;0.006588
Business;MACAE - RIO DAS OSTRAS;0.006193
Construction;MACAE - RIO DAS OSTRAS;0.072317
Financial;MACAE - RIO DAS OSTRAS;0.006739
Government;MACAE - RIO DAS OSTRAS;0.151350
Manufacturing;MACAE - RIO DAS OSTRAS;0.073442
Mining;MACAE - RIO DAS OSTRAS;0.185438
OtherServices;MACAE - RIO DAS OSTRAS;0.263596
RealEstate;MACAE - RIO DAS OSTRAS;0.002038
Trade;MACAE - RIO DAS OSTRAS;0.139594
Transport;MACAE - RIO DAS OSTRAS;0.087243
Utilities;MACAE - RIO DAS OSTRAS;0.005463
Agriculture;MACAPA;0.002936
Business;MACAPA;0.005281
Construction;MACAPA;0.045507
Financial;MACAPA;0.012010
Government;MACAPA;0.465455
Manufacturing;MACAPA;0.024442
Mining;MACAPA;0.002338
OtherServices;MACAPA;0.190570
RealEstate;MACAPA;0.000731
Trade;MACAPA;0.205491
Transport;MACAPA;0.030283
Utilities;MACAPA;0.014956
Agriculture;MACEIO;0.005740
Business;MACEIO;0.012001
Construction;MACEIO;0.091669
Financial;MACEIO;0.012362
Government;MACEIO;0.278552
Manufacturing;MACEIO;0.105649
Mining;MACEIO;0.001561
OtherServices;MACEIO;0.265227
RealEstate;MACEIO;0.003880
Trade;MACEIO;0.174268
Transport;MACEIO;0.034578
Utilities;MACEIO;0.014513
Agriculture;MANAUS;0.002258
Business;MANAUS;0.008775
Construction;MANAUS;0.051102
Financial;MANAUS;0.009157
Government;MANAUS;0.277917
Manufacturing;MANAUS;0.216363
Mining;MANAUS;0.000575
OtherServices;MANAUS;0.213134
RealEstate;MANAUS;0.000849
Trade;MANAUS;0.146006
Transport;MANAUS;0.062534
Utilities;MANAUS;0.011330
Agriculture;MARABA;0.032172
Business;MARABA;0.007139
Construction;MARABA;0.129716
Financial;MARABA;0.010205
Government;MARABA;0.247761
Manufacturing;MARABA;0.139945
Mining;MARABA;0.021200
OtherServices;MARABA;0.095269
RealEstate;MARABA;0.001773
Trade;MARABA;0.267102
Transport;MARABA;0.043406
Utilities;MARABA;0.004312
Agriculture;MARILIA;0.029191
Business;MARILIA;0.013418
Construction;MARILIA;0.073094
Financial;MARILIA;0.017625
Government;MARILIA;0.126052
Manufacturing;MARILIA;0.210160
Mining;MARILIA;0.000218
OtherServices;MARILIA;0.234085
RealEstate;MARILIA;0.005205
Trade;MARILIA;0.240874
Transport;MARILIA;0.042665
Utilities;MARILIA;0.007415
Agriculture;MARINGA;0.010566
Business;MARINGA;0.020361
Construction;MARINGA;0.060805
Financial;MARINGA;0.019524
Government;MARINGA;0.127425
Manufacturing;MARINGA;0.237621
Mining;MARINGA;0.000613
OtherServices;MARINGA;0.191739
RealEstate;MARINGA;0.002717
Trade;MARINGA;0.267558
Transport;MARINGA;0.059434
Utilities;MARINGA;0.001638
Agriculture;MOGI GUACU - MOGI MIRIM;0.070041
Business;MOGI GUACU - MOGI MIRIM;0.005000
Construction;MOGI GUACU - MOGI MIRIM;0.025826
Financial;MOGI GUACU - MOGI MIRIM;0.012391
Government;MOGI GUACU - MOGI MIRIM;0.104652
Manufacturing;MOGI GUACU - MOGI MIRIM;0.316826
Mining;MOGI GUACU - MOGI MIRIM;0.002752
OtherServices;MOGI GUACU - MOGI MIRIM;0.198206
RealEstate;MOGI GUACU - MOGI MIRIM;0.002089
Trade;MOGI GUACU - MOGI MIRIM;0.187379
Transport;MOGI GUACU - MOGI MIRIM;0.060952
Utilities;MOGI GUACU - MOGI MIRIM;0.013887
Agriculture;MONTES CLAROS;0.027916
Business;MONTES CLAROS;0.010181
Construction;MONTES CLAROS;0.074115
Financial;MONTES CLAROS;0.013370
Government;MONTES CLAROS;0.162144
Manufacturing;MONTES CLAROS;0.132603
Mining;MONTES CLAROS;0.003917
OtherServices;MONTES CLAROS;0.239081
RealEstate;MONTES CLAROS;0.002297
Trade;MONTES CLAROS;0.288605
Transport;MONTES CLAROS;0.044469
Utilities;MONTES CLAROS;0.001301
Agriculture;MOSSORO;0.046995
Business;MOSSORO;0.008274
Construction;MOSSORO;0.105255
Financial;MOSSORO;0.009902
Government;MOSSORO;0.154741
Manufacturing;MOSSORO;0.132778
Mining;MOSSORO;0.066345
OtherServices;MOSSORO;0.187395
RealEstate;MOSSORO;0.001746
Trade;MOSSORO;0.248094
Transport;MOSSORO;0.034020
Utilities;MOSSORO;0.004453
Agriculture;MURIAE;0.031651
Business;MURIAE;0.006485
Construction;MURIAE;0.057944
Financial;MURIAE;0.013765
Government;MURIAE;0.110148
Manufacturing;MURIAE;0.242118
Mining;MURIAE;0.002308
OtherServices;MURIAE;0.172188
RealEstate;MURIAE;0.006099
Trade;MURIAE;0.282949
Transport;MURIAE;0.055677
Utilities;MURIAE;0.018669
Agriculture;NATAL;0.004756
Business;NATAL;0.013793
Construction;NATAL;0.078913
Financial;NATAL;0.010916
Government;NATAL;0.314574
Manufacturing;NATAL;0.119552
Mining;NATAL;0.001590
OtherServices;NATAL;0.229595
RealEstate;NATAL;0.004930
Trade;NATAL;0.178069
Transport;NATAL;0.029803
Utilities;NATAL;0.013509
Agriculture;NOVA FRIBURGO;0.004762
Business;NOVA FRIBURGO;0.010746
Construction;NOVA FRIBURGO;0.029528
Financial;NOVA FRIBURGO;0.010799
Government;NOVA FRIBURGO;0.118976
Manufacturing;NOVA FRIBURGO;0.364323
Mining;NOVA FRIBURGO;0.002092
OtherServices;NOVA FRIBURGO;0.173528
RealEstate;NOVA FRIBURGO;0.002291
Trade;NOVA FRIBURGO;0.216943
Transport;NOVA FRIBURGO;0.053538
Utilities;NOVA FRIBURGO;0.012473
Agriculture;OURINHOS;0.077550
Business;OURINHOS;0.006016
Construction;OURINHOS;0.041740
Financial;OURINHOS;0.014789
Government;OURINHOS;0.127733
Manufacturing;OURINHOS;0.224016
Mining;OURINHOS;0.001389
OtherServices;OURINHOS;0.202453
RealEstate;OURINHOS;0.000676
Trade;OURINHOS;0.250413
Transport;OURINHOS;0.038775
Utilities;OURINHOS;0.014451
Agriculture;PALMAS;0.002242
Business;PALMAS;0.005874
Construction;PALMAS;0.054862
Financial;PALMAS;0.007868
Government;PALMAS;0.604673
Manufacturing;PALMAS;0.019501
Mining;PALMAS;0.001054
OtherServices;PALMAS;0.147544
RealEstate;PALMAS;0.002472
Trade;PALMAS;0.118427
Transport;PALMAS;0.015585
Utilities;PALMAS;0.019900
Agriculture;PARANAGUA;0.001715
Business;PARANAGUA;0.003192
Construction;PARANAGUA;0.024735
Financial;PARANAGUA;0.010081
Government;PARANAGUA;0.147947
Manufacturing;PARANAGUA;0.117718
Mining;PARANAGUA;0.013421
OtherServices;PARANAGUA;0.287135
RealEstate;PARANAGUA;0.000873
Trade;PARANAGUA;0.219917
Transport;PARANAGUA;0.166255
Utilities;PARANAGUA;0.007011
Agriculture;PARAUAPEBAS;0.005180
Business;PARAUAPEBAS;0.003174
Construction;PARAUAPEBAS;0.216881
Financial;PARAUAPEBAS;0.004181
Government;PARAUAPEBAS;0.125822
Manufacturing;PARAUAPEBAS;0.055824
Mining;PARAUAPEBAS;0.184197
OtherServices;PARAUAPEBAS;0.188912
RealEstate;PARAUAPEBAS;0.006942
Trade;PARAUAPEBAS;0.161371
Transport;PARAUAPEBAS;0.029819
Utilities;PARAUAPEBAS;0.017697
Agriculture;PARINTINS;0.002215
Business;PARINTINS;0.005738
Construction;PARINTINS;0.002510
Financial;PARINTINS;0.007530
Government;PARINTINS;0.716214
Manufacturing;PARINTINS;0.030267
Mining;PARINTINS;0.000000
OtherServices;PARINTINS;0.051316
RealEstate;PARINTINS;0.000000
Trade;PARINTINS;0.159996
Transport;PARINTINS;0.006349
Utilities;PARINTINS;0.017865
Agriculture;PARNAIBA;0.016537
Business;PARNAIBA;0.005151
Construction;PARNAIBA;0.104600
Financial;PARNAIBA;0.011615
Government;PARNAIBA;0.275393
Manufacturing;PARNAIBA;0.086620
Mining;PARNAIBA;0.000591
OtherServices;PARNAIBA;0.110620
RealEstate;PARNAIBA;0.001050
Trade;PARNAIBA;0.348123
Transport;PARNAIBA;0.022246
Utilities;PARNAIBA;0.017455
Agriculture;PASSO FUNDO;0.018246
Business;PASSO FUNDO;0.014446
Construction;PASSO FUNDO;0.050266
Financial;PASSO FUNDO;0.020330
Government;PASSO FUNDO;0.109780
Manufacturing;PASSO FUNDO;0.170674
Mining;PASSO FUNDO;0.001156
OtherServices;PASSO FUNDO;0.249999
RealEstate;PASSO FUNDO;0.002274
Trade;PASSO FUNDO;0.293919
Transport;PASSO FUNDO;0.063681
Utilities;PASSO FUNDO;0.005229
Agriculture;PASSOS;0.045209
Business;PASSOS;0.010081
Construction;PASSOS;0.068277
Financial;PASSOS;0.012730
Government;PASSOS;0.113065
Manufacturing;PASSOS;0.272103
Mining;PASSOS;0.018554
OtherServices;PASSOS;0.178146
RealEstate;PASSOS;0.001196
Trade;PASSOS;0.242335
Transport;PASSOS;0.035836
Utilities;PASSOS;0.002469
Agriculture;PATOS;0.006886
Business;PATOS;0.004740
Construction;PATOS;0.058842
Financial;PATOS;0.018675
Government;PATOS;0.249358
Manufacturing;PATOS;0.159311
Mining;PATOS;0.005947
OtherServices;PATOS;0.155146
RealEstate;PATOS;0.001878
Trade;PATOS;0.317204
Transport;PATOS;0.022014
Utilities;PATOS;0.000000
Agriculture;PATOS DE MINAS;0.107019
Business;PATOS DE MINAS;0.013179
Construction;PATOS DE MINAS;0.077948
Financial;PATOS DE MINAS;0.014772
Government;PATOS DE MINAS;0.121606
Manufacturing;PATOS DE MINAS;0.135972
Mining;PATOS DE MINAS;0.001687
OtherServices;PATOS DE MINAS;0.176828
RealEstate;PATOS DE MINAS;0.002368
Trade;PATOS DE MINAS;0.291010
Transport;PATOS DE MINAS;0.050238
Utilities;PATOS DE MINAS;0.007371
Agriculture;PAULO AFONSO;0.011854
Business;PAULO AFONSO;0.002764
Construction;PAULO AFONSO;0.044599
Financial;PAULO AFONSO;0.012298
Government;PAULO AFONSO;0.329760
Manufacturing;PAULO AFONSO;0.098237
Mining;PAULO AFONSO;0.000000
OtherServices;PAULO AFONSO;0.141896
RealEstate;PAULO AFONSO;0.001259
Trade;PAULO AFONSO;0.253984
Transport;PAULO AFONSO;0.034005
Utilities;PAULO AFONSO;0.069344
Agriculture;PELOTAS;0.021604
Business;PELOTAS;0.016283
Construction;PELOTAS;0.062024
Financial;PELOTAS;0.015418
Government;PELOTAS;0.190330
Manufacturing;PELOTAS;0.136896
Mining;PELOTAS;0.001496
OtherServices;PELOTAS;0.237915
RealEstate;PELOTAS;0.003943
Trade;PELOTAS;0.249498
Transport;PELOTAS;0.057116
Utilities;PELOTAS;0.007478
Agriculture;PETROLINA;0.183276
Business;PETROLINA;0.004822
Construction;PETROLINA;0.077649
Financial;PETROLINA;0.011129
Government;PETROLINA;0.191982
Manufacturing;PETROLINA;0.086431
Mining;PETROLINA;0.001230
OtherServices;PETROLINA;0.151690
RealEstate;PETROLINA;0.001631
Trade;PETROLINA;0.249097
Transport;PETROLINA;0.033574
Utilities;PETROLINA;0.007490
Agriculture;PETROPOLIS;0.009347
Business;PETROPOLIS;0.012673
Construction;PETROPOLIS;0.049966
Financial;PETROPOLIS;0.016582
Government;PETROPOLIS;0.100259
Manufacturing;PETROPOLIS;0.203130
Mining;PETROPOLIS;0.000324
OtherServices;PETROPOLIS;0.305294
RealEstate;PETROPOLIS;0.003124
Trade;PETROPOLIS;0.226284
Transport;PETROPOLIS;0.051003
Utilities;PETROPOLIS;0.022014
Agriculture;PIRACICABA;0.012790
Business;PIRACICABA;0.008002
Construction;PIRACICABA;0.048684
Financial;PIRACICABA;0.016179
Government;PIRACICABA;0.075132
Manufacturing;PIRACICABA;0.338611
Mining;PIRACICABA;0.000982
OtherServices;PIRACICABA;0.206478
RealEstate;PIRACICABA;0.001902
Trade;PIRACICABA;0.224459
Transport;PIRACICABA;0.059795
Utilities;PIRACICABA;0.006986
Agriculture;POCOS DE CALDAS;0.025958
Business;POCOS DE CALDAS;0.010786
Construction;POCOS DE CALDAS;0.057709
Financial;POCOS DE CALDAS;0.015050
Government;POCOS DE CALDAS;0.130065
Manufacturing;POCOS DE CALDAS;0.178175
Mining;POCOS DE CALDAS;0.029850
OtherServices;POCOS DE CALDAS;0.227332
RealEstate;POCOS DE CALDAS;0.002037
Trade;POCOS DE CALDAS;0.236927
Transport;POCOS DE CALDAS;0.070564
Utilities;POCOS DE CALDAS;0.015548
Agriculture;PONTA GROSSA;0.039988
Business;PONTA GROSSA;0.007845
Construction;PONTA GROSSA;0.052357
Financial;PONTA GROSSA;0.013333
Government;PONTA GROSSA;0.111189
Manufacturing;PONTA GROSSA;0.230166
Mining;PONTA GROSSA;0.003418
OtherServices;PONTA GROSSA;0.210103
RealEstate;PONTA GROSSA;0.003092
Trade;PONTA GROSSA;0.244395
Transport;PONTA GROSSA;0.081488
Utilities;PONTA GROSSA;0.002627
Agriculture;PORTO ALEGRE;0.002910
Business;PORTO ALEGRE;0.020662
Construction;PORTO ALEGRE;0.050290
Financial;PORTO ALEGRE;0.018998
Government;PORTO ALEGRE;0.182291
Manufacturing;PORTO ALEGRE;0.190376
Mining;PORTO ALEGRE;0.000665
OtherServices;PORTO ALEGRE;0.291065
RealEstate;PORTO ALEGRE;0.003199
Trade;PORTO ALEGRE;0.174609
Transport;PORTO ALEGRE;0.052488
Utilities;PORTO ALEGRE;0.012448
Agriculture;PORTO SEGURO;0.034468
Business;PORTO SEGURO;0.003377
Construction;PORTO SEGURO;0.042212
Financial;PORTO SEGURO;0.006215
Government;PORTO SEGURO;0.193678
Manufacturing;PORTO SEGURO;0.029448
Mining;PORTO SEGURO;0.000048
OtherServices;PORTO SEGURO;0.435833
RealEstate;PORTO SEGURO;0.004111
Trade;PORTO SEGURO;0.206293
Transport;PORTO SEGURO;0.043455
Utilities;PORTO SEGURO;0.000861
Agriculture;PORTO VELHO;0.007403
Business;PORTO VELHO;0.004751
Construction;PORTO VELHO;0.205824
Financial;PORTO VELHO;0.007026
Government;PORTO VELHO;0.422505
Manufacturing;PORTO VELHO;0.031187
Mining;PORTO VELHO;0.000922
OtherServices;PORTO VELHO;0.143110
RealEstate;PORTO VELHO;0.001434
Trade;PORTO VELHO;0.136480
Transport;PORTO VELHO;0.027278
Utilities;PORTO VELHO;0.012078
Agriculture;POUSO ALEGRE;0.021179
Business;POUSO ALEGRE;0.006487
Construction;POUSO ALEGRE;0.042383
Financial;POUSO ALEGRE;0.012434
Government;POUSO ALEGRE;0.134053
Manufacturing;POUSO ALEGRE;0.280438
Mining;POUSO ALEGRE;0.001954
OtherServices;POUSO ALEGRE;0.215186
RealEstate;POUSO ALEGRE;0.001050
Trade;POUSO ALEGRE;0.221662
Transport;POUSO ALEGRE;0.061437
Utilities;POUSO ALEGRE;0.001734
Agriculture;PRESIDENTE PRUDENTE;0.027531
Business;PRESIDENTE PRUDENTE;0.012092
Construction;PRESIDENTE PRUDENTE;0.046374
Financial;PRESIDENTE PRUDENTE;0.020523
Government;PRESIDENTE PRUDENTE;0.140727
Manufacturing;PRESIDENTE PRUDENTE;0.195788
Mining;PRESIDENTE PRUDENTE;0.000000
OtherServices;PRESIDENTE PRUDENTE;0.225181
RealEstate;PRESIDENTE PRUDENTE;0.001655
Trade;PRESIDENTE PRUDENTE;0.275291
Transport;PRESIDENTE PRUDENTE;0.043847
Utilities;PRESIDENTE PRUDENTE;0.010990
Agriculture;RECIFE;0.009927
Business;RECIFE;0.017830
Construction;RECIFE;0.098065
Financial;RECIFE;0.014285
Government;RECIFE;0.239376
Manufacturing;RECIFE;0.099087
Mining;RECIFE;0.000807
OtherServices;RECIFE;0.296655
RealEstate;RECIFE;0.001819
Trade;RECIFE;0.162007
Transport;RECIFE;0.044293
Utilities;RECIFE;0.015848
Agriculture;RESENDE;0.012510
Business;RESENDE;0.006729
Construction;RESENDE;0.040289
Financial;RESENDE;0.009773
Government;RESENDE;0.194814
Manufacturing;RESENDE;0.310044
Mining;RESENDE;0.001779
OtherServices;RESENDE;0.183803
RealEstate;RESENDE;0.001359
Trade;RESENDE;0.158980
Transport;RESENDE;0.073644
Utilities;RESENDE;0.006275
Agriculture;RIBEIRAO PRETO;0.014998
Business;RIBEIRAO PRETO;0.019267
Construction;RIBEIRAO PRETO;0.075407
Financial;RIBEIRAO PRETO;0.024542
Government;RIBEIRAO PRETO;0.089806
Manufacturing;RIBEIRAO PRETO;0.132018
Mining;RIBEIRAO PRETO;0.000788
OtherServices;RIBEIRAO PRETO;0.312382
RealEstate;RIBEIRAO PRETO;0.003015
Trade;RIBEIRAO PRETO;0.272030
Transport;RIBEIRAO PRETO;0.052763
Utilities;RIBEIRAO PRETO;0.002985
Agriculture;RIO BRANCO;0.019099
Business;RIO BRANCO;0.005242
Construction;RIO BRANCO;0.074842
Financial;RIO BRANCO;0.009430
Government;RIO BRANCO;0.488550
Manufacturing;RIO BRANCO;0.048064
Mining;RIO BRANCO;0.001824
OtherServices;RIO BRANCO;0.166695
RealEstate;RIO BRANCO;0.000953
Trade;RIO BRANCO;0.152233
Transport;RIO BRANCO;0.022467
Utilities;RIO BRANCO;0.010601
Agriculture;RIO CLARO;0.021428
Business;RIO CLARO;0.007453
Construction;RIO CLARO;0.026639
Financial;RIO CLARO;0.012265
Government;RIO CLARO;0.099232
Manufacturing;RIO CLARO;0.422704
Mining;RIO CLARO;0.004874
OtherServices;RIO CLARO;0.187238
RealEstate;RIO CLARO;0.001039
Trade;RIO CLARO;0.171974
Transport;RIO CLARO;0.038201
Utilities;RIO CLARO;0.006952
Agriculture;RIO DE JANEIRO;0.000937
Business;RIO DE JANEIRO;0.027437
Construction;RIO DE JANEIRO;0.055629
Financial;RIO DE JANEIRO;0.025262
Government;RIO DE JANEIRO;0.192688
Manufacturing;RIO DE JANEIRO;0.079148
Mining;RIO DE JANEIRO;0.003628
OtherServices;RIO DE JANEIRO;0.347325
RealEstate;RIO DE JANEIRO;0.003201
Trade;RIO DE JANEIRO;0.183304
Transport;RIO DE JANEIRO;0.066792
Utilities;RIO DE JANEIRO;0.014648
Agriculture;RIO GRANDE;0.024789
Business;RIO GRANDE;0.007742
Construction;RIO GRANDE;0.040946
Financial;RIO GRANDE;0.016961
Government;RIO GRANDE;0.159975
Manufacturing;RIO GRANDE;0.146850
Mining;RIO GRANDE;0.001681
OtherServices;RIO GRANDE;0.231048
RealEstate;RIO GRANDE;0.003964
Trade;RIO GRANDE;0.237710
Transport;RIO GRANDE;0.113330
Utilities;RIO GRANDE;0.015004
Agriculture;RIO VERDE;0.118121
Business;RIO VERDE;0.008121
Construction;RIO VERDE;0.039261
Financial;RIO VERDE;0.013263
Government;RIO VERDE;0.152989
Manufacturing;RIO VERDE;0.279319
Mining;RIO VERDE;0.000801
OtherServices;RIO VERDE;0.107785
RealEstate;RIO VERDE;0.001413
Trade;RIO VERDE;0.226656
Transport;RIO VERDE;0.047674
Utilities;RIO VERDE;0.004597
Agriculture;RONDONOPOLIS;0.069633
Business;RONDONOPOLIS;0.009418
Construction;RONDONOPOLIS;0.043388
Financial;RONDONOPOLIS;0.013954
Government;RONDONOPOLIS;0.104946
Manufacturing;RONDONOPOLIS;0.169555
Mining;RONDONOPOLIS;0.000485
OtherServices;RONDONOPOLIS;0.146553
RealEstate;RONDONOPOLIS;0.001594
Trade;RONDONOPOLIS;0.315047
Transport;RONDONOPOLIS;0.112143
Utilities;RONDONOPOLIS;0.013284
Agriculture;SALVADOR;0.002268
Business;SALVADOR;0.013673
Construction;SALVADOR;0.113619
Financial;SALVADOR;0.013077
Government;SALVADOR;0.217609
Manufacturing;SALVADOR;0.073742
Mining;SALVADOR;0.002326
OtherServices;SALVADOR;0.343443
RealEstate;SALVADOR;0.003094
Trade;SALVADOR;0.151979
Transport;SALVADOR;0.053300
Utilities;SALVADOR;0.011870
Agriculture;SANTA CRUZ DO SUL;0.017753
Business;SANTA CRUZ DO SUL;0.016442
Construction;SANTA CRUZ DO SUL;0.057185
Financial;SANTA CRUZ DO SUL;0.019484
Government;SANTA CRUZ DO SUL;0.120171
Manufacturing;SANTA CRUZ DO SUL;0.273587
Mining;SANTA CRUZ DO SUL;0.001341
OtherServices;SANTA CRUZ DO SUL;0.202599
RealEstate;SANTA CRUZ DO SUL;0.003877
Trade;SANTA CRUZ DO SUL;0.231373
Transport;SANTA CRUZ DO SUL;0.052796
Utilities;SANTA CRUZ DO SUL;0.003390
Agriculture;SANTA MARIA;0.010725
Business;SANTA MARIA;0.016336
Construction;SANTA MARIA;0.057411
Financial;SANTA MARIA;0.022153
Government;SANTA MARIA;0.167656
Manufacturing;SANTA MARIA;0.099606
Mining;SANTA MARIA;0.004491
OtherServices;SANTA MARIA;0.286572
RealEstate;SANTA MARIA;0.004139
Trade;SANTA MARIA;0.263311
Transport;SANTA MARIA;0.055501
Utilities;SANTA MARIA;0.012099
Agriculture;SANTAREM;0.022575
Business;SANTAREM;0.009436
Construction;SANTAREM;0.040269
Financial;SANTAREM;0.007036
Government;SANTAREM;0.366539
Manufacturing;SANTAREM;0.084042
Mining;SANTAREM;0.000329
OtherServices;SANTAREM;0.130453
RealEstate;SANTAREM;0.001647
Trade;SANTAREM;0.266596
Transport;SANTAREM;0.061347
Utilities;SANTAREM;0.009731
Agriculture;SAO BENTO DO SUL - RIO NEGRINHO;0.020696
Business;SAO BENTO DO SUL - RIO NEGRINHO;0.006050
Construction;SAO BENTO DO SUL - RIO NEGRINHO;0.016892
Financial;SAO BENTO DO SUL - RIO NEGRINHO;0.009683
Government;SAO BENTO DO SUL - RIO NEGRINHO;0.106051
Manufacturing;SAO BENTO DO SUL - RIO NEGRINHO;0.541832
Mining;SAO BENTO DO SUL - RIO NEGRINHO;0.000106
OtherServices;SAO BENTO DO SUL - RIO NEGRINHO;0.097824
RealEstate;SAO BENTO DO SUL - RIO NEGRINHO;0.000798
Trade;SAO BENTO DO SUL - RIO NEGRINHO;0.144522
Transport;SAO BENTO DO SUL - RIO NEGRINHO;0.049054
Utilities;SAO BENTO DO SUL - RIO NEGRINHO;0.006491
Agriculture;SAO CARLOS;0.038705
Business;SAO CARLOS;0.009195
Construction;SAO CARLOS;0.038839
Financial;SAO CARLOS;0.013414
Government;SAO CARLOS;0.098084
Manufacturing;SAO CARLOS;0.279163
Mining;SAO CARLOS;0.002020
OtherServices;SAO CARLOS;0.251750
RealEstate;SAO CARLOS;0.003317
Trade;SAO CARLOS;0.205276
Transport;SAO CARLOS;0.050060
Utilities;SAO CARLOS;0.010178
Agriculture;SAO JOAO DEL REI;0.030869
Business;SAO JOAO DEL REI;0.006269
Construction;SAO JOAO DEL REI;0.065111
Financial;SAO JOAO DEL REI;0.010727
Government;SAO JOAO DEL REI;0.180986
Manufacturing;SAO JOAO DEL REI;0.162404
Mining;SAO JOAO DEL REI;0.006699
OtherServices;SAO JOAO DEL REI;0.214785
RealEstate;SAO JOAO DEL REI;0.001077
Trade;SAO JOAO DEL REI;0.276009
Transport;SAO JOAO DEL REI;0.030354
Utilities;SAO JOAO DEL REI;0.014709
Agriculture;SAO JOSE DO RIO PRETO;0.018186
Business;SAO JOSE DO RIO PRETO;0.016488
Construction;SAO JOSE DO RIO PRETO;0.060600
Financial;SAO JOSE DO RIO PRETO;0.029504
Government;SAO JOSE DO RIO PRETO;0.085283
Manufacturing;SAO JOSE DO RIO PRETO;0.203888
Mining;SAO JOSE DO RIO PRETO;0.000139
OtherServices;SAO JOSE DO RIO PRETO;0.268017
RealEstate;SAO JOSE DO RIO PRETO;0.004312
Trade;SAO JOSE DO RIO PRETO;0.266494
Transport;SAO JOSE DO RIO PRETO;0.043239
Utilities;SAO JOSE DO RIO PRETO;0.003850
Agriculture;SAO JOSE DOS CAMPOS;0.014687
Business;SAO JOSE DOS CAMPOS;0.010374
Construction;SAO JOSE DOS CAMPOS;0.060716
Financial;SAO JOSE DOS CAMPOS;0.014617
Government;SAO JOSE DOS CAMPOS;0.101879
Manufacturing;SAO JOSE DOS CAMPOS;0.268298
Mining;SAO JOSE DOS CAMPOS;0.002695
OtherServices;SAO JOSE DOS CAMPOS;0.293983
RealEstate;SAO JOSE DOS CAMPOS;0.002201
Trade;SAO JOSE DOS CAMPOS;0.183304
Transport;SAO JOSE DOS CAMPOS;0.039355
Utilities;SAO JOSE DOS CAMPOS;0.007891
Agriculture;SAO LUIS;0.002301
Business;SAO LUIS;0.008009
Construction;SAO LUIS;0.144087
Financial;SAO LUIS;0.010317
Government;SAO LUIS;0.339441
Manufacturing;SAO LUIS;0.035645
Mining;SAO LUIS;0.000693
OtherServices;SAO LUIS;0.237676
RealEstate;SAO LUIS;0.001997
Trade;SAO LUIS;0.157325
Transport;SAO LUIS;0.049956
Utilities;SAO LUIS;0.012554
Agriculture;SAO MATEUS;0.160376
Business;SAO MATEUS;0.007683
Construction;SAO MATEUS;0.053279
Financial;SAO MATEUS;0.006519
Government;SAO MATEUS;0.183323
Manufacturing;SAO MATEUS;0.040780
Mining;SAO MATEUS;0.039506
OtherServices;SAO MATEUS;0.178487
RealEstate;SAO MATEUS;0.000196
Trade;SAO MATEUS;0.236183
Transport;SAO MATEUS;0.092099
Utilities;SAO MATEUS;0.001568
Agriculture;SAO PAULO;0.001499
Business;SAO PAULO;0.032373
Construction;SAO PAULO;0.055987
Financial;SAO PAULO;0.033692
Government;SAO PAULO;0.147152
Manufacturing;SAO PAULO;0.156917
Mining;SAO PAULO;0.000688
OtherServices;SAO PAULO;0.321556
RealEstate;SAO PAULO;0.003530
Trade;SAO PAULO;0.179362
Transport;SAO PAULO;0.059158
Utilities;SAO PAULO;0.008085
Agriculture;SAO ROQUE - MAIRINQUE;0.029277
Business;SAO ROQUE - MAIRINQUE;0.003371
Construction;SAO ROQUE - MAIRINQUE;0.020612
Financial;SAO ROQUE - MAIRINQUE;0.012978
Government;SAO ROQUE - MAIRINQUE;0.133152
Manufacturing;SAO ROQUE - MAIRINQUE;0.318078
Mining;SAO ROQUE - MAIRINQUE;0.000000
OtherServices;SAO ROQUE - MAIRINQUE;0.224156
RealEstate;SAO ROQUE - MAIRINQUE;0.000611
Trade;SAO ROQUE - MAIRINQUE;0.224556
Transport;SAO ROQUE - MAIRINQUE;0.033209
Utilities;SAO ROQUE - MAIRINQUE;0.000000
Agriculture;SERTAOZINHO;0.019150
Business;SERTAOZINHO;0.003823
Construction;SERTAOZINHO;0.041002
Financial;SERTAOZINHO;0.016362
Government;SERTAOZINHO;0.055769
Manufacturing;SERTAOZINHO;0.512952
Mining;SERTAOZINHO;0.000000
OtherServices;SERTAOZINHO;0.123520
RealEstate;SERTAOZINHO;0.000944
Trade;SERTAOZINHO;0.181122
Transport;SERTAOZINHO;0.037421
Utilities;SERTAOZINHO;0.007934
Agriculture;SETE LAGOAS;0.024313
Business;SETE LAGOAS;0.006984
Construction;SETE LAGOAS;0.041751
Financial;SETE LAGOAS;0.012860
Government;SETE LAGOAS;0.106345
Manufacturing;SETE LAGOAS;0.292200
Mining;SETE LAGOAS;0.004863
OtherServices;SETE LAGOAS;0.205492
RealEstate;SETE LAGOAS;0.001496
Trade;SETE LAGOAS;0.235032
Transport;SETE LAGOAS;0.055198
Utilities;SETE LAGOAS;0.013466
Agriculture;SINOP;0.041390
Business;SINOP;0.009747
Construction;SINOP;0.070991
Financial;SINOP;0.014928
Government;SINOP;0.143468
Manufacturing;SINOP;0.187021
Mining;SINOP;0.000693
OtherServices;SINOP;0.141992
RealEstate;SINOP;0.003978
Trade;SINOP;0.351665
Transport;SINOP;0.030623
Utilities;SINOP;0.003504
Agriculture;SOBRAL;0.001864
Business;SOBRAL;0.003389
Construction;SOBRAL;0.035026
Financial;SOBRAL;0.010172
Government;SOBRAL;0.131138
Manufacturing;SOBRAL;0.511771
Mining;SOBRAL;0.004073
OtherServices;SOBRAL;0.124630
RealEstate;SOBRAL;0.001013
Trade;SOBRAL;0.156741
Transport;SOBRAL;0.010471
Utilities;SOBRAL;0.009712
Agriculture;SOROCABA;0.005153
Business;SOROCABA;0.008299
Construction;SOROCABA;0.056896
Financial;SOROCABA;0.014458
Government;SOROCABA;0.079789
Manufacturing;SOROCABA;0.325748
Mining;SOROCABA;0.001125
OtherServices;SOROCABA;0.254852
RealEstate;SOROCABA;0.002330
Trade;SOROCABA;0.209487
Transport;SOROCABA;0.038310
Utilities;SOROCABA;0.003554
Agriculture;TAQUARA - PAROBE - IGREJINHA;0.002325
Business;TAQUARA - PAROBE - IGREJINHA;0.004599
Construction;TAQUARA - PAROBE - IGREJINHA;0.018287
Financial;TAQUARA - PAROBE - IGREJINHA;0.008069
Government;TAQUARA - PAROBE - IGREJINHA;0.086529
Manufacturing;TAQUARA - PAROBE - IGREJINHA;0.647937
Mining;TAQUARA - PAROBE - IGREJINHA;0.003849
OtherServices;TAQUARA - PAROBE - IGREJINHA;0.091952
RealEstate;TAQUARA - PAROBE - IGREJINHA;0.001329
Trade;TAQUARA - PAROBE - IGREJINHA;0.113204
Transport;TAQUARA - PAROBE - IGREJINHA;0.020495
Utilities;TAQUARA - PAROBE - IGREJINHA;0.001426
Agriculture;TATUI;0.066255
Business;TATUI;0.005380
Construction;TATUI;0.036358
Financial;TATUI;0.011291
Government;TATUI;0.129566
Manufacturing;TATUI;0.320196
Mining;TATUI;0.002414
OtherServices;TATUI;0.163625
RealEstate;TATUI;0.001491
Trade;TATUI;0.210483
Transport;TATUI;0.046336
Utilities;TATUI;0.006604
Agriculture;TEIXEIRA DE FREITAS;0.135037
Business;TEIXEIRA DE FREITAS;0.009294
Construction;TEIXEIRA DE FREITAS;0.097588
Financial;TEIXEIRA DE FREITAS;0.011322
Government;TEIXEIRA DE FREITAS;0.189597
Manufacturing;TEIXEIRA DE FREITAS;0.074377
Mining;TEIXEIRA DE FREITAS;0.001437
OtherServices;TEIXEIRA DE FREITAS;0.113458
RealEstate;TEIXEIRA DE FREITAS;0.001655
Trade;TEIXEIRA DE FREITAS;0.314763
Transport;TEIXEIRA DE FREITAS;0.050035
Utilities;TEIXEIRA DE FREITAS;0.001437
Agriculture;TEOFILO OTONI;0.046242
Business;TEOFILO OTONI;0.007441
Construction;TEOFILO OTONI;0.139365
Financial;TEOFILO OTONI;0.014930
Government;TEOFILO OTONI;0.167587
Manufacturing;TEOFILO OTONI;0.084421
Mining;TEOFILO OTONI;0.002432
OtherServices;TEOFILO OTONI;0.166879
RealEstate;TEOFILO OTONI;0.000555
Trade;TEOFILO OTONI;0.307355
Transport;TEOFILO OTONI;0.054518
Utilities;TEOFILO OTONI;0.008276
Agriculture;TERESINA;0.006627
Business;TERESINA;0.007165
Construction;TERESINA;0.097226
Financial;TERESINA;0.013989
Government;TERESINA;0.351419
Manufacturing;TERESINA;0.074793
Mining;TERESINA;0.000989
OtherServices;TERESINA;0.220709
RealEstate;TERESINA;0.001862
Trade;TERESINA;0.177614
Transport;TERESINA;0.031887
Utilities;TERESINA;0.015720
Agriculture;TERESOPOLIS;0.032389
Business;TERESOPOLIS;0.015796
Construction;TERESOPOLIS;0.064409
Financial;TERESOPOLIS;0.013639
Government;TERESOPOLIS;0.163571
Manufacturing;TERESOPOLIS;0.133498
Mining;TERESOPOLIS;0.000462
OtherServices;TERESOPOLIS;0.287608
RealEstate;TERESOPOLIS;0.004957
Trade;TERESOPOLIS;0.247433
Transport;TERESOPOLIS;0.035252
Utilities;TERESOPOLIS;0.000985
Agriculture;TOLEDO;0.029673
Business;TOLEDO;0.005900
Construction;TOLEDO;0.037047
Financial;TOLEDO;0.013182
Government;TOLEDO;0.098149
Manufacturing;TOLEDO;0.414541
Mining;TOLEDO;0.001414
OtherServices;TOLEDO;0.163120
RealEstate;TOLEDO;0.002273
Trade;TOLEDO;0.191188
Transport;TOLEDO;0.041669
Utilities;TOLEDO;0.001844
Agriculture;TRAMANDAI - OSORIO;0.008114
Business;TRAMANDAI - OSORIO;0.002859
Construction;TRAMANDAI - OSORIO;0.065303
Financial;TRAMANDAI - OSORIO;0.009933
Government;TRAMANDAI - OSORIO;0.195409
Manufacturing;TRAMANDAI - OSORIO;0.113346
Mining;TRAMANDAI - OSORIO;0.002754
OtherServices;TRAMANDAI - OSORIO;0.180998
RealEstate;TRAMANDAI - OSORIO;0.005212
Trade;TRAMANDAI - OSORIO;0.351557
Transport;TRAMANDAI - OSORIO;0.045486
Utilities;TRAMANDAI - OSORIO;0.019030
Agriculture;TRES LAGOAS;0.123543
Business;TRES LAGOAS;0.006261
Construction;TRES LAGOAS;0.038493
Financial;TRES LAGOAS;0.007149
Government;TRES LAGOAS;0.124520
Manufacturing;TRES LAGOAS;0.317697
Mining;TRES LAGOAS;0.001937
OtherServices;TRES LAGOAS;0.156004
RealEstate;TRES LAGOAS;0.001655
Trade;TRES LAGOAS;0.164174
Transport;TRES LAGOAS;0.055327
Utilities;TRES LAGOAS;0.003240
Agriculture;TRES RIOS - PARAIBA DO SUL;0.035811
Business;TRES RIOS - PARAIBA DO SUL;0.004102
Construction;TRES RIOS - PARAIBA DO SUL;0.038274
Financial;TRES RIOS - PARAIBA DO SUL;0.020296
Government;TRES RIOS - PARAIBA DO SUL;0.124426
Manufacturing;TRES RIOS - PARAIBA DO SUL;0.232080
Mining;TRES RIOS - PARAIBA DO SUL;0.014576
OtherServices;TRES RIOS - PARAIBA DO SUL;0.235179
RealEstate;TRES RIOS - PARAIBA DO SUL;0.001760
Trade;TRES RIOS - PARAIBA DO SUL;0.233900
Transport;TRES RIOS - PARAIBA DO SUL;0.057954
Utilities;TRES RIOS - PARAIBA DO SUL;0.001642
Agriculture;TUBARAO - LAGUNA;0.011015
Business;TUBARAO - LAGUNA;0.011589
Construction;TUBARAO - LAGUNA;0.044926
Financial;TUBARAO - LAGUNA;0.010712
Government;TUBARAO - LAGUNA;0.124812
Manufacturing;TUBARAO - LAGUNA;0.213577
Mining;TUBARAO - LAGUNA;0.002602
OtherServices;TUBARAO - LAGUNA;0.216730
RealEstate;TUBARAO - LAGUNA;0.003369
Trade;TUBARAO - LAGUNA;0.287579
Transport;TUBARAO - LAGUNA;0.062054
Utilities;TUBARAO - LAGUNA;0.011035
Agriculture;UBA;0.011589
Business;UBA;0.005908
Construction;UBA;0.019314
Financial;UBA;0.008760
Government;UBA;0.075602
Manufacturing;UBA;0.525074
Mining;UBA;0.001380
OtherServices;UBA;0.121867
RealEstate;UBA;0.000379
Trade;UBA;0.196361
Transport;UBA;0.033766
Utilities;UBA;0.000000
Agriculture;UBERABA;0.050453
Business;UBERABA;0.014386
Construction;UBERABA;0.096919
Financial;UBERABA;0.013625
Government;UBERABA;0.166691
Manufacturing;UBERABA;0.154796
Mining;UBERABA;0.001945
OtherServices;UBERABA;0.217233
RealEstate;UBERABA;0.001052
Trade;UBERABA;0.225767
Transport;UBERABA;0.046331
Utilities;UBERABA;0.010800
Agriculture;UBERLANDIA;0.029499
Business;UBERLANDIA;0.026572
Construction;UBERLANDIA;0.071985
Financial;UBERLANDIA;0.020433
Government;UBERLANDIA;0.098008
Manufacturing;UBERLANDIA;0.141363
Mining;UBERLANDIA;0.001238
OtherServices;UBERLANDIA;0.293937
RealEstate;UBERLANDIA;0.003164
Trade;UBERLANDIA;0.238297
Transport;UBERLANDIA;0.063514
Utilities;UBERLANDIA;0.011989
Agriculture;UMUARAMA;0.031824
Business;UMUARAMA;0.010362
Construction;UMUARAMA;0.045825
Financial;UMUARAMA;0.014001
Government;UMUARAMA;0.097229
Manufacturing;UMUARAMA;0.261539
Mining;UMUARAMA;0.000000
OtherServices;UMUARAMA;0.183855
RealEstate;UMUARAMA;0.002205
Trade;UMUARAMA;0.306415
Transport;UMUARAMA;0.044576
Utilities;UMUARAMA;0.002168
Agriculture;VARGINHA;0.032908
Business;VARGINHA;0.012678
Construction;VARGINHA;0.038923
Financial;VARGINHA;0.017128
Government;VARGINHA;0.112841
Manufacturing;VARGINHA;0.232568
Mining;VARGINHA;0.003507
OtherServices;VARGINHA;0.249755
RealEstate;VARGINHA;0.002239
Trade;VARGINHA;0.233498
Transport;VARGINHA;0.061365
Utilities;VARGINHA;0.002589
Agriculture;VITORIA;0.003919
Business;VITORIA;0.016742
Construction;VITORIA;0.084952
Financial;VITORIA;0.016509
Government;VITORIA;0.197133
Manufacturing;VITORIA;0.093318
Mining;VITORIA;0.009014
OtherServices;VITORIA;0.279521
RealEstate;VITORIA;0.002589
Trade;VITORIA;0.196744
Transport;VITORIA;0.085428
Utilities;VITORIA;0.014131
Agriculture;VITORIA DA CONQUISTA;0.025477
Business;VITORIA DA CONQUISTA;0.004976
Construction;VITORIA DA CONQUISTA;0.081392
Financial;VITORIA DA CONQUISTA;0.013766
Government;VITORIA DA CONQUISTA;0.191360
Manufacturing;VITORIA DA CONQUISTA;0.139096
Mining;VITORIA DA CONQUISTA;0.003083
OtherServices;VITORIA DA CONQUISTA;0.169146
RealEstate;VITORIA DA CONQUISTA;0.010807
Trade;VITORIA DA CONQUISTA;0.276670
Transport;VITORIA DA CONQUISTA;0.077175
Utilities;VITORIA DA CONQUISTA;0.007051
Agriculture;VITORIA DE SANTO ANTAO;0.024987
Business;VITORIA DE SANTO ANTAO;0.002757
Construction;VITORIA DE SANTO ANTAO;0.016558
Financial;VITORIA DE SANTO ANTAO;0.008668
Government;VITORIA DE SANTO ANTAO;0.206332
Manufacturing;VITORIA DE SANTO ANTAO;0.419272
Mining;VITORIA DE SANTO ANTAO;0.007592
OtherServices;VITORIA DE SANTO ANTAO;0.080236
RealEstate;VITORIA DE SANTO ANTAO;0.000538
Trade;VITORIA DE SANTO ANTAO;0.217699
Transport;VITORIA DE SANTO ANTAO;0.012852
Utilities;VITORIA DE SANTO ANTAO;0.002511
Agriculture;VOLTA REDONDA - BARRA MANSA;0.005818
Business;VOLTA REDONDA - BARRA MANSA;0.010712
Construction;VOLTA REDONDA - BARRA MANSA;0.075723
Financial;VOLTA REDONDA - BARRA MANSA;0.019521
Government;VOLTA REDONDA - BARRA MANSA;0.123364
Manufacturing;VOLTA REDONDA - BARRA MANSA;0.185699
Mining;VOLTA REDONDA - BARRA MANSA;0.001124
OtherServices;VOLTA REDONDA - BARRA MANSA;0.247133
RealEstate;VOLTA REDONDA - BARRA MANSA;0.001981
Trade;VOLTA REDONDA - BARRA MANSA;0.238204
Transport;VOLTA REDONDA - BARRA MANSA;0.078951
Utilities;VOLTA REDONDA - BARRA MANSA;0.011770
