cod_mun;pop;rgps_ben;rgps_val;bpc_ben;bpc_val;pbf_fam;pbf_val
1100122;116610.00;11524.06;6831880.65;2709.67;1379229.36;7273.08;627470.42
1100205;428527.00;25285.19;17967692.87;12084.75;6150029.75;23906.00;2462330.83
1100809;19779.00;701.20;388905.71;184.50;94089.65;1272.50;136901.92
1200401;336038.00;23509.28;15836008.32;9189.75;4669529.33;21535.25;2197347.17
1302603;1802014.00;97911.12;79801027.63;33555.92;17108126.08;99845.08;10078799.58
1303403;102033.00;6332.16;3248481.05;2351.17;1198056.07;11393.08;1306402.08
1400100;284313.00;18096.27;11262978.27;6707.08;3418040.76;21424.00;2333726.33
1500107;141100.00;11314.02;5924578.18;4579.92;2335226.02;16841.58;1835096.58
1500800;471980.00;19480.52;13140233.26;11162.42;5688987.21;31680.58;3368174.50
1501402;1393399.00;111282.16;91100349.68;44612.42;22740239.50;75226.58;7406521.08
1501501;51651.00;4744.18;2938712.97;1569.50;799933.21;3978.42;399979.83
1501709;113227.00;13329.98;6640393.76;1908.08;972468.83;13993.50;1560405.33
1502103;120896.00;12943.84;6193926.92;1119.33;570858.41;13369.00;1582102.08
1502400;173149.00;13401.05;7746163.68;3509.17;1788959.12;16547.42;1627148.58
1504208;233669.00;16261.93;9673200.84;4474.33;2281114.43;13317.83;1409317.83
1504422;108246.00;2322.34;1426302.32;1106.33;564027.66;10187.08;1035394.17
1505536;153908.00;9799.48;6216735.28;2148.83;1095655.24;9114.25;750483.58
1506807;294580.00;27770.99;16079318.15;6596.83;3362498.99;23132.50;2496542.92
1600303;398204.00;15433.59;9633305.73;10307.92;5253575.88;21270.17;2360865.58
1600600;101262.00;5052.14;3054174.97;4589.25;2337878.26;8955.92;992312.17
1702109;150484.00;14571.30;8526668.73;5760.08;2935268.03;8945.92;614761.50
1721000;228332.00;14820.83;10162018.10;3174.17;1616553.07;9831.67;790297.17
2100055;104047.00;11287.17;5650816.80;2547.17;1298987.33;12796.25;1271328.67
2101202;100014.00;14767.13;7589207.15;5660.92;2882327.25;14073.00;1428924.25
2103000;155129.00;19521.58;9748730.42;6147.58;3131958.83;21311.58;2233515.25
2103307;118038.00;15626.27;7748824.73;5944.75;3029413.88;16659.58;1750680.83
2103752;12579.00;608.03;296573.60;155.83;79474.87;2016.75;203483.75
2105302;247505.00;29053.37;17103177.78;7918.75;4034128.38;18124.08;1610619.42
2107506;105121.00;6914.91;3710163.61;1538.08;784419.55;12704.00;1290962.42
2109452;26327.00;299.28;143937.42;88.42;45092.13;4262.58;464678.58
2111201;163045.00;8333.90;4663417.50;4451.42;2268671.98;16750.42;1756942.67
2111300;1014837.00;84769.07;62855034.72;38555.50;19650339.33;81052.58;7716654.50
2112209;155460.00;10280.38;5247976.97;3151.00;1604158.55;20706.50;2041263.00
2207702;145705.00;21681.26;13043355.31;3842.50;1955693.63;11983.58;1095271.92
2211001;814230.00;89833.06;58655369.41;15118.33;7701889.29;66207.75;6153046.92
2301000;72628.00;4662.06;2582111.36;1561.25;794257.09;8203.00;723824.42
2301901;55323.00;8219.40;4651286.08;1187.00;604593.88;7497.08;742238.83
2303709;325441.00;17142.38;9555430.18;6558.50;3337900.42;26524.92;2565859.08
2304202;121428.00;14994.55;8819675.10;3319.25;1687738.75;14720.25;1432146.17
2304285;46033.00;2037.28;1235184.63;969.83;494436.17;4749.92;444750.25
2304350;21786.00;2555.29;1367663.48;372.08;189195.78;2665.00;245587.42
2304400;2452185.00;205127.40;160071463.55;52406.58;26689498.00;185898.42;16678122.50
2306256;35817.00;2030.17;1062305.37;519.17;263090.99;3568.00;316131.50
2306405;116065.00;17125.01;8626138.14;2173.25;1104490.34;15289.75;1603147.75
2307304;249939.00;20942.94;12583798.75;7527.50;3828545.72;27307.58;2566724.17
2307650;209057.00;13672.69;8279653.23;4118.75;2097674.73;21810.50;1977276.08
2307700;113561.00;9060.38;5030262.72;3556.58;1809080.39;13990.50;1350689.08
2309706;72299.00;4669.95;2613839.37;843.17;428604.59;7005.67;630270.33
2312908;188233.00;20417.04;12317778.28;4976.08;2534037.15;17762.58;1655112.33
2403251;202456.00;12202.37;7862716.29;3402.67;1730638.48;12441.33;1068075.83
2403608;24569.00;1274.49;700510.43;54.92;28007.15;2714.00;257173.25
2407104;69467.00;6789.36;3593865.05;1017.67;518823.80;8152.92;798064.83
2408003;259815.00;29861.18;19257826.56;6161.42;3128153.94;17790.58;1595109.33
2408102;803739.00;82652.04;62585950.99;13543.67;6889295.38;46520.92;4160755.67
2412005;87668.00;10573.33;6026282.74;1342.00;683348.39;8841.75;760363.75
2501807;99716.00;9166.98;5182302.59;2194.92;1115378.53;10932.67;1069655.00
2503209;57944.00;4601.26;3471768.01;1018.67;518138.80;4472.42;438332.58
2504009;385213.00;49626.76;32252558.78;12060.17;6138652.54;34431.08;3178378.50
2504603;21400.00;700.41;371632.51;216.50;110177.48;2477.25;260618.50
2507507;723515.00;73003.38;55114360.30;12415.50;6312836.67;57346.92;5319270.92
2508307;25900.00;2539.50;1344099.12;344.42;175647.25;3512.67;355304.58
2508604;11730.00;311.91;172832.95;140.83;71824.64;1539.08;150180.33
2509206;12902.00;859.92;450571.40;101.17;51594.39;1689.17;166648.00
2510808;100674.00;12932.00;7440994.28;4086.25;2077721.78;10918.25;1073940.83
2512408;12923.00;1003.64;541776.87;63.00;31924.65;1658.33;165912.25
2512507;41049.00;7554.52;4054779.02;611.00;311209.48;5344.50;528428.08
2512606;1699.00;91.60;48832.36;6.00;3060.00;228.58;23197.42
2513703;120310.00;12898.83;7188089.33;3056.33;1556696.55;15120.08;1469608.58
2600054;94429.00;7183.39;4396811.78;2071.67;1051680.23;11807.92;1120287.25
2601052;18156.00;291.38;154972.97;151.67;77349.66;2529.42;243833.50
2602902;185025.00;17678.55;11626778.78;5540.25;2817704.31;18361.33;1729723.25
2603454;144466.00;11888.09;7410849.51;4586.17;2333998.71;15121.00;1267317.42
2604106;314912.00;28489.57;18067795.71;10895.25;5552948.04;26634.08;2412945.42
2606002;129408.00;19184.40;11177904.55;7001.00;3564105.89;12803.08;1244859.83
2606804;102021.00;8346.54;5148259.51;2500.92;1270028.02;12521.75;1217439.50
2607208;80637.00;5177.70;3244675.05;1821.92;927442.32;8540.50;823933.67
2607604;21884.00;1058.91;672622.37;412.67;210192.44;2490.67;244131.50
2607752;23769.00;1361.35;879566.70;674.17;342365.73;3265.50;320608.92
2607901;644620.00;25799.25;18546048.23;11258.92;5727446.00;64350.83;5693645.25
2609402;56696.00;6208.97;3874874.50;1154.33;586931.91;6320.33;577912.92
2609600;377779.00;26138.01;19444798.13;11772.67;5990114.62;33864.33;3303528.25
2610608;51357.00;3790.29;2093006.98;866.25;440625.91;6506.75;626543.08
2610707;300466.00;22135.30;15227510.49;5445.67;2768665.87;21987.75;1988579.08
2611101;293962.00;27584.63;17010514.61;4567.92;2327355.30;27916.58;2629625.50
2611606;1537704.00;200721.98;179567392.33;56788.75;28920933.67;128548.58;12053780.00
2613701;102895.00;8964.04;5464311.70;3331.08;1693338.61;12278.58;1206113.67
2616407;129974.00;15266.19;8931530.30;4343.00;2203562.72;16994.08;1664536.58
2700300;214006.00;25490.50;14108777.54;9610.08;4895940.62;26348.50;2519384.92
2700508;14230.00;228.21;121305.80;531.92;271271.53;2311.58;227333.50
2702207;5526.00;153.19;83299.95;62.33;31784.03;834.00;76376.50
2704302;932748.00;99634.91;73835873.59;27452.25;13977571.42;79219.50;7270122.33
2704708;45977.00;2390.25;1454780.43;864.08;440616.58;6322.00;646697.50
2705200;15682.00;138.98;85025.49;439.33;223911.40;2160.00;206774.42
2706448;11347.00;158.72;94159.32;404.50;206153.42;1299.92;133376.67
2707701;68481.00;8308.63;5189823.43;2112.92;1073094.88;9303.83;929289.42
2707909;6891.00;136.61;79823.22;70.50;35942.41;949.83;91387.75
2708907;14603.00;201.36;120288.15;121.67;61828.60;1543.58;151570.42
2800308;571149.00;70903.72;56573761.58;11939.92;6058139.67;33874.08;2967578.17
2800605;24976.00;976.79;630856.77;177.92;90715.83;2397.25;247667.00
2801504;13503.00;1069.97;712911.87;215.92;108983.04;1469.08;140304.17
2802007;4326.00;51.33;30223.83;20.58;10497.43;577.92;58597.08
2802502;2929.00;26.85;19825.27;21.58;11007.42;291.50;26240.42
2803609;26902.00;1464.00;926646.61;350.25;178627.07;3113.42;320727.92
2804003;16343.00;1502.69;946875.12;223.67;113641.43;2037.00;207230.58
2804805;160827.00;4632.84;2810975.57;1502.00;760249.42;18055.92;1778362.83
2805901;9355.00;478.52;268289.78;139.25;70915.12;1215.50;127235.58
2806107;9221.00;395.61;253247.84;121.92;62177.49;1084.17;107564.58
2806701;78864.00;3859.78;2441719.57;890.50;452427.23;8269.00;826682.00
2807204;8004.00;438.25;237631.78;95.92;48403.81;1097.25;111144.83
2900702;141949.00;14786.87;10690774.78;3782.08;1923959.93;13049.83;1304270.92
2903201;137427.00;10652.30;6764076.09;2900.75;1478470.46;12354.58;1207156.00
2905701;242970.00;15514.93;12961429.23;3381.42;1724277.09;19717.42;2046509.50
2906501;83158.00;7118.64;5824506.07;1350.58;688424.79;6924.08;659617.67
2910057;66440.00;5041.88;4084811.80;796.92;406086.40;5640.92;561665.17
2910727;100196.00;7464.50;4766937.75;4879.92;2487926.94;7050.92;580642.58
2910800;556642.00;48362.54;32553144.72;12282.75;6254763.88;45470.50;4458310.92
2913606;184236.00;18073.37;13384107.09;6831.00;3477787.18;22712.42;2172628.00
2914802;204667.00;21311.70;15712143.78;9123.25;4644035.46;20670.17;1998045.83
2918001;151895.00;13841.67;8930657.73;7696.17;3921483.08;16175.42;1543590.08
2918407;197965.00;18388.44;11179508.41;3051.58;1555652.77;22649.50;2284089.92
2919207;163449.00;12033.39;10132762.09;2049.08;1043478.17;15839.83;1540500.00
2919926;17376.00;908.09;730168.51;123.75;63112.43;1589.42;151826.00
2921005;40183.00;2786.65;1889315.57;855.33;435347.39;4079.92;366934.25
2924009;108396.00;14655.00;10702219.05;2554.17;1293175.10;12807.83;1242754.92
2925303;126929.00;5446.96;3608279.68;2949.25;1503590.63;11876.83;1143608.00
2927408;2675656.00;251830.11;222908613.50;40779.83;20770869.50;173399.00;15168516.67
2929206;33183.00;1522.43;1194904.84;317.25;161644.04;3296.83;325102.17
2929503;42153.00;4010.60;2810317.04;766.25;389892.54;5228.92;490482.42
2930709;118047.00;8221.77;6372081.72;1905.92;970982.80;9363.75;906804.83
2931350;138341.00;11160.04;7095579.38;6063.42;3088679.55;13356.58;1241683.83
2933307;306866.00;34364.52;22007361.32;9734.42;4958024.54;26192.83;2486799.75
3101631;6075.00;486.42;294205.46;32.75;16702.18;394.08;38151.25
3102902;11114.00;1286.33;827539.89;123.42;62789.28;771.58;61119.33
3103504;109801.00;17140.80;12173781.26;2047.75;1042348.91;4687.00;352222.25
3105608;126284.00;22926.52;15738148.16;1911.92;971490.40;6762.50;537552.25
3106200;2375151.00;383225.29;340168748.43;31931.75;16251271.17;69591.83;5841274.67
3106309;23397.00;3738.96;2399538.65;278.25;141142.04;1536.42;138542.50
3106705;378089.00;32095.87;24179496.26;4079.33;2075360.43;16918.83;1554759.58
3109006;33973.00;4415.69;3289629.77;414.17;209377.61;1806.92;147257.17
3109253;3992.00;103.44;50807.37;13.33;6799.85;467.92;35465.67
3110004;40750.00;6390.59;4860528.94;459.58;233769.92;2368.00;199758.83
3115904;2792.00;90.02;55471.95;36.42;18572.39;183.58;15343.17
3116209;2785.00;127.92;81922.33;6.00;3059.96;235.25;21241.92
3116407;4542.00;626.98;371812.84;82.25;41947.37;368.67;31572.50
3117876;5936.00;131.08;85134.82;28.67;14619.93;289.58;24831.50
3118007;48519.00;7545.05;6345495.81;390.75;196935.83;2002.25;169929.83
3118304;116512.00;23605.62;19603766.41;1272.92;646404.69;3991.67;319237.25
3118601;603442.00;68698.24;55231966.85;6651.00;3387086.43;21985.33;1927138.17
3119401;103694.00;14591.83;11457926.82;1603.92;816074.77;5977.67;482645.00
3119708;3301.00;238.47;162996.89;11.00;5610.00;149.33;10210.25
3122306;213016.00;31095.39;23293581.88;1982.33;1010162.43;5038.50;341940.58
3124104;60271.00;3190.16;2101422.33;628.42;320335.07;4708.00;402433.25
3125002;3753.00;111.34;67397.15;31.33;15979.89;337.42;30082.58
3126307;4098.00;589.07;392900.70;42.42;21632.48;157.83;13551.83
3127701;263689.00;36129.37;25435828.75;6255.92;3178476.17;14225.83;1367776.00
3129806;158954.00;12745.64;8560549.26;1500.67;764582.82;8046.75;680375.83
3130101;34851.00;3655.26;2463565.74;660.08;336131.14;1361.33;117725.00
3130408;5859.00;274.80;174206.42;9.67;4930.00;333.25;27222.83
3131000;5760.00;659.35;411738.50;141.58;72206.85;494.50;45916.50
3131158;16708.00;780.96;481040.27;43.50;22185.00;1583.58;138927.58
3131307;239468.00;43465.17;41198654.43;3044.75;1543806.88;9681.17;808710.17
3131703;109783.00;17635.12;15741154.21;1000.92;507188.29;3282.25;238827.83
3132404;90658.00;15074.30;11656361.93;1398.25;712173.91;3399.25;291475.67
3134301;6139.00;552.75;348538.09;106.33;54229.84;513.67;39445.83
3135001;2990.00;41.06;24633.62;8.67;4419.97;161.75;13794.33
3135407;5395.00;784.12;522018.94;52.42;26273.50;572.58;47973.00
3136652;22202.00;2009.64;1425292.48;373.17;189889.90;1286.08;126070.17
3136702;516247.00;98746.56;75452600.14;5728.83;2916030.34;14900.75;1157450.08
3137601;52520.00;5690.96;4374821.78;657.58;334522.40;2568.50;217737.25
3138203;92200.00;16070.05;11894628.21;745.58;379206.07;3456.42;227694.75
3140159;13192.00;141.35;93119.59;93.42;47523.46;641.42;47660.67
3140308;4012.00;833.07;760731.39;11.17;5694.96;344.58;29808.42
3140803;13435.00;1966.21;1351973.40;169.25;85942.75;545.33;38822.33
3143302;361915.00;35687.17;24270571.18;7820.42;3983708.58;20457.00;1886722.75
3143906;100765.00;20408.35;13088124.72;1980.83;1006474.97;5589.08;418279.75
3144359;6341.00;848.08;521550.55;127.75;65152.46;522.50;46799.50
3144805;80998.00;14386.52;11961826.81;598.50;304101.94;1850.08;131362.83
3145901;35268.00;5574.89;5765964.57;299.50;152106.88;782.58;59959.50
3147907;106290.00;17873.59;13019200.87;1440.00;731700.11;4165.50;333094.42
3148004;138710.00;23431.11;15548656.87;1714.67;872595.87;4752.25;297267.17
3149309;58740.00;10093.23;7766118.58;690.25;350519.02;1989.58;146969.50
3150901;5217.00;360.87;227904.68;69.92;35657.42;424.58;36949.42
3151008;8016.00;341.92;223734.38;30.33;15469.92;412.50;29459.83
3151800;152435.00;25515.77;20750798.59;2529.25;1287504.62;2992.17;235614.17
3152501;130615.00;19643.97;14871042.45;1825.92;929802.33;2570.00;214142.00
3153608;9573.00;301.64;193129.70;83.17;42414.96;748.92;60665.50
3153806;1861.00;119.24;76110.90;18.75;9562.40;101.17;7656.92
3153905;15342.00;637.24;490729.26;10.75;5482.43;776.58;59328.75
3154606;296317.00;17024.72;10008521.07;2010.25;1023936.82;17545.42;1495482.75
3154705;3826.00;446.15;382017.99;26.08;13302.43;170.42;13387.33
3154804;9090.00;307.17;206334.05;5.42;2762.46;452.00;32106.17
3156304;6867.00;991.00;584313.79;110.58;56397.50;289.75;21474.83
3156700;126269.00;13115.20;10138919.26;1305.08;662986.08;4258.58;353178.25
3157336;7865.00;556.70;345149.49;44.42;22371.91;493.83;37255.58
3157807;202942.00;18122.33;12477058.78;2312.17;1175303.92;13393.83;1139496.58
3158607;3860.00;110.55;68544.77;4.58;2337.50;128.33;11127.08
3158953;27265.00;874.14;547485.51;173.42;88288.75;2237.75;195254.58
3160900;3513.00;414.56;290309.93;37.42;19082.46;199.83;14812.83
3162500;84469.00;19594.23;13121710.06;1041.25;528554.89;4320.00;319580.33
3162922;25537.00;1654.30;1106287.21;249.75;127256.78;1857.75;178790.83
3162955;19799.00;1682.73;1188638.31;177.42;90329.44;947.08;81868.25
3163201;3996.00;282.69;176615.20;30.42;15512.36;207.92;17266.58
3165537;25814.00;1625.88;1125935.12;81.58;41607.50;627.58;49338.75
3167202;214152.00;29762.47;21664798.20;3532.58;1795107.83;8099.75;654855.08
3167509;2537.00;153.19;102624.84;3.25;1657.50;183.33;14281.25
3168606;134745.00;18175.24;11138908.12;4539.42;2313441.11;10013.58;905043.25
3168705;81243.00;14537.35;14033815.48;857.58;433643.22;2877.33;218906.50
3168804;6961.00;786.49;486304.32;68.00;34679.91;428.25;31621.08
3169901;101519.00;16695.44;10887531.51;1735.17;881767.76;3909.83;283216.67
3170107;295988.00;48189.61;35445122.51;4560.67;2318465.63;5422.33;441630.83
3170206;604013.00;74194.16;56263294.05;12473.25;6346685.58;11672.75;925867.08
3170701;123081.00;19137.02;14435791.39;1249.92;633737.94;1746.92;131856.67
3171204;104527.00;8459.46;5983722.31;1403.25;713854.21;5575.08;461085.67
3172202;2553.00;146.87;88400.65;12.58;6417.50;184.92;14178.83
3201209;189889.00;28709.88;20217673.84;2203.25;1120533.95;5784.08;469546.83
3201308;348738.00;36482.34;25641495.75;5037.33;2558602.73;15131.42;1394163.50
3201506;111788.00;20228.31;13252187.89;1221.00;622109.43;4907.17;351985.08
3202207;17025.00;1393.72;930802.95;209.42;105894.36;919.17;74829.75
3202405;105286.00;11843.87;8703170.43;2055.67;1045834.39;4104.08;324467.00
3203205;141306.00;15443.07;9682051.38;2366.92;1206249.82;7417.75;656664.00
3204906;109028.00;11140.30;7605303.56;1982.42;1008185.60;7059.50;629041.92
3205002;409267.00;35162.06;27482324.28;6877.58;3501079.21;18351.67;1659519.58
3205101;65001.00;4032.71;2558614.58;510.00;258287.57;3498.08;304944.25
3205200;414586.00;43923.16;37621754.24;4598.50;2341014.64;9543.75;888451.42
3205309;327801.00;57566.63;58606701.61;3664.58;1864413.89;9590.50;871787.50
3300100;169511.00;17993.62;16040620.50;1523.75;774971.92;6127.00;536015.67
3300209;112008.00;14793.19;11012933.97;2732.67;1391872.84;7399.25;686612.42
3300225;11423.00;1392.93;949576.94;152.00;76397.76;586.33;52976.75
3300233;27560.00;2181.79;1576173.25;198.67;101319.89;1439.00;127476.50
3300258;27715.00;3332.30;2712615.99;266.42;135872.00;1382.08;123624.33
3300407;177813.00;27231.66;21970165.15;1231.50;626050.92;6880.75;629407.17
3300456;469332.00;29381.86;20323896.88;7747.17;3947843.96;36647.92;3732419.58
3300704;186227.00;19174.14;14911477.48;1877.33;957421.44;11482.67;949045.67
3300936;13359.00;798.33;577846.42;140.00;71399.97;546.33;52107.75
3300951;8180.00;1058.12;699930.58;58.92;30042.40;548.75;45954.42
3301009;463731.00;59340.96;42064388.91;5252.92;2677311.14;21906.00;2012040.75
3301306;35347.00;4082.46;2777225.30;575.17;293163.73;1335.00;106197.17
3301405;21211.00;2064.92;1355900.93;388.00;197878.98;1435.08;137306.92
3301702;855048.00;95852.52;69407147.56;15137.67;7710732.33;50894.75;5057839.67
3301850;51483.00;3803.72;2767547.02;308.08;156771.23;3564.50;328796.58
3301876;22851.00;1589.55;1313610.14;80.50;41054.59;1229.17;101928.67
3301900;218008.00;23123.15;15506384.13;4067.00;2071544.93;13746.00;1191528.42
3302007;109091.00;13694.80;10963877.16;2556.17;1300983.72;6603.50;662092.92
3302254;28783.00;3614.99;2928405.55;295.08;150066.88;1957.92;175920.17
3302270;95492.00;4151.16;2656316.59;1491.17;759929.84;9544.17;995899.92
3302403;206728.00;18824.32;16486835.54;2028.67;1032913.91;7775.25;559874.33
3302502;227322.00;28458.77;19480555.71;4122.58;2100017.83;17834.50;1816964.75
3302601;36456.00;1697.73;1383194.22;339.42;173102.08;1982.33;178205.17
3302700;127461.00;11929.94;9139435.51;2483.17;1266117.90;5609.67;457377.17
3302858;168376.00;12517.44;9001488.84;4807.25;2449282.79;8118.42;763609.33
3303203;157425.00;28703.56;21135997.72;4977.42;2535112.11;7630.58;641544.42
3303302;487562.00;84879.62;79773033.64;7656.58;3903370.25;13195.33;1242133.42
3303401;182082.00;35955.65;25811146.54;1830.50;933282.05;4145.50;331869.58
3303500;796257.00;74063.08;53792156.06;12357.83;6289647.17;47870.17;4555521.83
3303609;47124.00;9860.28;6851647.74;1245.50;634856.84;2610.50;242539.83
3303708;41084.00;8385.23;5705614.16;558.92;283984.23;1942.58;157454.42
3303906;295917.00;51067.86;39054441.42;3131.67;1596092.17;10066.92;978915.75
3303955;22719.00;1933.05;1526597.56;53.17;26707.00;1456.00;130955.33
3304110;16592.00;1693.00;1362551.96;110.83;56524.63;896.50;73098.42
3304128;12793.00;1163.15;891984.77;119.67;61029.97;569.58;53629.08
3304144;137962.00;17004.19;11985627.89;6354.75;3236784.88;10808.58;1090152.33
3304201;119769.00;17540.36;14701091.12;1499.92;763538.47;2327.42;176292.58
3304524;105676.00;8716.88;7281501.99;887.75;452751.25;3462.83;273230.92
3304557;6320446.00;925465.94;942251210.88;80009.83;40768236.00;168270.08;15304078.25
3304904;999728.00;91974.58;65655278.63;9105.92;4641255.04;43211.58;3745532.75
3305000;32747.00;4647.84;3034325.33;1069.67;544648.78;2089.67;194071.75
3305109;458673.00;48100.38;34771653.98;6667.75;3399249.32;21176.83;1873623.83
3305208;87875.00;8772.94;6459481.15;1399.33;713659.22;5676.33;499139.17
3305505;74234.00;7969.09;5980795.23;2121.67;1081294.18;4795.42;411483.50
3305554;78186.00;2750.33;2063824.69;729.50;371962.07;5472.67;515673.25
3305752;30732.00;2641.36;1816778.04;280.75;143182.35;2670.25;245892.25
3305802;163746.00;25192.01;18401389.69;2608.33;1329158.51;6070.83;495250.17
3306008;77432.00;16473.55;11707757.61;724.92;368783.90;4078.00;383752.33
3306305;257803.00;56949.13;53639567.74;1780.67;902634.00;10044.75;917042.08
3500758;4884.00;316.65;205271.24;59.17;30172.38;195.67;15114.58
3500808;3891.00;957.05;593846.78;45.92;22697.50;143.17;9605.83
3501152;16839.00;2091.77;2553832.32;108.67;55419.45;558.75;53398.92
3501301;23513.00;3492.60;2472752.33;262.33;133789.85;1121.50;94144.83
3501608;210638.00;43006.38;40305945.65;1893.33;963865.85;2172.50;169421.75
3501707;34478.00;4682.59;3590995.08;297.00;151112.77;796.00;64811.58
3502408;3738.00;436.67;281410.39;49.17;25074.88;269.58;24360.25
3502507;35007.00;5696.49;4405576.62;818.83;414218.26;1250.42;100633.25
3502804;181579.00;30383.92;24792844.97;3717.17;1890228.07;4861.75;394587.42
3502903;27299.00;3093.83;2322597.03;266.67;135489.60;562.25;44652.42
3503208;208662.00;35925.64;31727264.48;2285.25;1162300.32;3890.17;291620.83
3503307;118843.00;19880.87;17467509.41;1481.17;753753.28;3651.08;348040.25
3503901;74905.00;7895.65;7174368.63;904.58;460587.76;3515.67;343478.92
3504107;126603.00;19019.37;15596237.91;1517.33;773615.89;2703.83;221600.08
3504602;14603.00;1697.73;1200227.61;283.42;144542.42;359.83;27569.42
3504800;8160.00;1110.24;722763.89;154.67;78880.00;178.75;11829.50
3505500;112101.00;17375.33;13159391.53;1937.08;986415.36;3374.58;287559.75
3505708;240749.00;31441.26;31292824.76;2622.25;1335752.39;9824.33;749429.17
3506003;343937.00;46598.47;41995649.35;4263.00;2169023.61;9011.33;785772.25
3506508;108728.00;21812.34;14906788.14;1412.33;719582.56;2750.75;174910.00
3506607;28575.00;2800.87;2164081.62;552.75;281335.35;1418.50;113485.25
3507100;19708.00;1721.42;1261155.32;213.17;108374.88;860.50;69346.50
3507506;127328.00;18983.83;16713004.51;1624.00;826847.64;2828.58;221891.42
3507605;146744.00;25794.51;20783805.85;1915.50;975903.60;4372.42;345468.92
3507704;5021.00;949.15;612458.62;47.83;24395.00;158.58;13056.67
3507753;2573.00;237.68;139014.31;36.50;18614.00;189.50;16360.08
3507803;21107.00;2954.06;2128905.34;262.33;133789.11;675.17;56413.08
3508405;41604.00;3815.56;3088753.09;591.67;301545.40;1168.67;100007.08
3508504;84752.00;13386.05;13004326.07;1155.50;585887.91;2906.50;244066.17
3508900;4072.00;543.28;337454.05;33.83;17255.00;167.83;11951.58
3509007;86529.00;9842.12;8488513.91;568.58;289611.49;2640.33;250208.58
3509205;64114.00;4836.57;4380721.47;472.58;240387.01;3510.00;342492.17
3509502;1080113.00;146626.63;148400125.86;11982.33;6099420.62;27948.58;2500873.58
3509601;74074.00;8848.75;8367923.34;866.33;441144.14;2249.67;210965.75
3510153;4369.00;285.06;183968.03;44.08;22482.08;317.92;26242.00
3510500;100840.00;12243.43;9988098.71;2114.58;1076218.18;3862.25;309851.75
3510609;369584.00;27763.88;22337920.69;2850.25;1452261.38;12289.33;1012705.42
3511102;112820.00;19447.35;15750914.35;1707.50;869229.16;2500.42;202943.83
3511201;7127.00;908.88;750810.87;57.17;29154.97;198.33;17908.00
3511300;7972.00;1150.51;833329.43;132.00;67294.46;185.92;15300.67
3511706;15085.00;2020.70;1628947.53;148.08;75522.24;544.83;48618.33
3512506;5238.00;680.67;439378.86;62.50;31874.96;242.58;20483.42
3512803;58827.00;7454.24;6823764.62;813.33;414261.84;1438.67;118299.58
3513009;201150.00;20927.94;18850474.81;3172.83;1616839.76;3878.50;367620.17
3513108;31691.00;4723.65;3721862.39;510.25;260046.68;1084.17;80571.67
3513207;7588.00;739.11;469975.99;93.67;47542.25;390.58;27715.00
3513504;118720.00;19276.79;19783505.25;1459.00;743212.03;3928.17;355851.92
3513801;386089.00;49818.64;45652864.05;6922.67;3523687.27;13973.92;1225242.58
3514924;3120.00;245.58;190261.02;30.08;15342.50;79.83;5823.42
3514957;2423.00;435.88;281356.12;33.08;16872.38;82.00;6311.00
3515004;240230.00;11575.39;9854648.84;2810.25;1431196.50;7450.17;639720.00
3515103;62769.00;5104.26;4303293.81;1062.92;541573.20;2999.00;292136.92
3515129;3020.00;330.86;188070.85;20.42;10412.48;114.25;8451.50
3515301;2658.00;208.47;143893.81;6.50;3314.96;116.00;8791.50
3515707;168306.00;11688.31;9453977.30;1979.92;1009373.16;6165.17;513716.33
3516200;318640.00;51213.94;38110482.16;4838.17;2462620.66;9834.42;766079.25
3516309;154472.00;8642.65;6562779.13;1894.92;965033.52;7639.42;759028.92
3516408;131604.00;9122.76;7533587.60;1255.50;638730.76;3268.67;319901.33
3516853;4419.00;180.04;121523.20;17.67;9009.96;121.25;11232.75
3517505;17869.00;2175.47;1547718.28;235.92;120311.97;362.50;26947.08
3518404;112072.00;17250.56;14326372.07;1308.50;664972.43;3350.17;293317.50
3518701;290752.00;30938.25;28997013.12;4330.25;2204360.50;16896.58;1675769.67
3518800;1221979.00;120590.49;110726061.50;14971.58;7620734.17;53651.83;4883609.67
3519071;192692.00;15436.75;12833220.41;2392.33;1217902.13;6397.83;554703.83
3519303;30734.00;4339.09;3250441.51;274.42;139952.02;1215.25;92341.42
3520400;28196.00;1933.05;1604553.31;331.17;168909.73;471.58;35327.00
3520509;201619.00;27819.95;25352079.01;2327.33;1184051.75;2193.92;168189.42
3520608;4825.00;578.81;385975.48;79.25;40416.97;240.00;18380.08
3521101;6016.00;649.09;552017.53;98.25;50107.30;180.58;13626.67
3521150;4463.00;206.10;135077.00;46.08;23502.38;84.17;6921.42
3521408;20029.00;3127.78;2754752.99;146.67;74381.26;434.75;32798.67
3522109;87057.00;12712.48;10880641.71;2156.75;1098260.08;4815.25;452070.92
3522208;152614.00;15077.46;12316533.18;5237.25;2669061.32;7636.00;665702.83
3522307;144377.00;19924.30;15089847.80;2308.75;1174092.51;5120.50;439920.50
3522505;200769.00;11967.84;9339350.22;2263.92;1152792.25;12336.00;1170249.33
3523107;321770.00;22893.36;17573597.48;3842.67;1955362.53;12260.50;1134554.33
3523404;101471.00;16598.32;14446351.58;1087.33;553730.11;2576.92;194574.00
3523701;5914.00;788.06;467093.61;110.00;55743.00;358.00;34754.83
3523909;154147.00;21327.50;18386349.93;1852.67;943437.25;4870.67;409309.58
3524006;44859.00;4242.76;3696800.95;396.33;202186.36;819.58;65623.58
3524402;211214.00;29758.52;26329486.28;2311.67;1175804.67;7140.08;618524.50
3524501;5657.00;622.24;410025.14;172.25;87847.43;200.67;14080.67
3524907;5349.00;119.24;74087.60;66.58;33954.89;262.42;19504.83
3525003;108344.00;6982.03;5768218.81;984.83;501153.45;4400.50;349900.67
3525102;37661.00;4771.03;3603006.89;610.08;309670.03;908.58;69312.08
3525201;23847.00;3038.55;2319444.33;243.50;124184.69;1328.42;121181.25
3525300;131040.00;22245.85;17922147.41;1355.17;689449.82;2382.25;191797.17
3525904;370126.00;71789.70;71174057.69;2886.25;1469292.72;6290.33;576251.83
3526902;276022.00;40798.54;35184314.43;3053.92;1554730.68;9590.58;855021.83
3527306;37125.00;3773.71;3028426.06;260.33;132762.98;693.83;51699.42
3528403;43223.00;6107.90;5629235.57;438.83;223090.68;1200.75;108299.33
3528502;80956.00;5530.67;4565255.04;851.42;433296.28;4253.83;338124.00
3528858;2633.00;393.24;247688.65;22.42;11427.42;106.42;7608.92
3529005;216745.00;31947.42;25669295.46;4093.83;2078980.91;6926.83;604112.00
3529401;417064.00;46524.25;43980087.03;5495.25;2797729.89;11750.42;965372.42
3530300;53792.00;8702.67;6663065.06;857.92;437177.98;1815.00;159744.75
3530409;4295.00;410.61;265312.82;68.75;35062.45;217.08;17905.50
3530607;387779.00;50255.31;46566755.29;4385.00;2231157.02;14832.50;1476479.17
3530706;137245.00;26213.02;22764379.17;1087.67;553682.26;2430.33;182141.75
3530805;86505.00;15356.21;13575440.28;895.33;455954.86;2285.42;195322.00
3531100;46293.00;7051.52;6298143.06;951.58;484384.92;2523.25;238815.83
3531704;4120.00;601.71;406667.27;177.17;90349.76;254.67;18861.08
3531803;48949.00;4154.32;3447212.66;708.25;360329.77;1753.50;155961.58
3532207;4288.00;501.42;306238.10;57.00;28974.16;308.75;27545.00
3532504;8772.00;1165.51;807845.58;153.08;78072.27;335.67;27280.75
3532801;5891.00;799.91;531649.74;80.75;41182.50;179.00;12458.92
3533254;4592.00;276.38;166154.81;36.58;18657.46;76.75;5364.67
3533403;51242.00;7714.82;7037178.41;387.67;197704.10;862.50;63145.42
3534104;6097.00;979.95;712866.93;98.83;50046.36;229.75;18092.67
3534401;666740.00;86084.62;82317011.52;8550.75;4356877.29;20903.25;1685074.42
3534708;103035.00;14876.89;11726606.21;1581.50;804408.72;3036.58;220721.17
3536307;13000.00;1727.74;1214433.21;197.25;99507.72;541.00;51313.25
3536505;82146.00;8436.56;8992173.41;528.83;268890.08;1499.17;133175.17
3538006;146995.00;17429.02;16165986.65;2184.83;1109542.52;5439.50;492244.33
3538105;15039.00;2454.21;1843263.34;211.75;107823.84;520.17;46724.67
3538709;364571.00;56608.79;54107606.70;3413.75;1736101.80;7725.25;662349.75
3539103;15733.00;582.76;459694.59;145.00;73949.83;918.83;80053.75
3539202;24694.00;4143.26;2953583.38;367.25;186332.30;749.67;53135.33
3539400;12072.00;1580.08;1192759.53;138.58;70674.87;508.75;36786.83
3539806;106013.00;10576.49;9114226.51;1082.17;550011.22;5109.17;498200.33
3540754;19397.00;496.69;328357.02;90.17;45927.44;1162.33;107534.33
3541000;262051.00;28605.64;26658303.21;3693.92;1881484.30;9142.75;891374.50
3541208;13570.00;2689.53;1784096.69;101.83;51934.90;645.25;47033.08
3541406;207610.00;33414.58;26962906.96;2391.25;1216082.41;5602.58;497730.17
3542305;3873.00;490.37;358437.23;115.92;59117.46;277.42;24011.00
3542404;18494.00;3280.18;2281071.29;271.50;138280.34;356.42;30210.25
3542701;6587.00;524.32;342361.97;72.58;37017.34;439.00;39974.75
3543105;4273.00;516.43;294074.91;101.42;51722.43;260.75;21577.08
3543303;113068.00;16908.65;16755705.18;1684.42;855881.53;3858.67;357857.33
3543402;604682.00;90759.31;86866348.04;8883.33;4524538.71;12165.83;1006153.25
3543709;10414.00;1629.83;1325112.53;207.83;105991.17;600.67;62836.08
3543907;186253.00;27861.80;25096355.50;2034.58;1036076.32;3291.92;284459.17
3544004;29501.00;4234.86;3746119.14;204.75;104420.23;644.00;57313.17
3544103;43974.00;2805.61;2462192.31;502.92;255783.18;2959.25;294606.67
3544301;9599.00;737.53;574395.72;108.33;55247.83;490.25;46330.33
3545001;15635.00;2181.00;1626055.24;328.92;167746.52;842.67;65874.25
3545159;7059.00;797.54;653590.75;37.75;19252.47;104.83;8997.83
3545209;105516.00;17057.10;14762315.75;1051.50;534714.55;1557.08;126167.25
3545308;40132.00;4643.90;3563939.67;388.75;197334.52;1007.25;100406.25
3545803;180009.00;25151.74;21819287.04;1651.92;840250.34;3790.42;319636.25
3546009;13763.00;1668.52;1323940.27;200.83;102016.77;629.42;52304.33
3546256;1953.00;68.70;38776.11;13.75;7012.50;84.25;6478.33
3546702;21634.00;2413.15;2062699.00;192.67;98239.12;892.75;75814.33
3546801;50453.00;6378.74;4790832.03;976.75;497631.32;2406.75;207264.92
3546900;8248.00;1003.64;757656.15;84.67;43180.00;155.00;13801.00
3547304;108813.00;8235.99;7509175.62;1595.58;812225.70;2834.58;233608.00
3547809;676407.00;112665.62;118964366.70;6809.50;3466213.38;16547.42;1518089.42
3548302;2803.00;387.72;242052.31;30.42;15512.36;98.17;7945.92
3548500;419400.00;90927.51;102280854.36;3261.42;1660543.18;6900.58;626527.58
3548708;765463.00;120543.90;131955547.81;8317.08;4234504.22;18246.92;1549185.50
3548807;149263.00;44341.67;49383900.78;1847.17;941698.36;910.08;64368.92
3548906;221950.00;39110.28;35067030.82;2180.25;1109639.48;4756.67;377216.50
3549805;408258.00;59832.91;51091274.42;6527.83;3326642.24;6201.42;495907.00
3549904;629921.00;80791.64;79403789.00;6618.25;3370098.49;16227.92;1583809.67
3549953;13973.00;837.81;683399.23;360.83;183899.57;648.92;52436.33
3550308;11253503.00;1519210.33;1535288093.12;158416.83;80698212.00;132027.33;10897723.00
3550605;78821.00;13753.23;11729840.30;924.33;469114.65;1770.92;156629.08
3550704;73942.00;5688.60;4722061.87;994.83;506469.65;2936.00;262296.67
3551009;332445.00;42279.91;39173043.74;3547.75;1804707.15;12103.08;974975.75
3551405;11256.00;863.08;594137.98;133.00;67829.96;473.92;39954.92
3551504;38878.00;4459.12;3633304.02;520.67;265079.43;684.42;53535.83
3551702;110074.00;15783.40;14960554.88;1433.92;730386.55;1950.83;145730.75
3552205;586625.00;90834.33;82367839.32;3687.50;1877860.94;13295.00;1062548.92
3552403;241311.00;24523.97;21687511.27;3248.58;1652241.80;5796.33;491388.17
3552502;262480.00;31277.80;27665580.60;3476.67;1769622.72;12442.75;1085303.67
3552809;244528.00;23612.72;20234503.43;3191.33;1626774.41;9535.17;810078.50
3552908;5714.00;829.92;520119.91;85.17;43432.28;308.00;24549.08
3553906;6607.00;717.79;452679.42;82.08;41709.43;390.25;31595.83
3554003;107326.00;19099.91;14398502.92;960.17;487190.85;3554.17;311500.50
3554102;278686.00;40428.19;39947023.57;3658.58;1858777.98;5477.08;495825.67
3554805;40984.00;3079.61;2864744.09;372.33;189321.58;1654.58;141809.08
3555406;78801.00;6630.64;5186290.22;1637.58;834192.42;4782.33;429999.42
3555604;9471.00;1542.96;1120165.02;164.92;84107.03;420.92;33413.67
3556206;106793.00;16396.96;16134434.76;973.67;496267.37;1606.08;140232.00
3556453;42997.00;4429.11;3895191.54;618.92;313903.38;1666.17;153793.67
3556503;107089.00;11745.17;10018802.81;1037.08;528935.64;2861.58;255740.08
3556602;10769.00;1568.23;1081761.53;236.58;120399.04;492.58;42185.67
3556701;63611.00;9479.68;9615577.14;320.67;163538.68;617.17;48247.08
3557006;108809.00;16226.39;13503400.78;784.75;397864.25;3173.92;291439.67
3557303;10044.00;1046.28;829715.79;57.00;28687.37;302.50;21798.58
4100400;103204.00;4369.89;2739658.96;910.42;463635.32;5430.67;416970.92
4101408;120919.00;18799.06;12879791.92;2106.67;1073368.51;3542.33;273821.75
4101507;104150.00;15169.85;10477965.17;2117.42;1079879.55;1999.83;135560.33
4101804;119123.00;12761.44;9880852.26;1395.08;710125.85;5563.25;506522.67
4102307;11300.00;1067.60;737122.61;89.42;45602.42;768.25;53748.58
4103107;10987.00;1426.10;875018.77;122.92;62687.07;912.83;67849.25
4103701;96733.00;11141.09;7754756.22;1620.50;825546.86;3959.08;297393.08
4104006;38769.00;2933.53;1989034.87;500.17;254830.00;1753.08;131487.50
4104204;112377.00;14251.50;10467285.93;1203.17;612172.00;4935.67;398267.58
4104253;24843.00;651.46;422674.70;149.75;76508.17;1280.83;90955.50
4104659;19163.00;2281.28;1828017.63;147.75;75352.38;701.83;57625.25
4104808;286205.00;37482.03;27105682.49;4186.83;2134160.07;10513.33;779774.58
4105805;212967.00;15537.83;10387501.18;2154.83;1097836.23;10010.83;736816.67
4106209;15891.00;2129.67;1239758.32;152.67;77860.00;875.42;77750.25
4106902;1751907.00;244900.98;227820904.30;24810.50;12645207.25;46259.25;3490589.17
4107652;81675.00;7479.51;5159668.06;995.75;507710.93;4882.08;347686.92
4107900;5931.00;683.04;404433.30;59.67;30429.93;184.42;13405.33
4108304;256088.00;22182.68;17762336.11;6653.25;3391618.62;14687.50;1196962.25
4109401;167328.00;18751.68;12992284.08;3724.50;1896066.47;11155.25;1027121.50
4109807;48198.00;6327.42;4243369.92;1109.00;565587.79;2150.42;154974.08
4110003;3982.00;667.25;390375.89;30.75;15682.44;165.08;11841.33
4111100;5979.00;1170.25;705648.89;94.67;48279.84;230.42;15199.75
4111258;23887.00;1179.73;710709.88;53.17;27115.00;2491.25;223098.17
4112702;11875.00;1332.13;797267.91;236.08;120402.41;853.00;68676.50
4113700;506701.00;72678.83;57526593.01;10736.75;5472078.08;13940.33;1103373.08
4114104;19781.00;3296.76;2104971.53;374.67;190930.71;861.25;64085.50
4114302;22220.00;2954.85;1767057.12;242.92;123887.50;1470.08;143197.67
4114708;5956.00;398.77;226847.08;62.17;31705.00;329.58;21886.25
4114807;31959.00;4998.45;3052951.88;457.33;233239.45;1527.58;99714.00
4115200;357077.00;48528.36;38639957.01;5036.17;2566624.13;5714.92;382644.25
4117404;3380.00;249.53;146247.43;12.50;6374.83;145.00;10336.42
4117453;5692.00;696.47;409772.06;50.00;24989.82;319.58;25908.08
4117503;35936.00;4782.87;3059024.85;628.92;320932.02;854.83;60846.08
4118204;140469.00;15030.08;13494546.56;1528.75;778869.01;6817.33;604270.83
4119152;117008.00;11040.01;8260931.23;1130.58;576522.62;2657.17;211896.25
4119509;93207.00;3210.69;2211734.22;752.17;382694.12;4797.67;434193.58
4119905;311611.00;41960.10;33232806.46;3912.42;1991490.88;8981.83;716889.67
4120408;4784.00;295.33;174090.07;24.08;12282.21;234.83;14931.58
4120804;19851.00;1911.73;1501868.04;192.67;98318.88;436.92;30423.92
4122206;30650.00;4275.92;2788224.62;733.25;373921.99;3098.58;263890.00
4124020;10332.00;1034.43;631275.70;179.42;91423.28;682.17;55445.83
4124053;20841.00;2235.48;1576194.73;584.17;297835.48;962.25;69958.17
4125506;264210.00;28094.74;25429497.05;2304.75;1174376.30;6501.83;466347.92
4126256;82847.00;8148.34;5120084.54;1724.25;878586.85;4891.75;343704.17
4127700;119313.00;19754.52;13427362.98;1350.50;687673.69;2467.17;188664.67
4128104;100676.00;16630.69;11156886.41;2286.67;1164525.57;2256.67;166125.58
4200606;5548.00;861.50;548439.56;22.67;11559.96;76.00;5021.50
4201208;7458.00;1531.12;1013749.06;27.67;14110.00;100.17;7052.75
4201307;24810.00;2752.70;1894793.85;131.92;67277.17;1101.00;100829.33
4202008;108089.00;15814.20;13780770.24;936.83;476983.22;950.58;73337.75
4202107;22386.00;4012.97;2964278.76;262.50;133860.43;429.33;32420.25
4202305;58206.00;8123.07;5818987.91;395.25;201542.74;1694.75;162541.33
4202404;309011.00;63025.44;54570802.76;1264.00;643294.72;2870.67;249766.17
4202701;4468.00;978.37;686470.71;25.00;12750.00;17.83;1292.17
4202909;105503.00;22111.61;19028356.03;652.00;332499.79;721.42;56672.17
4203204;62361.00;5198.23;3483812.99;595.00;303189.17;1500.50;119847.67
4203956;21674.00;3959.28;3020044.14;100.33;51146.91;726.42;53729.00
4204202;183530.00;32201.68;21953177.56;1985.25;1011638.60;4480.17;345088.25
4204251;15159.00;3219.38;2779246.60;46.50;23711.06;308.17;26101.92
4204350;3767.00;349.02;201032.42;15.17;7735.00;74.17;5520.17
4204509;13852.00;2838.77;2088385.99;79.17;40374.88;223.42;16257.33
4204608;192308.00;35360.26;29618137.09;1253.25;638785.88;3186.67;279448.25
4205407;421240.00;70915.56;71852443.01;2306.00;1173511.99;6174.75;493992.33
4205456;22548.00;3976.65;2851096.72;100.58;51153.53;512.17;42437.67
4205902;57981.00;9914.77;7663691.79;256.00;130162.02;581.17;43725.92
4206009;12999.00;1389.77;934767.42;60.58;30969.03;263.08;18550.58
4206207;10635.00;1685.89;1118322.57;49.42;25202.50;381.33;25519.08
4206306;18430.00;3267.55;2793655.00;108.92;55545.74;338.00;25619.50
4206504;35172.00;5266.14;3817864.89;146.42;74667.28;280.83;21504.33
4206652;4679.00;442.20;238572.74;28.58;14577.50;185.08;15695.00
4207007;58833.00;9181.19;6549232.69;319.67;162256.29;1675.00;112269.17
4207106;12355.00;1551.65;1086032.53;95.08;48492.28;149.33;11795.42
4207502;54854.00;10577.28;8104086.70;269.50;137444.56;451.25;36882.17
4208203;183373.00;26641.80;22622195.29;1894.75;962623.74;2457.33;223501.42
4208906;143123.00;24820.09;21058706.11;543.33;276698.43;1540.92;117187.25
4209102;515288.00;83981.80;74298570.60;3308.83;1685170.15;5380.75;430011.92
4209300;156727.00;26231.97;19364757.45;1937.58;983125.70;6060.42;525503.58
4209409;51562.00;10866.29;7682053.04;356.08;180842.28;2108.42;186244.92
4211207;16126.00;3029.86;2150136.33;76.08;38802.34;393.33;28678.50
4211256;2890.00;309.54;172238.99;12.33;6289.94;84.83;5994.08
4211306;60556.00;7725.09;5763732.04;568.08;289034.55;1581.17;117290.42
4211603;13309.00;2449.48;1656955.24;40.00;20400.00;170.75;14377.75
4211900;137334.00;17155.02;12780716.06;776.17;395837.70;2922.92;245277.83
4212304;6692.00;916.78;645313.08;23.33;11900.00;295.25;22429.08
4212502;25141.00;4394.37;3261437.53;246.42;125402.02;411.67;36090.17
4212650;0.00;49.75;27783.76;0.00;0.00;0.00;0.00
4212809;17078.00;2736.12;2107693.02;210.17;107184.38;523.75;41743.58
4215000;39846.00;6518.51;4218134.20;336.67;171468.78;936.67;83215.50
4215703;19823.00;4915.53;3597605.68;78.92;40247.45;297.58;22347.08
4215802;74801.00;14227.02;10544544.99;429.33;218496.23;1417.50;111148.42
4216602;209804.00;24684.27;20421059.54;1364.75;695741.91;2537.25;205360.42
4217253;4704.00;331.65;218324.05;5.92;3017.50;54.83;3374.17
4217402;15316.00;2277.33;1751608.57;52.17;26604.96;183.58;13337.25
4217600;12998.00;3107.25;2776696.20;60.50;30382.62;212.92;15343.00
4218350;3527.00;66.33;53286.60;0.08;42.50;40.08;3087.58
4218707;97235.00;22687.26;18535666.58;499.42;253650.82;1128.17;81480.50
4219002;20223.00;6556.41;5137994.84;58.67;29740.08;377.92;30086.00
4220000;0.00;0.00;0.00;0.00;0.00;0.00;0.00
4300034;4394.00;679.88;410478.91;138.83;70600.73;321.92;25438.58
4300604;195673.00;17052.36;12061813.71;2447.33;1240451.33;7044.00;643022.17
4300877;4864.00;157.14;89058.36;20.33;10370.00;417.92;39777.67
4301008;18783.00;5660.96;3793944.39;83.67;42037.31;302.08;24282.17
4301073;2730.00;346.65;185485.71;7.75;3952.50;102.17;9533.33
4301602;116794.00;17937.55;12996815.57;3297.33;1675774.22;8047.00;726375.25
4302105;107278.00;25798.46;21908264.37;397.42;201953.81;922.75;64622.92
4302402;11472.00;2742.43;1807650.17;86.92;44327.46;199.67;14768.83
4303103;118278.00;19996.16;16227542.52;1403.33;714506.29;3451.42;290744.92
4303905;60074.00;12633.51;9107783.36;442.42;225570.98;1659.17;131899.75
4304358;8771.00;1208.16;1101577.07;116.83;59584.62;877.83;79727.67
4304606;323827.00;47577.63;40388115.10;3569.75;1814987.59;7345.00;608335.42
4304663;24298.00;2740.85;1902271.55;342.75;174469.90;1923.92;158989.42
4304689;11612.00;947.57;556120.66;42.67;21759.70;685.92;63353.42
4304804;25192.00;6770.41;5643138.36;48.92;24947.37;146.67;11199.08
4305108;435564.00;82751.53;75220101.00;1696.50;863998.23;8223.17;609602.50
4306205;12320.00;3103.30;2030888.92;62.83;31626.73;366.25;31422.83
4306403;27572.00;7800.10;5468664.00;110.00;56094.79;302.92;25652.17
4306767;34343.00;2818.24;2142714.80;240.33;122409.66;2186.83;192269.50
4307609;42574.00;7456.61;5450014.81;276.83;141168.41;1428.25;121910.17
4307708;80755.00;15126.42;13133640.06;917.00;466385.73;2520.67;217137.00
4307807;30619.00;7691.92;5837333.85;235.17;119819.84;558.67;50443.92
4307906;63635.00;14261.76;11248012.00;319.58;162510.02;1246.00;119135.33
4308078;3697.00;558.28;307170.34;4.42;2252.50;104.42;9609.17
4308433;2479.00;337.18;178814.07;2.08;1062.50;37.42;3397.25
4308607;30689.00;8454.72;6701855.94;87.92;44741.92;216.33;18317.58
4309050;6891.00;987.06;656820.03;49.08;25032.46;307.25;25186.67
4309209;255660.00;32333.55;26112569.09;2364.25;1202671.63;9371.75;853290.25
4309308;95204.00;15163.53;12119780.54;1298.50;660843.88;3379.33;302325.17
4309654;6043.00;814.12;480360.64;75.83;38674.87;572.17;58041.50
4310108;31660.00;5920.75;3745109.99;264.17;134724.50;699.83;56152.00
4310330;17670.00;2365.77;1803933.22;224.67;114579.71;843.00;82500.17
4310538;5010.00;364.82;232892.84;57.75;29452.44;295.83;25708.75
4310801;19874.00;5209.28;3808937.53;92.33;47089.75;130.58;9741.50
4311403;71445.00;18966.46;14339857.59;556.75;282016.50;1054.67;96917.42
4311627;5227.00;22.90;13755.88;24.25;12367.50;108.33;8636.92
4312385;2670.00;907.30;574431.07;23.08;11772.46;1.50;55.00
4312476;5676.00;1013.90;640798.13;12.00;6119.96;41.00;3151.17
4313060;18346.00;3456.27;2065952.38;129.83;66214.94;602.83;49261.58
4313375;22716.00;2205.48;1688310.55;165.58;84228.51;1056.17;88312.42
4313409;238940.00;41979.06;32204826.72;2245.25;1141323.23;9721.33;870870.25
4313508;40906.00;7638.23;5768774.29;616.08;311728.12;1419.25;124857.42
4314050;51502.00;8135.70;5236484.76;557.17;283699.21;1281.58;122560.25
4314100;184826.00;32221.42;25861099.19;2077.33;1056948.86;6738.33;536054.42
4314407;328275.00;57535.04;42371350.00;6145.25;3120233.71;15637.67;1419673.33
4314423;5182.00;1353.45;942266.97;13.42;6842.46;29.67;1610.50
4314548;0.00;0.00;0.00;0.00;0.00;0.00;0.00
4314803;30920.00;5267.72;3776327.25;303.75;154467.27;664.83;58441.58
4314902;1409351.00;260416.70;260822128.02;21064.75;10715241.92;33530.92;3264367.33
4315149;2484.00;457.20;279598.93;4.33;2209.96;9.17;617.58
4315602;197228.00;32545.97;27194407.24;3199.50;1622845.89;9773.33;792859.92
4316758;5697.00;1871.46;1150780.99;17.33;8840.00;93.83;8078.92
4316808;118374.00;29040.74;22242775.99;709.42;361800.82;3509.50;308440.75
4316907;261031.00;36637.11;28747015.27;3390.42;1721438.12;10503.25;957816.50
4317103;82464.00;11303.75;7326387.43;3391.75;1729224.79;6666.75;672983.33
4318481;4094.00;1171.83;714192.86;7.00;3570.00;23.75;1212.83
4318705;214087.00;34770.39;28660033.86;2145.25;1089826.45;9127.67;827355.00
4319505;21932.00;5619.11;4031054.65;259.58;131074.74;836.00;72753.33
4319901;74985.00;15177.75;9981499.99;854.67;434753.10;3716.17;379281.25
4320008;130957.00;16373.27;13525518.46;1247.33;634327.19;3639.00;329540.17
4321204;54643.00;10752.58;7522544.17;698.42;356048.36;2371.50;208447.33
4321600;41585.00;8044.89;6139171.09;899.00;457898.78;1455.50;122326.83
4321709;23848.00;4504.92;2885269.60;152.08;77562.30;195.75;16618.33
4322400;125435.00;13963.28;10551825.23;3267.25;1664241.03;7710.92;742477.42
4322541;5118.00;822.81;567163.21;8.58;4377.50;27.75;1687.75
4322707;23983.00;5371.16;3370957.35;146.75;74842.36;1106.42;90943.67
4323002;239384.00;21087.44;15018641.87;3367.25;1714371.82;10327.17;999167.92
5002704;786797.00;75677.11;58538988.13;20081.75;10224374.42;27158.25;2100725.75
5003207;103703.00;8224.93;5708852.91;2914.83;1486470.57;6376.08;647764.33
5003702;196035.00;21601.50;14643150.18;4051.17;2065607.22;6960.75;672946.75
5005202;19617.00;404.30;271352.40;190.42;97053.34;1306.17;133048.25
5006606;77872.00;4783.66;2997785.36;4355.92;2220622.18;6068.67;639107.83
5008305;101791.00;11932.31;8834645.09;1523.00;775628.02;3696.50;269544.75
5103403;551098.00;42978.74;34262962.00;14187.58;7223009.17;22280.08;1654830.50
5107602;195476.00;18504.52;12571978.91;5139.00;2614496.93;7407.58;626902.33
5107909;113099.00;10181.67;6482942.60;1722.17;875810.88;2193.33;147314.42
5108402;252596.00;16193.23;10687483.24;8324.33;4237560.78;14343.42;1326946.58
5200050;6876.00;142.14;51242.56;21.00;10709.73;430.33;31280.50
5200258;159378.00;2767.70;1628940.19;1024.08;522072.80;10749.25;1087238.17
5201108;334613.00;36716.08;24455657.19;6968.00;3551277.42;11834.92;930369.92
5201405;455657.00;27346.16;17704620.79;8314.25;4236324.55;17148.92;1379412.08
5201801;8365.00;390.08;215929.80;84.17;42924.53;566.25;44162.17
5203559;7536.00;281.11;162213.81;109.75;55972.38;654.75;57406.33
5203609;3232.00;18.16;11675.88;19.83;10114.79;280.50;27833.67
5204557;3325.00;156.35;88451.07;33.83;17254.72;264.83;17954.08
5205109;86647.00;10560.70;7513217.07;1324.17;674064.55;2605.67;189663.17
5205497;55915.00;1813.02;1228014.33;531.00;270735.38;3301.08;304852.08
5208004;100085.00;7733.77;4592970.67;2477.00;1261296.42;6996.83;683029.25
5208509;5265.00;833.07;542346.16;104.75;53345.54;300.67;27216.83
5208707;1302001.00;137485.71;114776930.57;22434.75;11423850.00;29463.00;2401093.00
5208806;34060.00;2389.46;1381339.32;434.50;221583.32;1533.50;109244.42
5209200;13976.00;1231.84;732643.57;372.00;189718.69;1242.75;123481.25
5209705;17398.00;1555.60;895214.84;290.00;147562.78;889.67;74957.33
5212501;174531.00;9722.10;6175501.74;4026.08;2050659.70;11905.33;1005789.33
5214507;24210.00;2201.53;1303720.57;527.50;268662.33;1432.58;120287.25
5215009;8129.00;786.49;448565.49;100.42;51212.25;610.75;66779.83
5215231;95018.00;1059.70;675194.77;177.67;90070.76;6492.50;672644.83
5215504;5467.00;530.64;353941.12;62.25;31219.10;235.42;16625.83
5215603;27671.00;2177.05;1182337.59;715.83;364871.28;2607.17;238271.17
5217609;81649.00;3428.63;1999135.33;1234.33;628719.80;6438.00;678677.25
5218805;176424.00;13820.35;9110938.14;3116.33;1588306.02;5014.67;340438.50
5219738;4703.00;101.86;64138.86;28.58;14577.46;294.50;19204.92
5219753;63248.00;2082.29;1273016.84;1082.83;551483.65;5969.17;554668.92
5220454;84443.00;5279.56;3228511.66;1083.50;552306.38;4975.50;394759.92
5221304;2819.00;278.74;175517.96;48.92;24879.46;200.75;17276.08
5221403;104488.00;8790.32;5138163.62;3132.50;1595957.92;6785.17;598129.75
5221858;132982.00;3997.18;2839406.03;470.58;239085.21;5305.08;469647.42
5300108;2570160.00;203251.21;196387650.21;38217.25;19438617.50;76509.75;6226601.50
