acp;head_level;spouse_level;share
ABAETETUBA;1;1;0.810848
ABAETETUBA;1;2;0.0824273
ABAETETUBA;1;3;0.0999188
ABAETETUBA;1;4;0.0068055
ABAETETUBA;2;1;0.393391
ABAETETUBA;2;2;0.311593
ABAETETUBA;2;3;0.264382
ABAETETUBA;2;4;0.0306332
ABAETETUBA;3;1;0.237336
ABAETETUBA;3;2;0.174263
ABAETETUBA;3;3;0.500247
ABAETETUBA;3;4;0.0881545
ABAETETUBA;4;1;0.140631
ABAETETUBA;4;2;0.0937533
ABAETETUBA;4;3;0.448056
ABAETETUBA;4;4;0.31756
ACAILANDIA;1;1;0.758464
ACAILANDIA;1;2;0.130458
ACAILANDIA;1;3;0.0957172
ACAILANDIA;1;4;0.0153609
ACAILANDIA;2;1;0.357275
ACAILANDIA;2;2;0.347147
ACAILANDIA;2;3;0.251778
ACAILANDIA;2;4;0.0438005
ACAILANDIA;3;1;0.172112
ACAILANDIA;3;2;0.203532
ACAILANDIA;3;3;0.541084
ACAILANDIA;3;4;0.0832715
ACAILANDIA;4;1;0.105776
ACAILANDIA;4;2;0.14329
ACAILANDIA;4;3;0.432188
ACAILANDIA;4;4;0.318746
ALAGOINHAS;1;1;0.7194
ALAGOINHAS;1;2;0.15136
ALAGOINHAS;1;3;0.126439
ALAGOINHAS;1;4;0.00280094
ALAGOINHAS;2;1;0.319102
ALAGOINHAS;2;2;0.334783
ALAGOINHAS;2;3;0.297935
ALAGOINHAS;2;4;0.0481799
ALAGOINHAS;3;1;0.162323
ALAGOINHAS;3;2;0.104105
ALAGOINHAS;3;3;0.636539
ALAGOINHAS;3;4;0.0970328
ALAGOINHAS;4;1;0.0460873
ALAGOINHAS;4;2;0.0796766
ALAGOINHAS;4;3;0.511367
ALAGOINHAS;4;4;0.36287
AMERICANA - SANTA BARBARA D'OESTE;1;1;0.74258
AMERICANA - SANTA BARBARA D'OESTE;1;2;0.145586
AMERICANA - SANTA BARBARA D'OESTE;1;3;0.0964209
AMERICANA - SANTA BARBARA D'OESTE;1;4;0.0154126
AMERICANA - SANTA BARBARA D'OESTE;2;1;0.319576
AMERICANA - SANTA BARBARA D'OESTE;2;2;0.407342
AMERICANA - SANTA BARBARA D'OESTE;2;3;0.224688
AMERICANA - SANTA BARBARA D'OESTE;2;4;0.0483953
AMERICANA - SANTA BARBARA D'OESTE;3;1;0.154838
AMERICANA - SANTA BARBARA D'OESTE;3;2;0.178136
AMERICANA - SANTA BARBARA D'OESTE;3;3;0.547227
AMERICANA - SANTA BARBARA D'OESTE;3;4;0.119798
AMERICANA - SANTA BARBARA D'OESTE;4;1;0.0557645
AMERICANA - SANTA BARBARA D'OESTE;4;2;0.0650566
AMERICANA - SANTA BARBARA D'OESTE;4;3;0.35621
AMERICANA - SANTA BARBARA D'OESTE;4;4;0.522969
ANAPOLIS;1;1;0.688521
ANAPOLIS;1;2;0.150965
ANAPOLIS;1;3;0.139771
ANAPOLIS;1;4;0.0207441
ANAPOLIS;2;1;0.284391
ANAPOLIS;2;2;0.370659
ANAPOLIS;2;3;0.2912
ANAPOLIS;2;4;0.05375
ANAPOLIS;3;1;0.133154
ANAPOLIS;3;2;0.157072
ANAPOLIS;3;3;0.567372
ANAPOLIS;3;4;0.142402
ANAPOLIS;4;1;0.0550384
ANAPOLIS;4;2;0.0895804
ANAPOLIS;4;3;0.387178
ANAPOLIS;4;4;0.468203
ANGRA DOS REIS;1;1;0.730981
ANGRA DOS REIS;1;2;0.163436
ANGRA DOS REIS;1;3;0.0968384
ANGRA DOS REIS;1;4;0.0087454
ANGRA DOS REIS;2;1;0.322488
ANGRA DOS REIS;2;2;0.415809
ANGRA DOS REIS;2;3;0.227465
ANGRA DOS REIS;2;4;0.0342381
ANGRA DOS REIS;3;1;0.175273
ANGRA DOS REIS;3;2;0.205669
ANGRA DOS REIS;3;3;0.534353
ANGRA DOS REIS;3;4;0.0847052
ANGRA DOS REIS;4;1;0.0698299
ANGRA DOS REIS;4;2;0.0966716
ANGRA DOS REIS;4;3;0.36766
ANGRA DOS REIS;4;4;0.465838
APUCARANA;1;1;0.739982
APUCARANA;1;2;0.146039
APUCARANA;1;3;0.097764
APUCARANA;1;4;0.0162152
APUCARANA;2;1;0.310645
APUCARANA;2;2;0.362875
APUCARANA;2;3;0.271736
APUCARANA;2;4;0.054744
APUCARANA;3;1;0.163989
APUCARANA;3;2;0.190365
APUCARANA;3;3;0.496746
APUCARANA;3;4;0.148899
APUCARANA;4;1;0.0487457
APUCARANA;4;2;0.0942396
APUCARANA;4;3;0.32938
APUCARANA;4;4;0.527635
ARACAJU;1;1;0.725636
ARACAJU;1;2;0.141446
ARACAJU;1;3;0.11891
ARACAJU;1;4;0.0140077
ARACAJU;2;1;0.329507
ARACAJU;2;2;0.356943
ARACAJU;2;3;0.271547
ARACAJU;2;4;0.0420032
ARACAJU;3;1;0.161531
ARACAJU;3;2;0.139785
ARACAJU;3;3;0.568126
ARACAJU;3;4;0.130558
ARACAJU;4;1;0.0378011
ARACAJU;4;2;0.0557105
ARACAJU;4;3;0.327093
ARACAJU;4;4;0.579395
ARACATUBA;1;1;0.710984
ARACATUBA;1;2;0.152037
ARACATUBA;1;3;0.11011
ARACATUBA;1;4;0.0268691
ARACATUBA;2;1;0.246897
ARACATUBA;2;2;0.468814
ARACATUBA;2;3;0.220594
ARACATUBA;2;4;0.0636942
ARACATUBA;3;1;0.148963
ARACATUBA;3;2;0.158762
ARACATUBA;3;3;0.528925
ARACATUBA;3;4;0.163351
ARACATUBA;4;1;0.0341475
ARACATUBA;4;2;0.0776197
ARACATUBA;4;3;0.290845
ARACATUBA;4;4;0.597387
ARAGUAINA;1;1;0.666329
ARAGUAINA;1;2;0.133134
ARAGUAINA;1;3;0.177253
ARAGUAINA;1;4;0.0232846
ARAGUAINA;2;1;0.251632
ARAGUAINA;2;2;0.359446
ARAGUAINA;2;3;0.326147
ARAGUAINA;2;4;0.0627747
ARAGUAINA;3;1;0.141874
ARAGUAINA;3;2;0.144559
ARAGUAINA;3;3;0.566591
ARAGUAINA;3;4;0.146977
ARAGUAINA;4;1;0.0594753
ARAGUAINA;4;2;0.0733247
ARAGUAINA;4;3;0.372846
ARAGUAINA;4;4;0.494354
ARAGUARI;1;1;0.718768
ARAGUARI;1;2;0.147028
ARAGUARI;1;3;0.115279
ARAGUARI;1;4;0.0189252
ARAGUARI;2;1;0.281667
ARAGUARI;2;2;0.419801
ARAGUARI;2;3;0.250639
ARAGUARI;2;4;0.0478928
ARAGUARI;3;1;0.12444
ARAGUARI;3;2;0.166226
ARAGUARI;3;3;0.531856
ARAGUARI;3;4;0.177478
ARAGUARI;4;1;0.0638247
ARAGUARI;4;2;0.0954273
ARAGUARI;4;3;0.445413
ARAGUARI;4;4;0.395335
ARAPIRACA;1;1;0.792563
ARAPIRACA;1;2;0.125314
ARAPIRACA;1;3;0.068337
ARAPIRACA;1;4;0.0137857
ARAPIRACA;2;1;0.375636
ARAPIRACA;2;2;0.341932
ARAPIRACA;2;3;0.246859
ARAPIRACA;2;4;0.0355727
ARAPIRACA;3;1;0.176227
ARAPIRACA;3;2;0.203244
ARAPIRACA;3;3;0.48351
ARAPIRACA;3;4;0.137019
ARAPIRACA;4;1;0.101738
ARAPIRACA;4;2;0.11646
ARAPIRACA;4;3;0.379471
ARAPIRACA;4;4;0.402331
ARAPONGAS;1;1;0.714867
ARAPONGAS;1;2;0.159176
ARAPONGAS;1;3;0.101719
ARAPONGAS;1;4;0.0242387
ARAPONGAS;2;1;0.317865
ARAPONGAS;2;2;0.403577
ARAPONGAS;2;3;0.243036
ARAPONGAS;2;4;0.0355216
ARAPONGAS;3;1;0.155545
ARAPONGAS;3;2;0.170162
ARAPONGAS;3;3;0.522421
ARAPONGAS;3;4;0.151873
ARAPONGAS;4;1;0.067334
ARAPONGAS;4;2;0.086122
ARAPONGAS;4;3;0.273452
ARAPONGAS;4;4;0.573092
ARARAQUARA;1;1;0.73712
ARARAQUARA;1;2;0.141511
ARARAQUARA;1;3;0.107525
ARARAQUARA;1;4;0.0138434
ARARAQUARA;2;1;0.279176
ARARAQUARA;2;2;0.421063
ARARAQUARA;2;3;0.244422
ARARAQUARA;2;4;0.0553392
ARARAQUARA;3;1;0.11823
ARARAQUARA;3;2;0.152246
ARARAQUARA;3;3;0.6015
ARARAQUARA;3;4;0.128025
ARARAQUARA;4;1;0.0390233
ARARAQUARA;4;2;0.0675408
ARARAQUARA;4;3;0.332723
ARARAQUARA;4;4;0.560712
ARARAS;1;1;0.774008
ARARAS;1;2;0.118647
ARARAS;1;3;0.101246
ARARAS;1;4;0.00609941
ARARAS;2;1;0.352368
ARARAS;2;2;0.390173
ARARAS;2;3;0.205721
ARARAS;2;4;0.0517376
ARARAS;3;1;0.149873
ARARAS;3;2;0.12984
ARARAS;3;3;0.577473
ARARAS;3;4;0.142815
ARARAS;4;1;0.0824163
ARARAS;4;2;0.0837543
ARARAS;4;3;0.258732
ARARAS;4;4;0.575098
ARARUAMA;1;1;0.732304
ARARUAMA;1;2;0.137613
ARARUAMA;1;3;0.111016
ARARUAMA;1;4;0.0190668
ARARUAMA;2;1;0.30284
ARARUAMA;2;2;0.398367
ARARUAMA;2;3;0.248409
ARARUAMA;2;4;0.0503844
ARARUAMA;3;1;0.144061
ARARUAMA;3;2;0.171747
ARARUAMA;3;3;0.574462
ARARUAMA;3;4;0.10973
ARARUAMA;4;1;0.106123
ARARUAMA;4;2;0.104814
ARARUAMA;4;3;0.391466
ARARUAMA;4;4;0.397597
ATIBAIA;1;1;0.762803
ATIBAIA;1;2;0.137268
ATIBAIA;1;3;0.0901506
ATIBAIA;1;4;0.00977811
ATIBAIA;2;1;0.3157
ATIBAIA;2;2;0.470728
ATIBAIA;2;3;0.161757
ATIBAIA;2;4;0.0518147
ATIBAIA;3;1;0.151084
ATIBAIA;3;2;0.144222
ATIBAIA;3;3;0.581115
ATIBAIA;3;4;0.123579
ATIBAIA;4;1;0.0590059
ATIBAIA;4;2;0.0974994
ATIBAIA;4;3;0.307386
ATIBAIA;4;4;0.536109
BACABAL;1;1;0.786836
BACABAL;1;2;0.11111
BACABAL;1;3;0.0977878
BACABAL;1;4;0.00426609
BACABAL;2;1;0.433039
BACABAL;2;2;0.293341
BACABAL;2;3;0.237844
BACABAL;2;4;0.0357763
BACABAL;3;1;0.208816
BACABAL;3;2;0.148563
BACABAL;3;3;0.547814
BACABAL;3;4;0.0948061
BACABAL;4;1;0.113007
BACABAL;4;2;0.119708
BACABAL;4;3;0.428468
BACABAL;4;4;0.338817
BAGE;1;1;0.736077
BAGE;1;2;0.156768
BAGE;1;3;0.0902015
BAGE;1;4;0.016954
BAGE;2;1;0.352424
BAGE;2;2;0.387275
BAGE;2;3;0.221513
BAGE;2;4;0.0387885
BAGE;3;1;0.15384
BAGE;3;2;0.181977
BAGE;3;3;0.544283
BAGE;3;4;0.119901
BAGE;4;1;0.0410912
BAGE;4;2;0.101949
BAGE;4;3;0.319646
BAGE;4;4;0.537314
BAIXADA SANTISTA;1;1;0.708012
BAIXADA SANTISTA;1;2;0.151926
BAIXADA SANTISTA;1;3;0.124693
BAIXADA SANTISTA;1;4;0.0153688
BAIXADA SANTISTA;2;1;0.302987
BAIXADA SANTISTA;2;2;0.408588
BAIXADA SANTISTA;2;3;0.245608
BAIXADA SANTISTA;2;4;0.0428168
BAIXADA SANTISTA;3;1;0.149252
BAIXADA SANTISTA;3;2;0.157918
BAIXADA SANTISTA;3;3;0.565965
BAIXADA SANTISTA;3;4;0.126865
BAIXADA SANTISTA;4;1;0.0478821
BAIXADA SANTISTA;4;2;0.0752519
BAIXADA SANTISTA;4;3;0.318934
BAIXADA SANTISTA;4;4;0.557932
BARBACENA;1;1;0.778507
BARBACENA;1;2;0.0975765
BARBACENA;1;3;0.102783
BARBACENA;1;4;0.0211332
BARBACENA;2;1;0.356887
BARBACENA;2;2;0.331609
BARBACENA;2;3;0.229405
BARBACENA;2;4;0.0820992
BARBACENA;3;1;0.179639
BARBACENA;3;2;0.147051
BARBACENA;3;3;0.52407
BARBACENA;3;4;0.14924
BARBACENA;4;1;0.0500889
BARBACENA;4;2;0.069367
BARBACENA;4;3;0.373947
BARBACENA;4;4;0.506597
BARREIRAS;1;1;0.746182
BARREIRAS;1;2;0.103655
BARREIRAS;1;3;0.142616
BARREIRAS;1;4;0.00754668
BARREIRAS;2;1;0.281964
BARREIRAS;2;2;0.328965
BARREIRAS;2;3;0.348055
BARREIRAS;2;4;0.0410154
BARREIRAS;3;1;0.150604
BARREIRAS;3;2;0.129
BARREIRAS;3;3;0.622373
BARREIRAS;3;4;0.0980231
BARREIRAS;4;1;0.0292302
BARREIRAS;4;2;0.0719472
BARREIRAS;4;3;0.386113
BARREIRAS;4;4;0.51271
BARRETOS;1;1;0.704513
BARRETOS;1;2;0.136821
BARRETOS;1;3;0.13648
BARRETOS;1;4;0.0221855
BARRETOS;2;1;0.256681
BARRETOS;2;2;0.384373
BARRETOS;2;3;0.305589
BARRETOS;2;4;0.0533574
BARRETOS;3;1;0.137969
BARRETOS;3;2;0.155868
BARRETOS;3;3;0.564878
BARRETOS;3;4;0.141284
BARRETOS;4;1;0.0723833
BARRETOS;4;2;0.0670368
BARRETOS;4;3;0.340382
BARRETOS;4;4;0.520197
BAURU;1;1;0.716352
BAURU;1;2;0.153787
BAURU;1;3;0.109155
BAURU;1;4;0.0207062
BAURU;2;1;0.290731
BAURU;2;2;0.406636
BAURU;2;3;0.242594
BAURU;2;4;0.0600389
BAURU;3;1;0.138146
BAURU;3;2;0.144273
BAURU;3;3;0.577718
BAURU;3;4;0.139863
BAURU;4;1;0.0355609
BAURU;4;2;0.0519822
BAURU;4;3;0.298676
BAURU;4;4;0.613781
BELEM;1;1;0.667517
BELEM;1;2;0.173
BELEM;1;3;0.147313
BELEM;1;4;0.0121695
BELEM;2;1;0.311625
BELEM;2;2;0.371248
BELEM;2;3;0.284255
BELEM;2;4;0.0328724
BELEM;3;1;0.158488
BELEM;3;2;0.182371
BELEM;3;3;0.572607
BELEM;3;4;0.0865342
BELEM;4;1;0.0378898
BELEM;4;2;0.0706476
BELEM;4;3;0.377119
BELEM;4;4;0.514343
BELO HORIZONTE;1;1;0.72586
BELO HORIZONTE;1;2;0.135113
BELO HORIZONTE;1;3;0.123012
BELO HORIZONTE;1;4;0.0160151
BELO HORIZONTE;2;1;0.319857
BELO HORIZONTE;2;2;0.372506
BELO HORIZONTE;2;3;0.258743
BELO HORIZONTE;2;4;0.0488948
BELO HORIZONTE;3;1;0.155101
BELO HORIZONTE;3;2;0.155664
BELO HORIZONTE;3;3;0.559937
BELO HORIZONTE;3;4;0.129298
BELO HORIZONTE;4;1;0.0426902
BELO HORIZONTE;4;2;0.0643435
BELO HORIZONTE;4;3;0.293819
BELO HORIZONTE;4;4;0.599147
BENTO GONCALVES;1;1;0.721001
BENTO GONCALVES;1;2;0.148035
BENTO GONCALVES;1;3;0.112409
BENTO GONCALVES;1;4;0.0185547
BENTO GONCALVES;2;1;0.313111
BENTO GONCALVES;2;2;0.370537
BENTO GONCALVES;2;3;0.257168
BENTO GONCALVES;2;4;0.0591835
BENTO GONCALVES;3;1;0.140331
BENTO GONCALVES;3;2;0.178865
BENTO GONCALVES;3;3;0.527744
BENTO GONCALVES;3;4;0.15306
BENTO GONCALVES;4;1;0.05922
BENTO GONCALVES;4;2;0.0782485
BENTO GONCALVES;4;3;0.371492
BENTO GONCALVES;4;4;0.491039
BIRIGUI;1;1;0.748079
BIRIGUI;1;2;0.138912
BIRIGUI;1;3;0.0991846
BIRIGUI;1;4;0.0138245
BIRIGUI;2;1;0.302562
BIRIGUI;2;2;0.377397
BIRIGUI;2;3;0.266556
BIRIGUI;2;4;0.0534843
BIRIGUI;3;1;0.156749
BIRIGUI;3;2;0.181017
BIRIGUI;3;3;0.543552
BIRIGUI;3;4;0.118682
BIRIGUI;4;1;0.0604059
BIRIGUI;4;2;0.121697
BIRIGUI;4;3;0.271039
BIRIGUI;4;4;0.546858
BLUMENAU;1;1;0.727446
BLUMENAU;1;2;0.159096
BLUMENAU;1;3;0.0999114
BLUMENAU;1;4;0.0135461
BLUMENAU;2;1;0.32176
BLUMENAU;2;2;0.427072
BLUMENAU;2;3;0.208731
BLUMENAU;2;4;0.0424371
BLUMENAU;3;1;0.16096
BLUMENAU;3;2;0.204493
BLUMENAU;3;3;0.496497
BLUMENAU;3;4;0.13805
BLUMENAU;4;1;0.0360399
BLUMENAU;4;2;0.0847277
BLUMENAU;4;3;0.32531
BLUMENAU;4;4;0.553922
BOA VISTA;1;1;0.625951
BOA VISTA;1;2;0.144584
BOA VISTA;1;3;0.210245
BOA VISTA;1;4;0.0192199
BOA VISTA;2;1;0.292558
BOA VISTA;2;2;0.335321
BOA VISTA;2;3;0.33038
BOA VISTA;2;4;0.0417418
BOA VISTA;3;1;0.157971
BOA VISTA;3;2;0.129778
BOA VISTA;3;3;0.602061
BOA VISTA;3;4;0.11019
BOA VISTA;4;1;0.0550635
BOA VISTA;4;2;0.0580199
BOA VISTA;4;3;0.427762
BOA VISTA;4;4;0.459155
BOTUCATU;1;1;0.716482
BOTUCATU;1;2;0.140445
BOTUCATU;1;3;0.113329
BOTUCATU;1;4;0.0297444
BOTUCATU;2;1;0.307607
BOTUCATU;2;2;0.375045
BOTUCATU;2;3;0.24643
BOTUCATU;2;4;0.0709173
BOTUCATU;3;1;0.153156
BOTUCATU;3;2;0.152904
BOTUCATU;3;3;0.53379
BOTUCATU;3;4;0.160149
BOTUCATU;4;1;0.0252904
BOTUCATU;4;2;0.0636779
BOTUCATU;4;3;0.279676
BOTUCATU;4;4;0.631356
BRAGANCA;1;1;0.834873
BRAGANCA;1;2;0.093012
BRAGANCA;1;3;0.066558
BRAGANCA;1;4;0.00555729
BRAGANCA;2;1;0.42399
BRAGANCA;2;2;0.331278
BRAGANCA;2;3;0.217271
BRAGANCA;2;4;0.0274618
BRAGANCA;3;1;0.283162
BRAGANCA;3;2;0.168005
BRAGANCA;3;3;0.476028
BRAGANCA;3;4;0.072806
BRAGANCA;4;1;0.099372
BRAGANCA;4;2;0.142436
BRAGANCA;4;3;0.399408
BRAGANCA;4;4;0.358784
BRAGANCA PAULISTA;1;1;0.774986
BRAGANCA PAULISTA;1;2;0.111356
BRAGANCA PAULISTA;1;3;0.0988903
BRAGANCA PAULISTA;1;4;0.0147676
BRAGANCA PAULISTA;2;1;0.278015
BRAGANCA PAULISTA;2;2;0.450187
BRAGANCA PAULISTA;2;3;0.221608
BRAGANCA PAULISTA;2;4;0.0501899
BRAGANCA PAULISTA;3;1;0.138628
BRAGANCA PAULISTA;3;2;0.14513
BRAGANCA PAULISTA;3;3;0.593617
BRAGANCA PAULISTA;3;4;0.122625
BRAGANCA PAULISTA;4;1;0.0539876
BRAGANCA PAULISTA;4;2;0.0903731
BRAGANCA PAULISTA;4;3;0.283377
BRAGANCA PAULISTA;4;4;0.572262
BRASILIA;1;1;0.687651
BRASILIA;1;2;0.149784
BRASILIA;1;3;0.148207
BRASILIA;1;4;0.0143581
BRASILIA;2;1;0.310085
BRASILIA;2;2;0.373026
BRASILIA;2;3;0.272513
BRASILIA;2;4;0.0443765
BRASILIA;3;1;0.144518
BRASILIA;3;2;0.147749
BRASILIA;3;3;0.569184
BRASILIA;3;4;0.138549
BRASILIA;4;1;0.0336205
BRASILIA;4;2;0.0478035
BRASILIA;4;3;0.275575
BRASILIA;4;4;0.643001
BRUSQUE;1;1;0.747034
BRUSQUE;1;2;0.131452
BRUSQUE;1;3;0.105245
BRUSQUE;1;4;0.0162684
BRUSQUE;2;1;0.360165
BRUSQUE;2;2;0.403303
BRUSQUE;2;3;0.202437
BRUSQUE;2;4;0.0340954
BRUSQUE;3;1;0.197725
BRUSQUE;3;2;0.199181
BRUSQUE;3;3;0.501134
BRUSQUE;3;4;0.101959
BRUSQUE;4;1;0.065912
BRUSQUE;4;2;0.0798067
BRUSQUE;4;3;0.360039
BRUSQUE;4;4;0.494242
CABO FRIO;1;1;0.711787
CABO FRIO;1;2;0.150773
CABO FRIO;1;3;0.12159
CABO FRIO;1;4;0.01585
CABO FRIO;2;1;0.343961
CABO FRIO;2;2;0.359813
CABO FRIO;2;3;0.243195
CABO FRIO;2;4;0.0530305
CABO FRIO;3;1;0.148922
CABO FRIO;3;2;0.163127
CABO FRIO;3;3;0.570978
CABO FRIO;3;4;0.116973
CABO FRIO;4;1;0.0804438
CABO FRIO;4;2;0.0801183
CABO FRIO;4;3;0.410419
CABO FRIO;4;4;0.429018
CACHOEIRO DE ITAPEMIRIM;1;1;0.739335
CACHOEIRO DE ITAPEMIRIM;1;2;0.135228
CACHOEIRO DE ITAPEMIRIM;1;3;0.108228
CACHOEIRO DE ITAPEMIRIM;1;4;0.0172093
CACHOEIRO DE ITAPEMIRIM;2;1;0.324325
CACHOEIRO DE ITAPEMIRIM;2;2;0.41398
CACHOEIRO DE ITAPEMIRIM;2;3;0.213469
CACHOEIRO DE ITAPEMIRIM;2;4;0.0482254
CACHOEIRO DE ITAPEMIRIM;3;1;0.144139
CACHOEIRO DE ITAPEMIRIM;3;2;0.164179
CACHOEIRO DE ITAPEMIRIM;3;3;0.581049
CACHOEIRO DE ITAPEMIRIM;3;4;0.110633
CACHOEIRO DE ITAPEMIRIM;4;1;0.0615822
CACHOEIRO DE ITAPEMIRIM;4;2;0.0990372
CACHOEIRO DE ITAPEMIRIM;4;3;0.353228
CACHOEIRO DE ITAPEMIRIM;4;4;0.486152
CAMETA;1;1;0.844057
CAMETA;1;2;0.085742
CAMETA;1;3;0.0639572
CAMETA;1;4;0.00624378
CAMETA;2;1;0.358412
CAMETA;2;2;0.381412
CAMETA;2;3;0.232756
CAMETA;2;4;0.0274197
CAMETA;3;1;0.187241
CAMETA;3;2;0.210539
CAMETA;3;3;0.542345
CAMETA;3;4;0.0598762
CAMETA;4;1;0.138062
CAMETA;4;2;0.125986
CAMETA;4;3;0.446855
CAMETA;4;4;0.289097
CAMPINA GRANDE;1;1;0.766623
CAMPINA GRANDE;1;2;0.110422
CAMPINA GRANDE;1;3;0.10633
CAMPINA GRANDE;1;4;0.0166246
CAMPINA GRANDE;2;1;0.341462
CAMPINA GRANDE;2;2;0.334559
CAMPINA GRANDE;2;3;0.256194
CAMPINA GRANDE;2;4;0.0677852
CAMPINA GRANDE;3;1;0.171249
CAMPINA GRANDE;3;2;0.140589
CAMPINA GRANDE;3;3;0.547341
CAMPINA GRANDE;3;4;0.140821
CAMPINA GRANDE;4;1;0.0609089
CAMPINA GRANDE;4;2;0.0677644
CAMPINA GRANDE;4;3;0.347715
CAMPINA GRANDE;4;4;0.523612
CAMPINAS;1;1;0.734744
CAMPINAS;1;2;0.143161
CAMPINAS;1;3;0.106927
CAMPINAS;1;4;0.0151684
CAMPINAS;2;1;0.292284
CAMPINAS;2;2;0.423094
CAMPINAS;2;3;0.239839
CAMPINAS;2;4;0.0447826
CAMPINAS;3;1;0.144444
CAMPINAS;3;2;0.144192
CAMPINAS;3;3;0.584405
CAMPINAS;3;4;0.126958
CAMPINAS;4;1;0.0350196
CAMPINAS;4;2;0.0609793
CAMPINAS;4;3;0.280163
CAMPINAS;4;4;0.623838
CAMPO GRANDE;1;1;0.686633
CAMPO GRANDE;1;2;0.154951
CAMPO GRANDE;1;3;0.137874
CAMPO GRANDE;1;4;0.0205424
CAMPO GRANDE;2;1;0.317793
CAMPO GRANDE;2;2;0.381232
CAMPO GRANDE;2;3;0.261228
CAMPO GRANDE;2;4;0.039746
CAMPO GRANDE;3;1;0.149055
CAMPO GRANDE;3;2;0.164881
CAMPO GRANDE;3;3;0.535702
CAMPO GRANDE;3;4;0.150362
CAMPO GRANDE;4;1;0.0411436
CAMPO GRANDE;4;2;0.0589743
CAMPO GRANDE;4;3;0.354876
CAMPO GRANDE;4;4;0.545006
CAMPOS DOS GOYTACAZES;1;1;0.740873
CAMPOS DOS GOYTACAZES;1;2;0.132273
CAMPOS DOS GOYTACAZES;1;3;0.115235
CAMPOS DOS GOYTACAZES;1;4;0.0116188
CAMPOS DOS GOYTACAZES;2;1;0.317922
CAMPOS DOS GOYTACAZES;2;2;0.36771
CAMPOS DOS GOYTACAZES;2;3;0.267488
CAMPOS DOS GOYTACAZES;2;4;0.0468808
CAMPOS DOS GOYTACAZES;3;1;0.165466
CAMPOS DOS GOYTACAZES;3;2;0.138825
CAMPOS DOS GOYTACAZES;3;3;0.553977
CAMPOS DOS GOYTACAZES;3;4;0.141732
CAMPOS DOS GOYTACAZES;4;1;0.0548664
CAMPOS DOS GOYTACAZES;4;2;0.0588266
CAMPOS DOS GOYTACAZES;4;3;0.361437
CAMPOS DOS GOYTACAZES;4;4;0.52487
CARAGUATATUBA - UBATUBA - SAO SEBASTIAO;1;1;0.707314
CARAGUATATUBA - UBATUBA - SAO SEBASTIAO;1;2;0.142831
CARAGUATATUBA - UBATUBA - SAO SEBASTIAO;1;3;0.131266
CARAGUATATUBA - UBATUBA - SAO SEBASTIAO;1;4;0.0185883
CARAGUATATUBA - UBATUBA - SAO SEBASTIAO;2;1;0.322826
CARAGUATATUBA - UBATUBA - SAO SEBASTIAO;2;2;0.393353
CARAGUATATUBA - UBATUBA - SAO SEBASTIAO;2;3;0.245963
CARAGUATATUBA - UBATUBA - SAO SEBASTIAO;2;4;0.0378582
CARAGUATATUBA - UBATUBA - SAO SEBASTIAO;3;1;0.167535
CARAGUATATUBA - UBATUBA - SAO SEBASTIAO;3;2;0.151625
CARAGUATATUBA - UBATUBA - SAO SEBASTIAO;3;3;0.574745
CARAGUATATUBA - UBATUBA - SAO SEBASTIAO;3;4;0.106095
CARAGUATATUBA - UBATUBA - SAO SEBASTIAO;4;1;0.0693482
CARAGUATATUBA - UBATUBA - SAO SEBASTIAO;4;2;0.0904349
CARAGUATATUBA - UBATUBA - SAO SEBASTIAO;4;3;0.353268
CARAGUATATUBA - UBATUBA - SAO SEBASTIAO;4;4;0.486949
CARUARU;1;1;0.791568
CARUARU;1;2;0.109273
CARUARU;1;3;0.0893073
CARUARU;1;4;0.0098509
CARUARU;2;1;0.365388
CARUARU;2;2;0.365998
CARUARU;2;3;0.227388
CARUARU;2;4;0.0412266
CARUARU;3;1;0.194759
CARUARU;3;2;0.163088
CARUARU;3;3;0.541814
CARUARU;3;4;0.100339
CARUARU;4;1;0.0828038
CARUARU;4;2;0.0717667
CARUARU;4;3;0.362477
CARUARU;4;4;0.482953
CASCAVEL;1;1;0.728635
CASCAVEL;1;2;0.14879
CASCAVEL;1;3;0.103309
CASCAVEL;1;4;0.0192664
CASCAVEL;2;1;0.284063
CASCAVEL;2;2;0.407811
CASCAVEL;2;3;0.248063
CASCAVEL;2;4;0.0600629
CASCAVEL;3;1;0.127944
CASCAVEL;3;2;0.174559
CASCAVEL;3;3;0.532339
CASCAVEL;3;4;0.165157
CASCAVEL;4;1;0.0384435
CASCAVEL;4;2;0.0650976
CASCAVEL;4;3;0.323163
CASCAVEL;4;4;0.573296
CASTANHAL;1;1;0.729419
CASTANHAL;1;2;0.137971
CASTANHAL;1;3;0.117523
CASTANHAL;1;4;0.0150871
CASTANHAL;2;1;0.345847
CASTANHAL;2;2;0.33547
CASTANHAL;2;3;0.281772
CASTANHAL;2;4;0.0369102
CASTANHAL;3;1;0.197629
CASTANHAL;3;2;0.201112
CASTANHAL;3;3;0.538539
CASTANHAL;3;4;0.0627208
CASTANHAL;4;1;0.0759816
CASTANHAL;4;2;0.109609
CASTANHAL;4;3;0.447099
CASTANHAL;4;4;0.36731
CATALAO;1;1;0.71243
CATALAO;1;2;0.151986
CATALAO;1;3;0.116509
CATALAO;1;4;0.0190748
CATALAO;2;1;0.28898
CATALAO;2;2;0.38705
CATALAO;2;3;0.26394
CATALAO;2;4;0.0600297
CATALAO;3;1;0.143599
CATALAO;3;2;0.15433
CATALAO;3;3;0.551605
CATALAO;3;4;0.150467
CATALAO;4;1;0.0549244
CATALAO;4;2;0.0641836
CATALAO;4;3;0.387447
CATALAO;4;4;0.493445
CATANDUVA;1;1;0.765545
CATANDUVA;1;2;0.121826
CATANDUVA;1;3;0.0950508
CATANDUVA;1;4;0.0175779
CATANDUVA;2;1;0.281616
CATANDUVA;2;2;0.408972
CATANDUVA;2;3;0.248808
CATANDUVA;2;4;0.0606044
CATANDUVA;3;1;0.168274
CATANDUVA;3;2;0.158657
CATANDUVA;3;3;0.529858
CATANDUVA;3;4;0.14321
CATANDUVA;4;1;0.0485056
CATANDUVA;4;2;0.0927328
CATANDUVA;4;3;0.341667
CATANDUVA;4;4;0.517094
CAXIAS;1;1;0.835279
CAXIAS;1;2;0.0923832
CAXIAS;1;3;0.0645513
CAXIAS;1;4;0.00778675
CAXIAS;2;1;0.424053
CAXIAS;2;2;0.288419
CAXIAS;2;3;0.235922
CAXIAS;2;4;0.0516047
CAXIAS;3;1;0.195482
CAXIAS;3;2;0.172307
CAXIAS;3;3;0.524494
CAXIAS;3;4;0.107717
CAXIAS;4;1;0.133916
CAXIAS;4;2;0.0713813
CAXIAS;4;3;0.4757
CAXIAS;4;4;0.319003
CAXIAS DO SUL;1;1;0.726199
CAXIAS DO SUL;1;2;0.152393
CAXIAS DO SUL;1;3;0.109238
CAXIAS DO SUL;1;4;0.0121704
CAXIAS DO SUL;2;1;0.313536
CAXIAS DO SUL;2;2;0.416181
CAXIAS DO SUL;2;3;0.235922
CAXIAS DO SUL;2;4;0.0343623
CAXIAS DO SUL;3;1;0.124105
CAXIAS DO SUL;3;2;0.170052
CAXIAS DO SUL;3;3;0.575617
CAXIAS DO SUL;3;4;0.130227
CAXIAS DO SUL;4;1;0.03597
CAXIAS DO SUL;4;2;0.0533384
CAXIAS DO SUL;4;3;0.330709
CAXIAS DO SUL;4;4;0.579983
CHAPECO;1;1;0.719284
CHAPECO;1;2;0.155619
CHAPECO;1;3;0.107748
CHAPECO;1;4;0.0173488
CHAPECO;2;1;0.287069
CHAPECO;2;2;0.400672
CHAPECO;2;3;0.258722
CHAPECO;2;4;0.0535359
CHAPECO;3;1;0.14483
CHAPECO;3;2;0.174187
CHAPECO;3;3;0.535956
CHAPECO;3;4;0.145028
CHAPECO;4;1;0.0361709
CHAPECO;4;2;0.0651943
CHAPECO;4;3;0.368724
CHAPECO;4;4;0.529911
CODO;1;1;0.866091
CODO;1;2;0.0756079
CODO;1;3;0.0514163
CODO;1;4;0.00688502
CODO;2;1;0.402052
CODO;2;2;0.327449
CODO;2;3;0.230791
CODO;2;4;0.0397077
CODO;3;1;0.249194
CODO;3;2;0.187404
CODO;3;3;0.494976
CODO;3;4;0.0684261
CODO;4;1;0.267447
CODO;4;2;0.0532086
CODO;4;3;0.240741
CODO;4;4;0.438603
COLATINA;1;1;0.741009
COLATINA;1;2;0.131705
COLATINA;1;3;0.108668
COLATINA;1;4;0.0186175
COLATINA;2;1;0.312177
COLATINA;2;2;0.401636
COLATINA;2;3;0.238114
COLATINA;2;4;0.0480733
COLATINA;3;1;0.21514
COLATINA;3;2;0.152905
COLATINA;3;3;0.498893
COLATINA;3;4;0.133062
COLATINA;4;1;0.0948956
COLATINA;4;2;0.0581413
COLATINA;4;3;0.309343
COLATINA;4;4;0.53762
CONSELHEIRO LAFAIETE;1;1;0.734651
CONSELHEIRO LAFAIETE;1;2;0.120696
CONSELHEIRO LAFAIETE;1;3;0.121653
CONSELHEIRO LAFAIETE;1;4;0.0230002
CONSELHEIRO LAFAIETE;2;1;0.366775
CONSELHEIRO LAFAIETE;2;2;0.301133
CONSELHEIRO LAFAIETE;2;3;0.259465
CONSELHEIRO LAFAIETE;2;4;0.0726273
CONSELHEIRO LAFAIETE;3;1;0.20518
CONSELHEIRO LAFAIETE;3;2;0.154897
CONSELHEIRO LAFAIETE;3;3;0.501538
CONSELHEIRO LAFAIETE;3;4;0.138384
CONSELHEIRO LAFAIETE;4;1;0.0783053
CONSELHEIRO LAFAIETE;4;2;0.0744225
CONSELHEIRO LAFAIETE;4;3;0.373206
CONSELHEIRO LAFAIETE;4;4;0.474066
CRICIUMA;1;1;0.748506
CRICIUMA;1;2;0.143709
CRICIUMA;1;3;0.0872568
CRICIUMA;1;4;0.0205281
CRICIUMA;2;1;0.361028
CRICIUMA;2;2;0.36125
CRICIUMA;2;3;0.224494
CRICIUMA;2;4;0.0532273
CRICIUMA;3;1;0.202221
CRICIUMA;3;2;0.178466
CRICIUMA;3;3;0.482998
CRICIUMA;3;4;0.136315
CRICIUMA;4;1;0.0592914
CRICIUMA;4;2;0.083973
CRICIUMA;4;3;0.32563
CRICIUMA;4;4;0.531105
CUIABA;1;1;0.669841
CUIABA;1;2;0.152965
CUIABA;1;3;0.148688
CUIABA;1;4;0.0285065
CUIABA;2;1;0.276054
CUIABA;2;2;0.385277
CUIABA;2;3;0.276041
CUIABA;2;4;0.0626275
CUIABA;3;1;0.136527
CUIABA;3;2;0.143367
CUIABA;3;3;0.575647
CUIABA;3;4;0.14446
CUIABA;4;1;0.044627
CUIABA;4;2;0.0540005
CUIABA;4;3;0.302716
CUIABA;4;4;0.598657
CURITIBA;1;1;0.72611
CURITIBA;1;2;0.148676
CURITIBA;1;3;0.106611
CURITIBA;1;4;0.0186025
CURITIBA;2;1;0.293472
CURITIBA;2;2;0.412043
CURITIBA;2;3;0.234813
CURITIBA;2;4;0.0596715
CURITIBA;3;1;0.142728
CURITIBA;3;2;0.165746
CURITIBA;3;3;0.548438
CURITIBA;3;4;0.143089
CURITIBA;4;1;0.0400275
CURITIBA;4;2;0.0643546
CURITIBA;4;3;0.286285
CURITIBA;4;4;0.609333
DIVINOPOLIS;1;1;0.732014
DIVINOPOLIS;1;2;0.137262
DIVINOPOLIS;1;3;0.107766
DIVINOPOLIS;1;4;0.0229578
DIVINOPOLIS;2;1;0.300187
DIVINOPOLIS;2;2;0.356441
DIVINOPOLIS;2;3;0.273401
DIVINOPOLIS;2;4;0.0699701
DIVINOPOLIS;3;1;0.15797
DIVINOPOLIS;3;2;0.16272
DIVINOPOLIS;3;3;0.519745
DIVINOPOLIS;3;4;0.159565
DIVINOPOLIS;4;1;0.0678455
DIVINOPOLIS;4;2;0.088146
DIVINOPOLIS;4;3;0.330288
DIVINOPOLIS;4;4;0.51372
DOURADOS;1;1;0.722031
DOURADOS;1;2;0.131953
DOURADOS;1;3;0.120729
DOURADOS;1;4;0.0252882
DOURADOS;2;1;0.34676
DOURADOS;2;2;0.360354
DOURADOS;2;3;0.244596
DOURADOS;2;4;0.0482899
DOURADOS;3;1;0.15414
DOURADOS;3;2;0.157828
DOURADOS;3;3;0.526646
DOURADOS;3;4;0.161387
DOURADOS;4;1;0.066995
DOURADOS;4;2;0.0664166
DOURADOS;4;3;0.313696
DOURADOS;4;4;0.552893
EUNAPOLIS;1;1;0.734978
EUNAPOLIS;1;2;0.111964
EUNAPOLIS;1;3;0.139204
EUNAPOLIS;1;4;0.0138542
EUNAPOLIS;2;1;0.314787
EUNAPOLIS;2;2;0.312351
EUNAPOLIS;2;3;0.33807
EUNAPOLIS;2;4;0.0347928
EUNAPOLIS;3;1;0.173452
EUNAPOLIS;3;2;0.144619
EUNAPOLIS;3;3;0.60207
EUNAPOLIS;3;4;0.079859
EUNAPOLIS;4;1;0.00952267
EUNAPOLIS;4;2;0.0290102
EUNAPOLIS;4;3;0.382019
EUNAPOLIS;4;4;0.579448
FEIRA DE SANTANA;1;1;0.694368
FEIRA DE SANTANA;1;2;0.119398
FEIRA DE SANTANA;1;3;0.175756
FEIRA DE SANTANA;1;4;0.010478
FEIRA DE SANTANA;2;1;0.316018
FEIRA DE SANTANA;2;2;0.361625
FEIRA DE SANTANA;2;3;0.287362
FEIRA DE SANTANA;2;4;0.0349951
FEIRA DE SANTANA;3;1;0.177384
FEIRA DE SANTANA;3;2;0.11879
FEIRA DE SANTANA;3;3;0.623438
FEIRA DE SANTANA;3;4;0.0803876
FEIRA DE SANTANA;4;1;0.0519441
FEIRA DE SANTANA;4;2;0.0818587
FEIRA DE SANTANA;4;3;0.413113
FEIRA DE SANTANA;4;4;0.453084
FLORIANOPOLIS;1;1;0.684335
FLORIANOPOLIS;1;2;0.163943
FLORIANOPOLIS;1;3;0.134097
FLORIANOPOLIS;1;4;0.0176255
FLORIANOPOLIS;2;1;0.287682
FLORIANOPOLIS;2;2;0.394256
FLORIANOPOLIS;2;3;0.261966
FLORIANOPOLIS;2;4;0.0560957
FLORIANOPOLIS;3;1;0.126233
FLORIANOPOLIS;3;2;0.156038
FLORIANOPOLIS;3;3;0.55952
FLORIANOPOLIS;3;4;0.158209
FLORIANOPOLIS;4;1;0.033203
FLORIANOPOLIS;4;2;0.0531048
FLORIANOPOLIS;4;3;0.324593
FLORIANOPOLIS;4;4;0.5891
FORMOSA;1;1;0.731694
FORMOSA;1;2;0.11139
FORMOSA;1;3;0.12817
FORMOSA;1;4;0.0287463
FORMOSA;2;1;0.307318
FORMOSA;2;2;0.297027
FORMOSA;2;3;0.318201
FORMOSA;2;4;0.0774538
FORMOSA;3;1;0.141172
FORMOSA;3;2;0.130846
FORMOSA;3;3;0.559373
FORMOSA;3;4;0.168608
FORMOSA;4;1;0.0517766
FORMOSA;4;2;0.0740644
FORMOSA;4;3;0.315902
FORMOSA;4;4;0.558257
FORTALEZA;1;1;0.719077
FORTALEZA;1;2;0.147706
FORTALEZA;1;3;0.122671
FORTALEZA;1;4;0.0105454
FORTALEZA;2;1;0.324622
FORTALEZA;2;2;0.388096
FORTALEZA;2;3;0.25658
FORTALEZA;2;4;0.0307019
FORTALEZA;3;1;0.155981
FORTALEZA;3;2;0.163642
FORTALEZA;3;3;0.575542
FORTALEZA;3;4;0.104834
FORTALEZA;4;1;0.0344015
FORTALEZA;4;2;0.0638399
FORTALEZA;4;3;0.348551
FORTALEZA;4;4;0.553208
FRANCA;1;1;0.735837
FRANCA;1;2;0.135711
FRANCA;1;3;0.111821
FRANCA;1;4;0.0166311
FRANCA;2;1;0.315478
FRANCA;2;2;0.396914
FRANCA;2;3;0.237442
FRANCA;2;4;0.0501663
FRANCA;3;1;0.146205
FRANCA;3;2;0.16057
FRANCA;3;3;0.55813
FRANCA;3;4;0.135095
FRANCA;4;1;0.0660384
FRANCA;4;2;0.0822927
FRANCA;4;3;0.308736
FRANCA;4;4;0.542933
GARANHUNS;1;1;0.794905
GARANHUNS;1;2;0.0953831
GARANHUNS;1;3;0.0961169
GARANHUNS;1;4;0.013595
GARANHUNS;2;1;0.362671
GARANHUNS;2;2;0.347364
GARANHUNS;2;3;0.224438
GARANHUNS;2;4;0.0655263
GARANHUNS;3;1;0.182824
GARANHUNS;3;2;0.173653
GARANHUNS;3;3;0.514435
GARANHUNS;3;4;0.129088
GARANHUNS;4;1;0.0743941
GARANHUNS;4;2;0.0450802
GARANHUNS;4;3;0.30264
GARANHUNS;4;4;0.577886
GOIANIA;1;1;0.674844
GOIANIA;1;2;0.153917
GOIANIA;1;3;0.151058
GOIANIA;1;4;0.0201807
GOIANIA;2;1;0.283561
GOIANIA;2;2;0.379037
GOIANIA;2;3;0.277455
GOIANIA;2;4;0.0599471
GOIANIA;3;1;0.148925
GOIANIA;3;2;0.156726
GOIANIA;3;3;0.55577
GOIANIA;3;4;0.138579
GOIANIA;4;1;0.0493121
GOIANIA;4;2;0.0634262
GOIANIA;4;3;0.309333
GOIANIA;4;4;0.577929
GOVERNADOR VALADARES;1;1;0.724347
GOVERNADOR VALADARES;1;2;0.135194
GOVERNADOR VALADARES;1;3;0.11969
GOVERNADOR VALADARES;1;4;0.0207693
GOVERNADOR VALADARES;2;1;0.316781
GOVERNADOR VALADARES;2;2;0.357588
GOVERNADOR VALADARES;2;3;0.280413
GOVERNADOR VALADARES;2;4;0.0452182
GOVERNADOR VALADARES;3;1;0.182661
GOVERNADOR VALADARES;3;2;0.144976
GOVERNADOR VALADARES;3;3;0.535412
GOVERNADOR VALADARES;3;4;0.136951
GOVERNADOR VALADARES;4;1;0.0659015
GOVERNADOR VALADARES;4;2;0.0809495
GOVERNADOR VALADARES;4;3;0.362753
GOVERNADOR VALADARES;4;4;0.490396
GUARAPARI;1;1;0.747378
GUARAPARI;1;2;0.127911
GUARAPARI;1;3;0.111092
GUARAPARI;1;4;0.0136197
GUARAPARI;2;1;0.392089
GUARAPARI;2;2;0.328605
GUARAPARI;2;3;0.248354
GUARAPARI;2;4;0.030952
GUARAPARI;3;1;0.16391
GUARAPARI;3;2;0.135136
GUARAPARI;3;3;0.57003
GUARAPARI;3;4;0.130924
GUARAPARI;4;1;0.0643315
GUARAPARI;4;2;0.0516112
GUARAPARI;4;3;0.398841
GUARAPARI;4;4;0.485216
GUARAPUAVA;1;1;0.80259
GUARAPUAVA;1;2;0.105551
GUARAPUAVA;1;3;0.0785654
GUARAPUAVA;1;4;0.0132931
GUARAPUAVA;2;1;0.377348
GUARAPUAVA;2;2;0.385487
GUARAPUAVA;2;3;0.171402
GUARAPUAVA;2;4;0.0657629
GUARAPUAVA;3;1;0.183979
GUARAPUAVA;3;2;0.17894
GUARAPUAVA;3;3;0.46721
GUARAPUAVA;3;4;0.169871
GUARAPUAVA;4;1;0.0412293
GUARAPUAVA;4;2;0.0727458
GUARAPUAVA;4;3;0.306544
GUARAPUAVA;4;4;0.579481
GUARATINGUETA;1;1;0.729975
GUARATINGUETA;1;2;0.13619
GUARATINGUETA;1;3;0.120736
GUARATINGUETA;1;4;0.013099
GUARATINGUETA;2;1;0.276363
GUARATINGUETA;2;2;0.413544
GUARATINGUETA;2;3;0.256597
GUARATINGUETA;2;4;0.0534957
GUARATINGUETA;3;1;0.141754
GUARATINGUETA;3;2;0.157134
GUARATINGUETA;3;3;0.581114
GUARATINGUETA;3;4;0.119998
GUARATINGUETA;4;1;0.0288006
GUARATINGUETA;4;2;0.0698349
GUARATINGUETA;4;3;0.306059
GUARATINGUETA;4;4;0.595305
ILHEUS;1;1;0.742188
ILHEUS;1;2;0.109561
ILHEUS;1;3;0.136037
ILHEUS;1;4;0.012214
ILHEUS;2;1;0.370487
ILHEUS;2;2;0.313341
ILHEUS;2;3;0.270652
ILHEUS;2;4;0.0455204
ILHEUS;3;1;0.177967
ILHEUS;3;2;0.158878
ILHEUS;3;3;0.564159
ILHEUS;3;4;0.0989962
ILHEUS;4;1;0.06206
ILHEUS;4;2;0.0632456
ILHEUS;4;3;0.428769
ILHEUS;4;4;0.445926
IMPERATRIZ;1;1;0.681963
IMPERATRIZ;1;2;0.16076
IMPERATRIZ;1;3;0.143971
IMPERATRIZ;1;4;0.0133061
IMPERATRIZ;2;1;0.301598
IMPERATRIZ;2;2;0.335705
IMPERATRIZ;2;3;0.329125
IMPERATRIZ;2;4;0.0335723
IMPERATRIZ;3;1;0.153224
IMPERATRIZ;3;2;0.155196
IMPERATRIZ;3;3;0.585076
IMPERATRIZ;3;4;0.106505
IMPERATRIZ;4;1;0.0668136
IMPERATRIZ;4;2;0.0696468
IMPERATRIZ;4;3;0.464773
IMPERATRIZ;4;4;0.398767
INDAIATUBA;1;1;0.734513
INDAIATUBA;1;2;0.145531
INDAIATUBA;1;3;0.106918
INDAIATUBA;1;4;0.0130375
INDAIATUBA;2;1;0.31177
INDAIATUBA;2;2;0.403607
INDAIATUBA;2;3;0.237656
INDAIATUBA;2;4;0.0469667
INDAIATUBA;3;1;0.152829
INDAIATUBA;3;2;0.135355
INDAIATUBA;3;3;0.598881
INDAIATUBA;3;4;0.112935
INDAIATUBA;4;1;0.0399124
INDAIATUBA;4;2;0.0793694
INDAIATUBA;4;3;0.26954
INDAIATUBA;4;4;0.611178
INTERNACIONAL DE CORUMBA;1;1;0.752316
INTERNACIONAL DE CORUMBA;1;2;0.143463
INTERNACIONAL DE CORUMBA;1;3;0.096237
INTERNACIONAL DE CORUMBA;1;4;0.00798321
INTERNACIONAL DE CORUMBA;2;1;0.382879
INTERNACIONAL DE CORUMBA;2;2;0.354109
INTERNACIONAL DE CORUMBA;2;3;0.228039
INTERNACIONAL DE CORUMBA;2;4;0.0349727
INTERNACIONAL DE CORUMBA;3;1;0.178986
INTERNACIONAL DE CORUMBA;3;2;0.213098
INTERNACIONAL DE CORUMBA;3;3;0.493896
INTERNACIONAL DE CORUMBA;3;4;0.114019
INTERNACIONAL DE CORUMBA;4;1;0.083682
INTERNACIONAL DE CORUMBA;4;2;0.0885605
INTERNACIONAL DE CORUMBA;4;3;0.30712
INTERNACIONAL DE CORUMBA;4;4;0.520637
INTERNACIONAL DE FOZ DO IGUACU;1;1;0.739319
INTERNACIONAL DE FOZ DO IGUACU;1;2;0.149005
INTERNACIONAL DE FOZ DO IGUACU;1;3;0.0897296
INTERNACIONAL DE FOZ DO IGUACU;1;4;0.021946
INTERNACIONAL DE FOZ DO IGUACU;2;1;0.313039
INTERNACIONAL DE FOZ DO IGUACU;2;2;0.399485
INTERNACIONAL DE FOZ DO IGUACU;2;3;0.223833
INTERNACIONAL DE FOZ DO IGUACU;2;4;0.0636423
INTERNACIONAL DE FOZ DO IGUACU;3;1;0.128302
INTERNACIONAL DE FOZ DO IGUACU;3;2;0.174687
INTERNACIONAL DE FOZ DO IGUACU;3;3;0.546528
INTERNACIONAL DE FOZ DO IGUACU;3;4;0.150483
INTERNACIONAL DE FOZ DO IGUACU;4;1;0.0693524
INTERNACIONAL DE FOZ DO IGUACU;4;2;0.0729719
INTERNACIONAL DE FOZ DO IGUACU;4;3;0.335238
INTERNACIONAL DE FOZ DO IGUACU;4;4;0.522438
INTERNACIONAL DE PEDRO JUAN CABALLERO;1;1;0.756828
INTERNACIONAL DE PEDRO JUAN CABALLERO;1;2;0.131892
INTERNACIONAL DE PEDRO JUAN CABALLERO;1;3;0.0871368
INTERNACIONAL DE PEDRO JUAN CABALLERO;1;4;0.0241434
INTERNACIONAL DE PEDRO JUAN CABALLERO;2;1;0.398967
INTERNACIONAL DE PEDRO JUAN CABALLERO;2;2;0.319193
INTERNACIONAL DE PEDRO JUAN CABALLERO;2;3;0.21731
INTERNACIONAL DE PEDRO JUAN CABALLERO;2;4;0.0645297
INTERNACIONAL DE PEDRO JUAN CABALLERO;3;1;0.162645
INTERNACIONAL DE PEDRO JUAN CABALLERO;3;2;0.201834
INTERNACIONAL DE PEDRO JUAN CABALLERO;3;3;0.489022
INTERNACIONAL DE PEDRO JUAN CABALLERO;3;4;0.146498
INTERNACIONAL DE PEDRO JUAN CABALLERO;4;1;0.0981974
INTERNACIONAL DE PEDRO JUAN CABALLERO;4;2;0.0989567
INTERNACIONAL DE PEDRO JUAN CABALLERO;4;3;0.320262
INTERNACIONAL DE PEDRO JUAN CABALLERO;4;4;0.482584
INTERNACIONAL DE SANT'ANA DO LIVRAMENTO;1;1;0.684942
INTERNACIONAL DE SANT'ANA DO LIVRAMENTO;1;2;0.165892
INTERNACIONAL DE SANT'ANA DO LIVRAMENTO;1;3;0.12686
INTERNACIONAL DE SANT'ANA DO LIVRAMENTO;1;4;0.0223047
INTERNACIONAL DE SANT'ANA DO LIVRAMENTO;2;1;0.312322
INTERNACIONAL DE SANT'ANA DO LIVRAMENTO;2;2;0.434029
INTERNACIONAL DE SANT'ANA DO LIVRAMENTO;2;3;0.218713
INTERNACIONAL DE SANT'ANA DO LIVRAMENTO;2;4;0.0349361
INTERNACIONAL DE SANT'ANA DO LIVRAMENTO;3;1;0.157857
INTERNACIONAL DE SANT'ANA DO LIVRAMENTO;3;2;0.168115
INTERNACIONAL DE SANT'ANA DO LIVRAMENTO;3;3;0.525208
INTERNACIONAL DE SANT'ANA DO LIVRAMENTO;3;4;0.14882
INTERNACIONAL DE SANT'ANA DO LIVRAMENTO;4;1;0.0488201
INTERNACIONAL DE SANT'ANA DO LIVRAMENTO;4;2;0.0838462
INTERNACIONAL DE SANT'ANA DO LIVRAMENTO;4;3;0.36395
INTERNACIONAL DE SANT'ANA DO LIVRAMENTO;4;4;0.503384
INTERNACIONAL DE URUGUAIANA;1;1;0.690274
INTERNACIONAL DE URUGUAIANA;1;2;0.149715
INTERNACIONAL DE URUGUAIANA;1;3;0.141165
INTERNACIONAL DE URUGUAIANA;1;4;0.0188455
INTERNACIONAL DE URUGUAIANA;2;1;0.317457
INTERNACIONAL DE URUGUAIANA;2;2;0.422946
INTERNACIONAL DE URUGUAIANA;2;3;0.226851
INTERNACIONAL DE URUGUAIANA;2;4;0.0327454
INTERNACIONAL DE URUGUAIANA;3;1;0.152976
INTERNACIONAL DE URUGUAIANA;3;2;0.191605
INTERNACIONAL DE URUGUAIANA;3;3;0.537724
INTERNACIONAL DE URUGUAIANA;3;4;0.117694
INTERNACIONAL DE URUGUAIANA;4;1;0.0500627
INTERNACIONAL DE URUGUAIANA;4;2;0.0787413
INTERNACIONAL DE URUGUAIANA;4;3;0.330119
INTERNACIONAL DE URUGUAIANA;4;4;0.541077
IPATINGA;1;1;0.722718
IPATINGA;1;2;0.138689
IPATINGA;1;3;0.117618
IPATINGA;1;4;0.0209758
IPATINGA;2;1;0.309497
IPATINGA;2;2;0.360485
IPATINGA;2;3;0.269393
IPATINGA;2;4;0.0606253
IPATINGA;3;1;0.165053
IPATINGA;3;2;0.174775
IPATINGA;3;3;0.526223
IPATINGA;3;4;0.133949
IPATINGA;4;1;0.0509253
IPATINGA;4;2;0.0708585
IPATINGA;4;3;0.387745
IPATINGA;4;4;0.490471
ITABIRA;1;1;0.7361
ITABIRA;1;2;0.120292
ITABIRA;1;3;0.115172
ITABIRA;1;4;0.0284355
ITABIRA;2;1;0.303276
ITABIRA;2;2;0.288405
ITABIRA;2;3;0.311438
ITABIRA;2;4;0.0968798
ITABIRA;3;1;0.150866
ITABIRA;3;2;0.15965
ITABIRA;3;3;0.552908
ITABIRA;3;4;0.136577
ITABIRA;4;1;0.0605666
ITABIRA;4;2;0.0936006
ITABIRA;4;3;0.336543
ITABIRA;4;4;0.509289
ITABUNA;1;1;0.719579
ITABUNA;1;2;0.13147
ITABUNA;1;3;0.132504
ITABUNA;1;4;0.0164472
ITABUNA;2;1;0.345063
ITABUNA;2;2;0.331617
ITABUNA;2;3;0.284989
ITABUNA;2;4;0.0383312
ITABUNA;3;1;0.159122
ITABUNA;3;2;0.159483
ITABUNA;3;3;0.57718
ITABUNA;3;4;0.104215
ITABUNA;4;1;0.0238628
ITABUNA;4;2;0.0511841
ITABUNA;4;3;0.413574
ITABUNA;4;4;0.511379
ITAJAI - BALNEARIO CAMBORIU;1;1;0.708635
ITAJAI - BALNEARIO CAMBORIU;1;2;0.162621
ITAJAI - BALNEARIO CAMBORIU;1;3;0.107955
ITAJAI - BALNEARIO CAMBORIU;1;4;0.0207897
ITAJAI - BALNEARIO CAMBORIU;2;1;0.285229
ITAJAI - BALNEARIO CAMBORIU;2;2;0.425893
ITAJAI - BALNEARIO CAMBORIU;2;3;0.237368
ITAJAI - BALNEARIO CAMBORIU;2;4;0.0515102
ITAJAI - BALNEARIO CAMBORIU;3;1;0.154504
ITAJAI - BALNEARIO CAMBORIU;3;2;0.19712
ITAJAI - BALNEARIO CAMBORIU;3;3;0.495404
ITAJAI - BALNEARIO CAMBORIU;3;4;0.152972
ITAJAI - BALNEARIO CAMBORIU;4;1;0.0529329
ITAJAI - BALNEARIO CAMBORIU;4;2;0.0994461
ITAJAI - BALNEARIO CAMBORIU;4;3;0.304016
ITAJAI - BALNEARIO CAMBORIU;4;4;0.543605
ITAJUBA;1;1;0.764428
ITAJUBA;1;2;0.119816
ITAJUBA;1;3;0.0959583
ITAJUBA;1;4;0.0197977
ITAJUBA;2;1;0.359408
ITAJUBA;2;2;0.310643
ITAJUBA;2;3;0.255585
ITAJUBA;2;4;0.0743637
ITAJUBA;3;1;0.184556
ITAJUBA;3;2;0.150668
ITAJUBA;3;3;0.531562
ITAJUBA;3;4;0.133214
ITAJUBA;4;1;0.0443784
ITAJUBA;4;2;0.104597
ITAJUBA;4;3;0.292882
ITAJUBA;4;4;0.558142
ITAPETININGA;1;1;0.775493
ITAPETININGA;1;2;0.119785
ITAPETININGA;1;3;0.0758286
ITAPETININGA;1;4;0.0288933
ITAPETININGA;2;1;0.315054
ITAPETININGA;2;2;0.435133
ITAPETININGA;2;3;0.197108
ITAPETININGA;2;4;0.0527051
ITAPETININGA;3;1;0.15527
ITAPETININGA;3;2;0.172636
ITAPETININGA;3;3;0.560814
ITAPETININGA;3;4;0.11128
ITAPETININGA;4;1;0.0430171
ITAPETININGA;4;2;0.114455
ITAPETININGA;4;3;0.327236
ITAPETININGA;4;4;0.515291
ITAPIPOCA;1;1;0.781391
ITAPIPOCA;1;2;0.108232
ITAPIPOCA;1;3;0.092608
ITAPIPOCA;1;4;0.0177691
ITAPIPOCA;2;1;0.372161
ITAPIPOCA;2;2;0.360025
ITAPIPOCA;2;3;0.223775
ITAPIPOCA;2;4;0.0440386
ITAPIPOCA;3;1;0.213251
ITAPIPOCA;3;2;0.17309
ITAPIPOCA;3;3;0.5355
ITAPIPOCA;3;4;0.0781591
ITAPIPOCA;4;1;0.119227
ITAPIPOCA;4;2;0.11835
ITAPIPOCA;4;3;0.478854
ITAPIPOCA;4;4;0.28357
ITATIBA;1;1;0.73044
ITATIBA;1;2;0.148202
ITATIBA;1;3;0.110411
ITATIBA;1;4;0.0109469
ITATIBA;2;1;0.334674
ITATIBA;2;2;0.368638
ITATIBA;2;3;0.253984
ITATIBA;2;4;0.0427034
ITATIBA;3;1;0.161369
ITATIBA;3;2;0.16932
ITATIBA;3;3;0.548142
ITATIBA;3;4;0.12117
ITATIBA;4;1;0.0363034
ITATIBA;4;2;0.0465895
ITATIBA;4;3;0.408189
ITATIBA;4;4;0.508918
ITU - SALTO;1;1;0.758154
ITU - SALTO;1;2;0.130679
ITU - SALTO;1;3;0.0983875
ITU - SALTO;1;4;0.0127797
ITU - SALTO;2;1;0.290508
ITU - SALTO;2;2;0.434016
ITU - SALTO;2;3;0.231102
ITU - SALTO;2;4;0.0443738
ITU - SALTO;3;1;0.134376
ITU - SALTO;3;2;0.159399
ITU - SALTO;3;3;0.581757
ITU - SALTO;3;4;0.124468
ITU - SALTO;4;1;0.0441282
ITU - SALTO;4;2;0.0702844
ITU - SALTO;4;3;0.311643
ITU - SALTO;4;4;0.573944
JARAGUA DO SUL;1;1;0.734212
JARAGUA DO SUL;1;2;0.153511
JARAGUA DO SUL;1;3;0.0973749
JARAGUA DO SUL;1;4;0.014902
JARAGUA DO SUL;2;1;0.296248
JARAGUA DO SUL;2;2;0.452731
JARAGUA DO SUL;2;3;0.205047
JARAGUA DO SUL;2;4;0.0459739
JARAGUA DO SUL;3;1;0.123266
JARAGUA DO SUL;3;2;0.201057
JARAGUA DO SUL;3;3;0.552785
JARAGUA DO SUL;3;4;0.122893
JARAGUA DO SUL;4;1;0.0367749
JARAGUA DO SUL;4;2;0.0865433
JARAGUA DO SUL;4;3;0.322032
JARAGUA DO SUL;4;4;0.554649
JAU;1;1;0.7673
JAU;1;2;0.135114
JAU;1;3;0.0850128
JAU;1;4;0.0125724
JAU;2;1;0.316926
JAU;2;2;0.428985
JAU;2;3;0.177949
JAU;2;4;0.0761391
JAU;3;1;0.162032
JAU;3;2;0.180714
JAU;3;3;0.529512
JAU;3;4;0.127743
JAU;4;1;0.0522809
JAU;4;2;0.0747273
JAU;4;3;0.2926
JAU;4;4;0.580392
JEQUIE;1;1;0.754925
JEQUIE;1;2;0.119094
JEQUIE;1;3;0.11788
JEQUIE;1;4;0.00810016
JEQUIE;2;1;0.307979
JEQUIE;2;2;0.296151
JEQUIE;2;3;0.345345
JEQUIE;2;4;0.0505248
JEQUIE;3;1;0.180294
JEQUIE;3;2;0.145751
JEQUIE;3;3;0.574701
JEQUIE;3;4;0.099254
JEQUIE;4;1;0.0632086
JEQUIE;4;2;0.100158
JEQUIE;4;3;0.395414
JEQUIE;4;4;0.44122
JI-PARANA;1;1;0.717704
JI-PARANA;1;2;0.127283
JI-PARANA;1;3;0.134359
JI-PARANA;1;4;0.0206545
JI-PARANA;2;1;0.331742
JI-PARANA;2;2;0.362081
JI-PARANA;2;3;0.273039
JI-PARANA;2;4;0.0331381
JI-PARANA;3;1;0.186577
JI-PARANA;3;2;0.145721
JI-PARANA;3;3;0.576713
JI-PARANA;3;4;0.0909892
JI-PARANA;4;1;0.110304
JI-PARANA;4;2;0.0858642
JI-PARANA;4;3;0.388825
JI-PARANA;4;4;0.415006
JOAO PESSOA;1;1;0.741716
JOAO PESSOA;1;2;0.123948
JOAO PESSOA;1;3;0.116003
JOAO PESSOA;1;4;0.0183319
JOAO PESSOA;2;1;0.348673
JOAO PESSOA;2;2;0.345453
JOAO PESSOA;2;3;0.254373
JOAO PESSOA;2;4;0.0515002
JOAO PESSOA;3;1;0.164992
JOAO PESSOA;3;2;0.132382
JOAO PESSOA;3;3;0.561847
JOAO PESSOA;3;4;0.140779
JOAO PESSOA;4;1;0.0387315
JOAO PESSOA;4;2;0.0598867
JOAO PESSOA;4;3;0.314826
JOAO PESSOA;4;4;0.586556
JOINVILLE;1;1;0.716692
JOINVILLE;1;2;0.16328
JOINVILLE;1;3;0.105282
JOINVILLE;1;4;0.014745
JOINVILLE;2;1;0.29367
JOINVILLE;2;2;0.429197
JOINVILLE;2;3;0.239469
JOINVILLE;2;4;0.0376641
JOINVILLE;3;1;0.134777
JOINVILLE;3;2;0.174318
JOINVILLE;3;3;0.568978
JOINVILLE;3;4;0.121928
JOINVILLE;4;1;0.0370839
JOINVILLE;4;2;0.072207
JOINVILLE;4;3;0.353409
JOINVILLE;4;4;0.5373
JUAZEIRO DO NORTE;1;1;0.741447
JUAZEIRO DO NORTE;1;2;0.127591
JUAZEIRO DO NORTE;1;3;0.116947
JUAZEIRO DO NORTE;1;4;0.0140156
JUAZEIRO DO NORTE;2;1;0.307483
JUAZEIRO DO NORTE;2;2;0.351392
JUAZEIRO DO NORTE;2;3;0.304896
JUAZEIRO DO NORTE;2;4;0.0362283
JUAZEIRO DO NORTE;3;1;0.171625
JUAZEIRO DO NORTE;3;2;0.158116
JUAZEIRO DO NORTE;3;3;0.562438
JUAZEIRO DO NORTE;3;4;0.107821
JUAZEIRO DO NORTE;4;1;0.0819109
JUAZEIRO DO NORTE;4;2;0.0922637
JUAZEIRO DO NORTE;4;3;0.389393
JUAZEIRO DO NORTE;4;4;0.436432
JUIZ DE FORA;1;1;0.724319
JUIZ DE FORA;1;2;0.144272
JUIZ DE FORA;1;3;0.116992
JUIZ DE FORA;1;4;0.014417
JUIZ DE FORA;2;1;0.292052
JUIZ DE FORA;2;2;0.349833
JUIZ DE FORA;2;3;0.298336
JUIZ DE FORA;2;4;0.059779
JUIZ DE FORA;3;1;0.1661
JUIZ DE FORA;3;2;0.16559
JUIZ DE FORA;3;3;0.514449
JUIZ DE FORA;3;4;0.153861
JUIZ DE FORA;4;1;0.0422154
JUIZ DE FORA;4;2;0.0645182
JUIZ DE FORA;4;3;0.316299
JUIZ DE FORA;4;4;0.576967
JUNDIAI;1;1;0.747113
JUNDIAI;1;2;0.141789
JUNDIAI;1;3;0.0948847
JUNDIAI;1;4;0.0162134
JUNDIAI;2;1;0.309853
JUNDIAI;2;2;0.414352
JUNDIAI;2;3;0.230407
JUNDIAI;2;4;0.0453873
JUNDIAI;3;1;0.155675
JUNDIAI;3;2;0.165328
JUNDIAI;3;3;0.559378
JUNDIAI;3;4;0.119619
JUNDIAI;4;1;0.0465273
JUNDIAI;4;2;0.0702176
JUNDIAI;4;3;0.294502
JUNDIAI;4;4;0.588753
LAGES;1;1;0.744349
LAGES;1;2;0.157078
LAGES;1;3;0.0811066
LAGES;1;4;0.0174666
LAGES;2;1;0.316963
LAGES;2;2;0.373429
LAGES;2;3;0.251843
LAGES;2;4;0.0577646
LAGES;3;1;0.160814
LAGES;3;2;0.160171
LAGES;3;3;0.531985
LAGES;3;4;0.14703
LAGES;4;1;0.04158
LAGES;4;2;0.090861
LAGES;4;3;0.315217
LAGES;4;4;0.552342
LAJEADO;1;1;0.763124
LAJEADO;1;2;0.146658
LAJEADO;1;3;0.0747324
LAJEADO;1;4;0.0154856
LAJEADO;2;1;0.360331
LAJEADO;2;2;0.383304
LAJEADO;2;3;0.220568
LAJEADO;2;4;0.035797
LAJEADO;3;1;0.149458
LAJEADO;3;2;0.175775
LAJEADO;3;3;0.521292
LAJEADO;3;4;0.153474
LAJEADO;4;1;0.0500147
LAJEADO;4;2;0.0685274
LAJEADO;4;3;0.379507
LAJEADO;4;4;0.501951
LAVRAS;1;1;0.766637
LAVRAS;1;2;0.114618
LAVRAS;1;3;0.0905837
LAVRAS;1;4;0.0281613
LAVRAS;2;1;0.343334
LAVRAS;2;2;0.332153
LAVRAS;2;3;0.248827
LAVRAS;2;4;0.0756863
LAVRAS;3;1;0.181328
LAVRAS;3;2;0.129461
LAVRAS;3;3;0.52571
LAVRAS;3;4;0.1635
LAVRAS;4;1;0.04717
LAVRAS;4;2;0.0687829
LAVRAS;4;3;0.310049
LAVRAS;4;4;0.573998
LIMEIRA;1;1;0.754962
LIMEIRA;1;2;0.127059
LIMEIRA;1;3;0.101433
LIMEIRA;1;4;0.0165464
LIMEIRA;2;1;0.306032
LIMEIRA;2;2;0.416563
LIMEIRA;2;3;0.233261
LIMEIRA;2;4;0.0441443
LIMEIRA;3;1;0.155688
LIMEIRA;3;2;0.154786
LIMEIRA;3;3;0.585492
LIMEIRA;3;4;0.104033
LIMEIRA;4;1;0.083464
LIMEIRA;4;2;0.0846752
LIMEIRA;4;3;0.338028
LIMEIRA;4;4;0.493833
LINHARES;1;1;0.74113
LINHARES;1;2;0.140513
LINHARES;1;3;0.103809
LINHARES;1;4;0.0145477
LINHARES;2;1;0.333531
LINHARES;2;2;0.319843
LINHARES;2;3;0.30655
LINHARES;2;4;0.0400766
LINHARES;3;1;0.171452
LINHARES;3;2;0.121322
LINHARES;3;3;0.566602
LINHARES;3;4;0.140624
LINHARES;4;1;0.0838781
LINHARES;4;2;0.0704829
LINHARES;4;3;0.358754
LINHARES;4;4;0.486885
LONDRINA;1;1;0.739496
LONDRINA;1;2;0.140649
LONDRINA;1;3;0.0983729
LONDRINA;1;4;0.0214817
LONDRINA;2;1;0.316392
LONDRINA;2;2;0.401525
LONDRINA;2;3;0.23154
LONDRINA;2;4;0.0505423
LONDRINA;3;1;0.153043
LONDRINA;3;2;0.177449
LONDRINA;3;3;0.510586
LONDRINA;3;4;0.158922
LONDRINA;4;1;0.0415309
LONDRINA;4;2;0.0499982
LONDRINA;4;3;0.282159
LONDRINA;4;4;0.626312
MACAE - RIO DAS OSTRAS;1;1;0.690064
MACAE - RIO DAS OSTRAS;1;2;0.15541
MACAE - RIO DAS OSTRAS;1;3;0.142178
MACAE - RIO DAS OSTRAS;1;4;0.0123472
MACAE - RIO DAS OSTRAS;2;1;0.302005
MACAE - RIO DAS OSTRAS;2;2;0.36918
MACAE - RIO DAS OSTRAS;2;3;0.285232
MACAE - RIO DAS OSTRAS;2;4;0.0435833
MACAE - RIO DAS OSTRAS;3;1;0.126402
MACAE - RIO DAS OSTRAS;3;2;0.161331
MACAE - RIO DAS OSTRAS;3;3;0.596701
MACAE - RIO DAS OSTRAS;3;4;0.115565
MACAE - RIO DAS OSTRAS;4;1;0.0384283
MACAE - RIO DAS OSTRAS;4;2;0.0619609
MACAE - RIO DAS OSTRAS;4;3;0.386278
MACAE - RIO DAS OSTRAS;4;4;0.513333
MACAPA;1;1;0.704697
MACAPA;1;2;0.130858
MACAPA;1;3;0.149779
MACAPA;1;4;0.014666
MACAPA;2;1;0.335118
MACAPA;2;2;0.327571
MACAPA;2;3;0.29842
MACAPA;2;4;0.0388915
MACAPA;3;1;0.155407
MACAPA;3;2;0.150417
MACAPA;3;3;0.577432
MACAPA;3;4;0.116744
MACAPA;4;1;0.0532107
MACAPA;4;2;0.0491566
MACAPA;4;3;0.446883
MACAPA;4;4;0.45075
MACEIO;1;1;0.753032
MACEIO;1;2;0.131544
MACEIO;1;3;0.10778
MACEIO;1;4;0.00764422
MACEIO;2;1;0.383705
MACEIO;2;2;0.348875
MACEIO;2;3;0.235225
MACEIO;2;4;0.0321953
MACEIO;3;1;0.193742
MACEIO;3;2;0.147233
MACEIO;3;3;0.53474
MACEIO;3;4;0.124284
MACEIO;4;1;0.0369969
MACEIO;4;2;0.0524584
MACEIO;4;3;0.333893
MACEIO;4;4;0.576652
MANAUS;1;1;0.655356
MANAUS;1;2;0.152294
MANAUS;1;3;0.176685
MANAUS;1;4;0.0156658
MANAUS;2;1;0.287185
MANAUS;2;2;0.390451
MANAUS;2;3;0.288341
MANAUS;2;4;0.0340224
MANAUS;3;1;0.167502
MANAUS;3;2;0.129645
MANAUS;3;3;0.622826
MANAUS;3;4;0.0800276
MANAUS;4;1;0.0515369
MANAUS;4;2;0.0611293
MANAUS;4;3;0.376327
MANAUS;4;4;0.511007
MARABA;1;1;0.756159
MARABA;1;2;0.131499
MARABA;1;3;0.104272
MARABA;1;4;0.0080704
MARABA;2;1;0.392229
MARABA;2;2;0.331865
MARABA;2;3;0.245399
MARABA;2;4;0.0305072
MARABA;3;1;0.182247
MARABA;3;2;0.170862
MARABA;3;3;0.575013
MARABA;3;4;0.0718779
MARABA;4;1;0.07713
MARABA;4;2;0.142525
MARABA;4;3;0.385188
MARABA;4;4;0.395157
MARILIA;1;1;0.726061
MARILIA;1;2;0.113068
MARILIA;1;3;0.135733
MARILIA;1;4;0.025138
MARILIA;2;1;0.280726
MARILIA;2;2;0.374138
MARILIA;2;3;0.289811
MARILIA;2;4;0.0553253
MARILIA;3;1;0.111096
MARILIA;3;2;0.148751
MARILIA;3;3;0.589294
MARILIA;3;4;0.150859
MARILIA;4;1;0.0376573
MARILIA;4;2;0.0615524
MARILIA;4;3;0.310638
MARILIA;4;4;0.590152
MARINGA;1;1;0.721558
MARINGA;1;2;0.142367
MARINGA;1;3;0.116141
MARINGA;1;4;0.0199332
MARINGA;2;1;0.298941
MARINGA;2;2;0.379719
MARINGA;2;3;0.267488
MARINGA;2;4;0.0538516
MARINGA;3;1;0.14779
MARINGA;3;2;0.158702
MARINGA;3;3;0.533677
MARINGA;3;4;0.159831
MARINGA;4;1;0.0466738
MARINGA;4;2;0.0609346
MARINGA;4;3;0.305472
MARINGA;4;4;0.586919
MOGI GUACU - MOGI MIRIM;1;1;0.763053
MOGI GUACU - MOGI MIRIM;1;2;0.120579
MOGI GUACU - MOGI MIRIM;1;3;0.0991352
MOGI GUACU - MOGI MIRIM;1;4;0.0172334
MOGI GUACU - MOGI MIRIM;2;1;0.332642
MOGI GUACU - MOGI MIRIM;2;2;0.429484
MOGI GUACU - MOGI MIRIM;2;3;0.195631
MOGI GUACU - MOGI MIRIM;2;4;0.0422432
MOGI GUACU - MOGI MIRIM;3;1;0.150086
MOGI GUACU - MOGI MIRIM;3;2;0.174505
MOGI GUACU - MOGI MIRIM;3;3;0.557961
MOGI GUACU - MOGI MIRIM;3;4;0.117449
MOGI GUACU - MOGI MIRIM;4;1;0.0679688
MOGI GUACU - MOGI MIRIM;4;2;0.0752764
MOGI GUACU - MOGI MIRIM;4;3;0.336363
MOGI GUACU - MOGI MIRIM;4;4;0.520392
MONTES CLAROS;1;1;0.686033
MONTES CLAROS;1;2;0.142163
MONTES CLAROS;1;3;0.146646
MONTES CLAROS;1;4;0.0251584
MONTES CLAROS;2;1;0.268183
MONTES CLAROS;2;2;0.303919
MONTES CLAROS;2;3;0.360359
MONTES CLAROS;2;4;0.0675386
MONTES CLAROS;3;1;0.130333
MONTES CLAROS;3;2;0.1344
MONTES CLAROS;3;3;0.587105
MONTES CLAROS;3;4;0.148161
MONTES CLAROS;4;1;0.0488387
MONTES CLAROS;4;2;0.0635198
MONTES CLAROS;4;3;0.349777
MONTES CLAROS;4;4;0.537865
MOSSORO;1;1;0.724561
MOSSORO;1;2;0.126253
MOSSORO;1;3;0.130613
MOSSORO;1;4;0.0185735
MOSSORO;2;1;0.357531
MOSSORO;2;2;0.343788
MOSSORO;2;3;0.244015
MOSSORO;2;4;0.0546656
MOSSORO;3;1;0.174562
MOSSORO;3;2;0.161507
MOSSORO;3;3;0.539476
MOSSORO;3;4;0.124456
MOSSORO;4;1;0.0668356
MOSSORO;4;2;0.0461532
MOSSORO;4;3;0.43324
MOSSORO;4;4;0.453771
MURIAE;1;1;0.775176
MURIAE;1;2;0.114376
MURIAE;1;3;0.0916457
MURIAE;1;4;0.018803
MURIAE;2;1;0.320806
MURIAE;2;2;0.326627
MURIAE;2;3;0.262615
MURIAE;2;4;0.0899529
MURIAE;3;1;0.178833
MURIAE;3;2;0.133218
MURIAE;3;3;0.500628
MURIAE;3;4;0.187321
MURIAE;4;1;0.0621995
MURIAE;4;2;0.0871143
MURIAE;4;3;0.286521
MURIAE;4;4;0.564165
NATAL;1;1;0.706576
NATAL;1;2;0.144773
NATAL;1;3;0.132204
NATAL;1;4;0.0164474
NATAL;2;1;0.339919
NATAL;2;2;0.333146
NATAL;2;3;0.290348
NATAL;2;4;0.0365873
NATAL;3;1;0.170075
NATAL;3;2;0.152255
NATAL;3;3;0.565894
NATAL;3;4;0.111775
NATAL;4;1;0.0417958
NATAL;4;2;0.0665777
NATAL;4;3;0.346246
NATAL;4;4;0.545381
NOVA FRIBURGO;1;1;0.762462
NOVA FRIBURGO;1;2;0.135701
NOVA FRIBURGO;1;3;0.0828358
NOVA FRIBURGO;1;4;0.0190008
NOVA FRIBURGO;2;1;0.303648
NOVA FRIBURGO;2;2;0.405728
NOVA FRIBURGO;2;3;0.239828
NOVA FRIBURGO;2;4;0.0507955
NOVA FRIBURGO;3;1;0.159721
NOVA FRIBURGO;3;2;0.175467
NOVA FRIBURGO;3;3;0.515443
NOVA FRIBURGO;3;4;0.149369
NOVA FRIBURGO;4;1;0.0619756
NOVA FRIBURGO;4;2;0.0673412
NOVA FRIBURGO;4;3;0.319452
NOVA FRIBURGO;4;4;0.551231
OURINHOS;1;1;0.725269
OURINHOS;1;2;0.134461
OURINHOS;1;3;0.11277
OURINHOS;1;4;0.0274994
OURINHOS;2;1;0.300582
OURINHOS;2;2;0.362007
OURINHOS;2;3;0.279954
OURINHOS;2;4;0.0574581
OURINHOS;3;1;0.128875
OURINHOS;3;2;0.167588
OURINHOS;3;3;0.54095
OURINHOS;3;4;0.162588
OURINHOS;4;1;0.0529739
OURINHOS;4;2;0.0693521
OURINHOS;4;3;0.324901
OURINHOS;4;4;0.552773
PALMAS;1;1;0.60184
PALMAS;1;2;0.148515
PALMAS;1;3;0.21183
PALMAS;1;4;0.0378141
PALMAS;2;1;0.268779
PALMAS;2;2;0.336006
PALMAS;2;3;0.345033
PALMAS;2;4;0.0501825
PALMAS;3;1;0.117079
PALMAS;3;2;0.124833
PALMAS;3;3;0.575994
PALMAS;3;4;0.182094
PALMAS;4;1;0.0322418
PALMAS;4;2;0.0491022
PALMAS;4;3;0.351185
PALMAS;4;4;0.567471
PARANAGUA;1;1;0.737891
PARANAGUA;1;2;0.13062
PARANAGUA;1;3;0.107647
PARANAGUA;1;4;0.0238428
PARANAGUA;2;1;0.309512
PARANAGUA;2;2;0.355089
PARANAGUA;2;3;0.277334
PARANAGUA;2;4;0.0580652
PARANAGUA;3;1;0.206329
PARANAGUA;3;2;0.199499
PARANAGUA;3;3;0.490184
PARANAGUA;3;4;0.103989
PARANAGUA;4;1;0.0910182
PARANAGUA;4;2;0.0744505
PARANAGUA;4;3;0.426458
PARANAGUA;4;4;0.408073
PARAUAPEBAS;1;1;0.660679
PARAUAPEBAS;1;2;0.167954
PARAUAPEBAS;1;3;0.160103
PARAUAPEBAS;1;4;0.0112646
PARAUAPEBAS;2;1;0.305046
PARAUAPEBAS;2;2;0.369063
PARAUAPEBAS;2;3;0.294334
PARAUAPEBAS;2;4;0.0315568
PARAUAPEBAS;3;1;0.181771
PARAUAPEBAS;3;2;0.20577
PARAUAPEBAS;3;3;0.551412
PARAUAPEBAS;3;4;0.0610469
PARAUAPEBAS;4;1;0.100935
PARAUAPEBAS;4;2;0.0374509
PARAUAPEBAS;4;3;0.520069
PARAUAPEBAS;4;4;0.341546
PARINTINS;1;1;0.797069
PARINTINS;1;2;0.106024
PARINTINS;1;3;0.0787303
PARINTINS;1;4;0.0181763
PARINTINS;2;1;0.348718
PARINTINS;2;2;0.449347
PARINTINS;2;3;0.154259
PARINTINS;2;4;0.0476767
PARINTINS;3;1;0.227347
PARINTINS;3;2;0.177406
PARINTINS;3;3;0.439499
PARINTINS;3;4;0.155748
PARINTINS;4;1;0.209666
PARINTINS;4;2;0.0771513
PARINTINS;4;3;0.470715
PARINTINS;4;4;0.242468
PARNAIBA;1;1;0.767756
PARNAIBA;1;2;0.120084
PARNAIBA;1;3;0.0965177
PARNAIBA;1;4;0.0156429
PARNAIBA;2;1;0.441585
PARNAIBA;2;2;0.32204
PARNAIBA;2;3;0.19221
PARNAIBA;2;4;0.0441651
PARNAIBA;3;1;0.218218
PARNAIBA;3;2;0.190873
PARNAIBA;3;3;0.478939
PARNAIBA;3;4;0.11197
PARNAIBA;4;1;0.0572524
PARNAIBA;4;2;0.124785
PARNAIBA;4;3;0.334355
PARNAIBA;4;4;0.483608
PASSO FUNDO;1;1;0.718015
PASSO FUNDO;1;2;0.137583
PASSO FUNDO;1;3;0.120567
PASSO FUNDO;1;4;0.0238348
PASSO FUNDO;2;1;0.313525
PASSO FUNDO;2;2;0.378567
PASSO FUNDO;2;3;0.259611
PASSO FUNDO;2;4;0.0482966
PASSO FUNDO;3;1;0.126961
PASSO FUNDO;3;2;0.163791
PASSO FUNDO;3;3;0.553295
PASSO FUNDO;3;4;0.155952
PASSO FUNDO;4;1;0.0435857
PASSO FUNDO;4;2;0.0316694
PASSO FUNDO;4;3;0.320487
PASSO FUNDO;4;4;0.604258
PASSOS;1;1;0.752865
PASSOS;1;2;0.134485
PASSOS;1;3;0.0797151
PASSOS;1;4;0.0329355
PASSOS;2;1;0.270352
PASSOS;2;2;0.455737
PASSOS;2;3;0.204443
PASSOS;2;4;0.0694677
PASSOS;3;1;0.161383
PASSOS;3;2;0.185618
PASSOS;3;3;0.491862
PASSOS;3;4;0.161137
PASSOS;4;1;0.0925882
PASSOS;4;2;0.0872162
PASSOS;4;3;0.278819
PASSOS;4;4;0.541376
PATOS;1;1;0.727508
PATOS;1;2;0.118318
PATOS;1;3;0.132549
PATOS;1;4;0.021625
PATOS;2;1;0.415059
PATOS;2;2;0.279561
PATOS;2;3;0.274873
PATOS;2;4;0.0305065
PATOS;3;1;0.208862
PATOS;3;2;0.156395
PATOS;3;3;0.499623
PATOS;3;4;0.13512
PATOS;4;1;0.0906333
PATOS;4;2;0.131094
PATOS;4;3;0.322238
PATOS;4;4;0.456034
PATOS DE MINAS;1;1;0.682673
PATOS DE MINAS;1;2;0.14777
PATOS DE MINAS;1;3;0.145542
PATOS DE MINAS;1;4;0.0240147
PATOS DE MINAS;2;1;0.279817
PATOS DE MINAS;2;2;0.347898
PATOS DE MINAS;2;3;0.293254
PATOS DE MINAS;2;4;0.0790316
PATOS DE MINAS;3;1;0.15198
PATOS DE MINAS;3;2;0.152475
PATOS DE MINAS;3;3;0.511622
PATOS DE MINAS;3;4;0.183924
PATOS DE MINAS;4;1;0.0506263
PATOS DE MINAS;4;2;0.0629308
PATOS DE MINAS;4;3;0.301159
PATOS DE MINAS;4;4;0.585284
PAULO AFONSO;1;1;0.792853
PAULO AFONSO;1;2;0.0982033
PAULO AFONSO;1;3;0.0966494
PAULO AFONSO;1;4;0.0122941
PAULO AFONSO;2;1;0.385186
PAULO AFONSO;2;2;0.360619
PAULO AFONSO;2;3;0.226157
PAULO AFONSO;2;4;0.0280372
PAULO AFONSO;3;1;0.194432
PAULO AFONSO;3;2;0.148382
PAULO AFONSO;3;3;0.536046
PAULO AFONSO;3;4;0.12114
PAULO AFONSO;4;1;0.111432
PAULO AFONSO;4;2;0.10209
PAULO AFONSO;4;3;0.432601
PAULO AFONSO;4;4;0.353877
PELOTAS;1;1;0.770731
PELOTAS;1;2;0.132642
PELOTAS;1;3;0.0844302
PELOTAS;1;4;0.0121968
PELOTAS;2;1;0.34049
PELOTAS;2;2;0.375325
PELOTAS;2;3;0.241791
PELOTAS;2;4;0.0423938
PELOTAS;3;1;0.159871
PELOTAS;3;2;0.190411
PELOTAS;3;3;0.505734
PELOTAS;3;4;0.143985
PELOTAS;4;1;0.0671157
PELOTAS;4;2;0.0880447
PELOTAS;4;3;0.318287
PELOTAS;4;4;0.526553
PETROLINA;1;1;0.737269
PETROLINA;1;2;0.127694
PETROLINA;1;3;0.120642
PETROLINA;1;4;0.0143952
PETROLINA;2;1;0.341045
PETROLINA;2;2;0.330758
PETROLINA;2;3;0.286626
PETROLINA;2;4;0.0415708
PETROLINA;3;1;0.171125
PETROLINA;3;2;0.149336
PETROLINA;3;3;0.565756
PETROLINA;3;4;0.113783
PETROLINA;4;1;0.0634866
PETROLINA;4;2;0.0689753
PETROLINA;4;3;0.393426
PETROLINA;4;4;0.474112
PETROPOLIS;1;1;0.765376
PETROPOLIS;1;2;0.130297
PETROPOLIS;1;3;0.0913191
PETROPOLIS;1;4;0.0130075
PETROPOLIS;2;1;0.364705
PETROPOLIS;2;2;0.422148
PETROPOLIS;2;3;0.182506
PETROPOLIS;2;4;0.0306412
PETROPOLIS;3;1;0.170227
PETROPOLIS;3;2;0.155262
PETROPOLIS;3;3;0.525973
PETROPOLIS;3;4;0.148538
PETROPOLIS;4;1;0.0488415
PETROPOLIS;4;2;0.0684102
PETROPOLIS;4;3;0.307631
PETROPOLIS;4;4;0.575118
PIRACICABA;1;1;0.750151
PIRACICABA;1;2;0.136871
PIRACICABA;1;3;0.0989469
PIRACICABA;1;4;0.0140308
PIRACICABA;2;1;0.301974
PIRACICABA;2;2;0.426076
PIRACICABA;2;3;0.225726
PIRACICABA;2;4;0.046224
PIRACICABA;3;1;0.141516
PIRACICABA;3;2;0.16974
PIRACICABA;3;3;0.56419
PIRACICABA;3;4;0.124554
PIRACICABA;4;1;0.0549657
PIRACICABA;4;2;0.0742163
PIRACICABA;4;3;0.287118
PIRACICABA;4;4;0.5837
POCOS DE CALDAS;1;1;0.735487
POCOS DE CALDAS;1;2;0.151265
POCOS DE CALDAS;1;3;0.103612
POCOS DE CALDAS;1;4;0.00963538
POCOS DE CALDAS;2;1;0.30052
POCOS DE CALDAS;2;2;0.412527
POCOS DE CALDAS;2;3;0.236396
POCOS DE CALDAS;2;4;0.050557
POCOS DE CALDAS;3;1;0.174155
POCOS DE CALDAS;3;2;0.178594
POCOS DE CALDAS;3;3;0.531532
POCOS DE CALDAS;3;4;0.115719
POCOS DE CALDAS;4;1;0.0571079
POCOS DE CALDAS;4;2;0.0680545
POCOS DE CALDAS;4;3;0.329722
POCOS DE CALDAS;4;4;0.545116
PONTA GROSSA;1;1;0.749303
PONTA GROSSA;1;2;0.129681
PONTA GROSSA;1;3;0.105793
PONTA GROSSA;1;4;0.0152231
PONTA GROSSA;2;1;0.313797
PONTA GROSSA;2;2;0.397012
PONTA GROSSA;2;3;0.246205
PONTA GROSSA;2;4;0.042986
PONTA GROSSA;3;1;0.155623
PONTA GROSSA;3;2;0.177853
PONTA GROSSA;3;3;0.532145
PONTA GROSSA;3;4;0.134379
PONTA GROSSA;4;1;0.0445246
PONTA GROSSA;4;2;0.0844082
PONTA GROSSA;4;3;0.303439
PONTA GROSSA;4;4;0.567629
PORTO ALEGRE;1;1;0.72561
PORTO ALEGRE;1;2;0.156611
PORTO ALEGRE;1;3;0.106752
PORTO ALEGRE;1;4;0.0110277
PORTO ALEGRE;2;1;0.303791
PORTO ALEGRE;2;2;0.432807
PORTO ALEGRE;2;3;0.228518
PORTO ALEGRE;2;4;0.0348849
PORTO ALEGRE;3;1;0.133382
PORTO ALEGRE;3;2;0.166329
PORTO ALEGRE;3;3;0.579493
PORTO ALEGRE;3;4;0.120796
PORTO ALEGRE;4;1;0.0353192
PORTO ALEGRE;4;2;0.0565851
PORTO ALEGRE;4;3;0.3259
PORTO ALEGRE;4;4;0.582196
PORTO SEGURO;1;1;0.742259
PORTO SEGURO;1;2;0.140001
PORTO SEGURO;1;3;0.111059
PORTO SEGURO;1;4;0.00668164
PORTO SEGURO;2;1;0.339121
PORTO SEGURO;2;2;0.375648
PORTO SEGURO;2;3;0.251834
PORTO SEGURO;2;4;0.0333963
PORTO SEGURO;3;1;0.191701
PORTO SEGURO;3;2;0.187157
PORTO SEGURO;3;3;0.535493
PORTO SEGURO;3;4;0.0856486
PORTO SEGURO;4;1;0.0772106
PORTO SEGURO;4;2;0.0940174
PORTO SEGURO;4;3;0.367342
PORTO SEGURO;4;4;0.46143
PORTO VELHO;1;1;0.694795
PORTO VELHO;1;2;0.146718
PORTO VELHO;1;3;0.139817
PORTO VELHO;1;4;0.0186707
PORTO VELHO;2;1;0.335553
PORTO VELHO;2;2;0.372996
PORTO VELHO;2;3;0.256053
PORTO VELHO;2;4;0.0353978
PORTO VELHO;3;1;0.187285
PORTO VELHO;3;2;0.148624
PORTO VELHO;3;3;0.561063
PORTO VELHO;3;4;0.103029
PORTO VELHO;4;1;0.072817
PORTO VELHO;4;2;0.0842036
PORTO VELHO;4;3;0.312265
PORTO VELHO;4;4;0.530714
POUSO ALEGRE;1;1;0.729326
POUSO ALEGRE;1;2;0.130719
POUSO ALEGRE;1;3;0.12067
POUSO ALEGRE;1;4;0.0192853
POUSO ALEGRE;2;1;0.315238
POUSO ALEGRE;2;2;0.362418
POUSO ALEGRE;2;3;0.265926
POUSO ALEGRE;2;4;0.0564183
POUSO ALEGRE;3;1;0.13729
POUSO ALEGRE;3;2;0.148897
POUSO ALEGRE;3;3;0.569361
POUSO ALEGRE;3;4;0.144452
POUSO ALEGRE;4;1;0.0817466
POUSO ALEGRE;4;2;0.0585172
POUSO ALEGRE;4;3;0.332625
POUSO ALEGRE;4;4;0.527111
PRESIDENTE PRUDENTE;1;1;0.721232
PRESIDENTE PRUDENTE;1;2;0.15096
PRESIDENTE PRUDENTE;1;3;0.105265
PRESIDENTE PRUDENTE;1;4;0.0225428
PRESIDENTE PRUDENTE;2;1;0.287216
PRESIDENTE PRUDENTE;2;2;0.38155
PRESIDENTE PRUDENTE;2;3;0.277845
PRESIDENTE PRUDENTE;2;4;0.0533892
PRESIDENTE PRUDENTE;3;1;0.147101
PRESIDENTE PRUDENTE;3;2;0.140162
PRESIDENTE PRUDENTE;3;3;0.555596
PRESIDENTE PRUDENTE;3;4;0.157141
PRESIDENTE PRUDENTE;4;1;0.0496904
PRESIDENTE PRUDENTE;4;2;0.051612
PRESIDENTE PRUDENTE;4;3;0.295868
PRESIDENTE PRUDENTE;4;4;0.60283
RECIFE;1;1;0.728462
RECIFE;1;2;0.129533
RECIFE;1;3;0.13309
RECIFE;1;4;0.00891462
RECIFE;2;1;0.344705
RECIFE;2;2;0.371972
RECIFE;2;3;0.249324
RECIFE;2;4;0.0339986
RECIFE;3;1;0.16617
RECIFE;3;2;0.144816
RECIFE;3;3;0.586966
RECIFE;3;4;0.102048
RECIFE;4;1;0.0321402
RECIFE;4;2;0.0545141
RECIFE;4;3;0.321156
RECIFE;4;4;0.59219
RESENDE;1;1;0.705935
RESENDE;1;2;0.15301
RESENDE;1;3;0.129386
RESENDE;1;4;0.0116688
RESENDE;2;1;0.343676
RESENDE;2;2;0.343376
RESENDE;2;3;0.269257
RESENDE;2;4;0.0436901
RESENDE;3;1;0.163155
RESENDE;3;2;0.151323
RESENDE;3;3;0.563284
RESENDE;3;4;0.122238
RESENDE;4;1;0.0327942
RESENDE;4;2;0.062031
RESENDE;4;3;0.346813
RESENDE;4;4;0.558361
RIBEIRAO PRETO;1;1;0.720008
RIBEIRAO PRETO;1;2;0.140295
RIBEIRAO PRETO;1;3;0.117783
RIBEIRAO PRETO;1;4;0.0219141
RIBEIRAO PRETO;2;1;0.28539
RIBEIRAO PRETO;2;2;0.414977
RIBEIRAO PRETO;2;3;0.234574
RIBEIRAO PRETO;2;4;0.065059
RIBEIRAO PRETO;3;1;0.141142
RIBEIRAO PRETO;3;2;0.146304
RIBEIRAO PRETO;3;3;0.573912
RIBEIRAO PRETO;3;4;0.138642
RIBEIRAO PRETO;4;1;0.0455551
RIBEIRAO PRETO;4;2;0.0721184
RIBEIRAO PRETO;4;3;0.269844
RIBEIRAO PRETO;4;4;0.612483
RIO BRANCO;1;1;0.692128
RIO BRANCO;1;2;0.139217
RIO BRANCO;1;3;0.148532
RIO BRANCO;1;4;0.0201227
RIO BRANCO;2;1;0.300135
RIO BRANCO;2;2;0.347442
RIO BRANCO;2;3;0.296158
RIO BRANCO;2;4;0.0562657
RIO BRANCO;3;1;0.207404
RIO BRANCO;3;2;0.160284
RIO BRANCO;3;3;0.497686
RIO BRANCO;3;4;0.134626
RIO BRANCO;4;1;0.089264
RIO BRANCO;4;2;0.0799188
RIO BRANCO;4;3;0.347613
RIO BRANCO;4;4;0.483204
RIO CLARO;1;1;0.735708
RIO CLARO;1;2;0.143875
RIO CLARO;1;3;0.104778
RIO CLARO;1;4;0.0156394
RIO CLARO;2;1;0.291678
RIO CLARO;2;2;0.411128
RIO CLARO;2;3;0.260609
RIO CLARO;2;4;0.0365839
RIO CLARO;3;1;0.14007
RIO CLARO;3;2;0.154998
RIO CLARO;3;3;0.569051
RIO CLARO;3;4;0.135881
RIO CLARO;4;1;0.0490146
RIO CLARO;4;2;0.0660252
RIO CLARO;4;3;0.32171
RIO CLARO;4;4;0.56325
RIO DE JANEIRO;1;1;0.694828
RIO DE JANEIRO;1;2;0.161403
RIO DE JANEIRO;1;3;0.130962
RIO DE JANEIRO;1;4;0.0128066
RIO DE JANEIRO;2;1;0.285308
RIO DE JANEIRO;2;2;0.430424
RIO DE JANEIRO;2;3;0.248031
RIO DE JANEIRO;2;4;0.0362369
RIO DE JANEIRO;3;1;0.138737
RIO DE JANEIRO;3;2;0.157819
RIO DE JANEIRO;3;3;0.592103
RIO DE JANEIRO;3;4;0.111342
RIO DE JANEIRO;4;1;0.032649
RIO DE JANEIRO;4;2;0.0594653
RIO DE JANEIRO;4;3;0.322756
RIO DE JANEIRO;4;4;0.58513
RIO GRANDE;1;1;0.743202
RIO GRANDE;1;2;0.130389
RIO GRANDE;1;3;0.113503
RIO GRANDE;1;4;0.0129066
RIO GRANDE;2;1;0.337172
RIO GRANDE;2;2;0.356827
RIO GRANDE;2;3;0.272007
RIO GRANDE;2;4;0.0339935
RIO GRANDE;3;1;0.147156
RIO GRANDE;3;2;0.184646
RIO GRANDE;3;3;0.534202
RIO GRANDE;3;4;0.133997
RIO GRANDE;4;1;0.072561
RIO GRANDE;4;2;0.0685771
RIO GRANDE;4;3;0.414749
RIO GRANDE;4;4;0.444113
RIO VERDE;1;1;0.720242
RIO VERDE;1;2;0.142582
RIO VERDE;1;3;0.117441
RIO VERDE;1;4;0.0197355
RIO VERDE;2;1;0.31583
RIO VERDE;2;2;0.396557
RIO VERDE;2;3;0.229498
RIO VERDE;2;4;0.0581156
RIO VERDE;3;1;0.154536
RIO VERDE;3;2;0.152999
RIO VERDE;3;3;0.552374
RIO VERDE;3;4;0.140091
RIO VERDE;4;1;0.0458485
RIO VERDE;4;2;0.069799
RIO VERDE;4;3;0.346975
RIO VERDE;4;4;0.537378
RONDONOPOLIS;1;1;0.66485
RONDONOPOLIS;1;2;0.151501
RONDONOPOLIS;1;3;0.154854
RONDONOPOLIS;1;4;0.0287957
RONDONOPOLIS;2;1;0.262404
RONDONOPOLIS;2;2;0.363313
RONDONOPOLIS;2;3;0.316571
RONDONOPOLIS;2;4;0.0577115
RONDONOPOLIS;3;1;0.170686
RONDONOPOLIS;3;2;0.149672
RONDONOPOLIS;3;3;0.53349
RONDONOPOLIS;3;4;0.146151
RONDONOPOLIS;4;1;0.0805328
RONDONOPOLIS;4;2;0.0682334
RONDONOPOLIS;4;3;0.336832
RONDONOPOLIS;4;4;0.514401
SALVADOR;1;1;0.673526
SALVADOR;1;2;0.149068
SALVADOR;1;3;0.167096
SALVADOR;1;4;0.0103098
SALVADOR;2;1;0.296153
SALVADOR;2;2;0.380504
SALVADOR;2;3;0.293491
SALVADOR;2;4;0.0298526
SALVADOR;3;1;0.137982
SALVADOR;3;2;0.128073
SALVADOR;3;3;0.641474
SALVADOR;3;4;0.0924705
SALVADOR;4;1;0.0262485
SALVADOR;4;2;0.0468089
SALVADOR;4;3;0.3381
SALVADOR;4;4;0.588843
SANTA CRUZ DO SUL;1;1;0.753531
SANTA CRUZ DO SUL;1;2;0.144777
SANTA CRUZ DO SUL;1;3;0.0881486
SANTA CRUZ DO SUL;1;4;0.0135427
SANTA CRUZ DO SUL;2;1;0.329317
SANTA CRUZ DO SUL;2;2;0.354557
SANTA CRUZ DO SUL;2;3;0.261924
SANTA CRUZ DO SUL;2;4;0.0542017
SANTA CRUZ DO SUL;3;1;0.128678
SANTA CRUZ DO SUL;3;2;0.153082
SANTA CRUZ DO SUL;3;3;0.583603
SANTA CRUZ DO SUL;3;4;0.134638
SANTA CRUZ DO SUL;4;1;0.0461516
SANTA CRUZ DO SUL;4;2;0.0736592
SANTA CRUZ DO SUL;4;3;0.311369
SANTA CRUZ DO SUL;4;4;0.56882
SANTA MARIA;1;1;0.704063
SANTA MARIA;1;2;0.159709
SANTA MARIA;1;3;0.109525
SANTA MARIA;1;4;0.0267031
SANTA MARIA;2;1;0.299783
SANTA MARIA;2;2;0.383439
SANTA MARIA;2;3;0.259291
SANTA MARIA;2;4;0.0574869
SANTA MARIA;3;1;0.129231
SANTA MARIA;3;2;0.145166
SANTA MARIA;3;3;0.53709
SANTA MARIA;3;4;0.188513
SANTA MARIA;4;1;0.0440354
SANTA MARIA;4;2;0.053523
SANTA MARIA;4;3;0.306878
SANTA MARIA;4;4;0.595564
SANTAREM;1;1;0.733546
SANTAREM;1;2;0.136867
SANTAREM;1;3;0.111616
SANTAREM;1;4;0.0179712
SANTAREM;2;1;0.330754
SANTAREM;2;2;0.328813
SANTAREM;2;3;0.311081
SANTAREM;2;4;0.0293522
SANTAREM;3;1;0.171358
SANTAREM;3;2;0.192646
SANTAREM;3;3;0.548717
SANTAREM;3;4;0.0872789
SANTAREM;4;1;0.109105
SANTAREM;4;2;0.102689
SANTAREM;4;3;0.381064
SANTAREM;4;4;0.407143
SAO BENTO DO SUL - RIO NEGRINHO;1;1;0.750423
SAO BENTO DO SUL - RIO NEGRINHO;1;2;0.134582
SAO BENTO DO SUL - RIO NEGRINHO;1;3;0.0995377
SAO BENTO DO SUL - RIO NEGRINHO;1;4;0.0154568
SAO BENTO DO SUL - RIO NEGRINHO;2;1;0.315645
SAO BENTO DO SUL - RIO NEGRINHO;2;2;0.405761
SAO BENTO DO SUL - RIO NEGRINHO;2;3;0.235688
SAO BENTO DO SUL - RIO NEGRINHO;2;4;0.0429056
SAO BENTO DO SUL - RIO NEGRINHO;3;1;0.149931
SAO BENTO DO SUL - RIO NEGRINHO;3;2;0.216845
SAO BENTO DO SUL - RIO NEGRINHO;3;3;0.508536
SAO BENTO DO SUL - RIO NEGRINHO;3;4;0.124688
SAO BENTO DO SUL - RIO NEGRINHO;4;1;0.0311255
SAO BENTO DO SUL - RIO NEGRINHO;4;2;0.115091
SAO BENTO DO SUL - RIO NEGRINHO;4;3;0.371641
SAO BENTO DO SUL - RIO NEGRINHO;4;4;0.482142
SAO CARLOS;1;1;0.756166
SAO CARLOS;1;2;0.135974
SAO CARLOS;1;3;0.0996125
SAO CARLOS;1;4;0.00824724
SAO CARLOS;2;1;0.331941
SAO CARLOS;2;2;0.364339
SAO CARLOS;2;3;0.272672
SAO CARLOS;2;4;0.0310483
SAO CARLOS;3;1;0.139255
SAO CARLOS;3;2;0.172838
SAO CARLOS;3;3;0.575396
SAO CARLOS;3;4;0.11251
SAO CARLOS;4;1;0.0335909
SAO CARLOS;4;2;0.0549592
SAO CARLOS;4;3;0.3086
SAO CARLOS;4;4;0.602849
SAO JOAO DEL REI;1;1;0.768957
SAO JOAO DEL REI;1;2;0.131006
SAO JOAO DEL REI;1;3;0.0860898
SAO JOAO DEL REI;1;4;0.0139481
SAO JOAO DEL REI;2;1;0.361447
SAO JOAO DEL REI;2;2;0.355072
SAO JOAO DEL REI;2;3;0.244584
SAO JOAO DEL REI;2;4;0.0388963
SAO JOAO DEL REI;3;1;0.204786
SAO JOAO DEL REI;3;2;0.168764
SAO JOAO DEL REI;3;3;0.480427
SAO JOAO DEL REI;3;4;0.146023
SAO JOAO DEL REI;4;1;0.0607033
SAO JOAO DEL REI;4;2;0.107172
SAO JOAO DEL REI;4;3;0.297542
SAO JOAO DEL REI;4;4;0.534582
SAO JOSE DO RIO PRETO;1;1;0.725898
SAO JOSE DO RIO PRETO;1;2;0.13944
SAO JOSE DO RIO PRETO;1;3;0.109264
SAO JOSE DO RIO PRETO;1;4;0.0253982
SAO JOSE DO RIO PRETO;2;1;0.279275
SAO JOSE DO RIO PRETO;2;2;0.430191
SAO JOSE DO RIO PRETO;2;3;0.22395
SAO JOSE DO RIO PRETO;2;4;0.0665846
SAO JOSE DO RIO PRETO;3;1;0.137004
SAO JOSE DO RIO PRETO;3;2;0.144635
SAO JOSE DO RIO PRETO;3;3;0.554227
SAO JOSE DO RIO PRETO;3;4;0.164134
SAO JOSE DO RIO PRETO;4;1;0.0563864
SAO JOSE DO RIO PRETO;4;2;0.0682531
SAO JOSE DO RIO PRETO;4;3;0.292769
SAO JOSE DO RIO PRETO;4;4;0.582592
SAO JOSE DOS CAMPOS;1;1;0.718273
SAO JOSE DOS CAMPOS;1;2;0.140283
SAO JOSE DOS CAMPOS;1;3;0.124758
SAO JOSE DOS CAMPOS;1;4;0.0166868
SAO JOSE DOS CAMPOS;2;1;0.299234
SAO JOSE DOS CAMPOS;2;2;0.392833
SAO JOSE DOS CAMPOS;2;3;0.254012
SAO JOSE DOS CAMPOS;2;4;0.0539212
SAO JOSE DOS CAMPOS;3;1;0.150755
SAO JOSE DOS CAMPOS;3;2;0.145467
SAO JOSE DOS CAMPOS;3;3;0.578668
SAO JOSE DOS CAMPOS;3;4;0.125111
SAO JOSE DOS CAMPOS;4;1;0.0390331
SAO JOSE DOS CAMPOS;4;2;0.0609441
SAO JOSE DOS CAMPOS;4;3;0.323273
SAO JOSE DOS CAMPOS;4;4;0.57675
SAO LUIS;1;1;0.653378
SAO LUIS;1;2;0.165953
SAO LUIS;1;3;0.169474
SAO LUIS;1;4;0.0111946
SAO LUIS;2;1;0.283088
SAO LUIS;2;2;0.386794
SAO LUIS;2;3;0.303013
SAO LUIS;2;4;0.0271052
SAO LUIS;3;1;0.123319
SAO LUIS;3;2;0.134214
SAO LUIS;3;3;0.657998
SAO LUIS;3;4;0.0844687
SAO LUIS;4;1;0.0323767
SAO LUIS;4;2;0.0484096
SAO LUIS;4;3;0.390761
SAO LUIS;4;4;0.528453
SAO MATEUS;1;1;0.772278
SAO MATEUS;1;2;0.103389
SAO MATEUS;1;3;0.10462
SAO MATEUS;1;4;0.0197129
SAO MATEUS;2;1;0.334503
SAO MATEUS;2;2;0.354602
SAO MATEUS;2;3;0.248318
SAO MATEUS;2;4;0.0625771
SAO MATEUS;3;1;0.161273
SAO MATEUS;3;2;0.130621
SAO MATEUS;3;3;0.578088
SAO MATEUS;3;4;0.130018
SAO MATEUS;4;1;0.079067
SAO MATEUS;4;2;0.0840372
SAO MATEUS;4;3;0.436975
SAO MATEUS;4;4;0.399921
SAO PAULO;1;1;0.718009
SAO PAULO;1;2;0.143501
SAO PAULO;1;3;0.12136
SAO PAULO;1;4;0.0171297
SAO PAULO;2;1;0.280712
SAO PAULO;2;2;0.443603
SAO PAULO;2;3;0.225278
SAO PAULO;2;4;0.0504068
SAO PAULO;3;1;0.149924
SAO PAULO;3;2;0.139261
SAO PAULO;3;3;0.584273
SAO PAULO;3;4;0.126542
SAO PAULO;4;1;0.0413161
SAO PAULO;4;2;0.0655342
SAO PAULO;4;3;0.26994
SAO PAULO;4;4;0.62321
SAO ROQUE - MAIRINQUE;1;1;0.741434
SAO ROQUE - MAIRINQUE;1;2;0.144671
SAO ROQUE - MAIRINQUE;1;3;0.0986272
SAO ROQUE - MAIRINQUE;1;4;0.0152681
SAO ROQUE - MAIRINQUE;2;1;0.28703
SAO ROQUE - MAIRINQUE;2;2;0.43665
SAO ROQUE - MAIRINQUE;2;3;0.231151
SAO ROQUE - MAIRINQUE;2;4;0.0451689
SAO ROQUE - MAIRINQUE;3;1;0.147369
SAO ROQUE - MAIRINQUE;3;2;0.138396
SAO ROQUE - MAIRINQUE;3;3;0.606587
SAO ROQUE - MAIRINQUE;3;4;0.107648
SAO ROQUE - MAIRINQUE;4;1;0.0532104
SAO ROQUE - MAIRINQUE;4;2;0.0657933
SAO ROQUE - MAIRINQUE;4;3;0.36572
SAO ROQUE - MAIRINQUE;4;4;0.515276
SERTAOZINHO;1;1;0.77226
SERTAOZINHO;1;2;0.138892
SERTAOZINHO;1;3;0.0701963
SERTAOZINHO;1;4;0.0186516
SERTAOZINHO;2;1;0.286413
SERTAOZINHO;2;2;0.424784
SERTAOZINHO;2;3;0.236458
SERTAOZINHO;2;4;0.0523441
SERTAOZINHO;3;1;0.16296
SERTAOZINHO;3;2;0.195527
SERTAOZINHO;3;3;0.502442
SERTAOZINHO;3;4;0.139071
SERTAOZINHO;4;1;0.0763766
SERTAOZINHO;4;2;0.0476411
SERTAOZINHO;4;3;0.291333
SERTAOZINHO;4;4;0.584649
SETE LAGOAS;1;1;0.699753
SETE LAGOAS;1;2;0.14472
SETE LAGOAS;1;3;0.132761
SETE LAGOAS;1;4;0.0227656
SETE LAGOAS;2;1;0.344279
SETE LAGOAS;2;2;0.340686
SETE LAGOAS;2;3;0.235225
SETE LAGOAS;2;4;0.0798092
SETE LAGOAS;3;1;0.160984
SETE LAGOAS;3;2;0.163032
SETE LAGOAS;3;3;0.540323
SETE LAGOAS;3;4;0.135662
SETE LAGOAS;4;1;0.0677433
SETE LAGOAS;4;2;0.0870544
SETE LAGOAS;4;3;0.380809
SETE LAGOAS;4;4;0.464393
SINOP;1;1;0.705289
SINOP;1;2;0.144064
SINOP;1;3;0.12343
SINOP;1;4;0.0272179
SINOP;2;1;0.373248
SINOP;2;2;0.313352
SINOP;2;3;0.252285
SINOP;2;4;0.0611151
SINOP;3;1;0.162295
SINOP;3;2;0.185552
SINOP;3;3;0.505644
SINOP;3;4;0.146509
SINOP;4;1;0.0507087
SINOP;4;2;0.0421285
SINOP;4;3;0.380747
SINOP;4;4;0.526416
SOBRAL;1;1;0.770746
SOBRAL;1;2;0.1296
SOBRAL;1;3;0.0871596
SOBRAL;1;4;0.012494
SOBRAL;2;1;0.347924
SOBRAL;2;2;0.382139
SOBRAL;2;3;0.221318
SOBRAL;2;4;0.0486188
SOBRAL;3;1;0.144838
SOBRAL;3;2;0.17081
SOBRAL;3;3;0.567984
SOBRAL;3;4;0.116367
SOBRAL;4;1;0.0948552
SOBRAL;4;2;0.082211
SOBRAL;4;3;0.349535
SOBRAL;4;4;0.473399
SOROCABA;1;1;0.719885
SOROCABA;1;2;0.142981
SOROCABA;1;3;0.122519
SOROCABA;1;4;0.0146152
SOROCABA;2;1;0.316713
SOROCABA;2;2;0.37724
SOROCABA;2;3;0.245579
SOROCABA;2;4;0.0604684
SOROCABA;3;1;0.151515
SOROCABA;3;2;0.136548
SOROCABA;3;3;0.595029
SOROCABA;3;4;0.116908
SOROCABA;4;1;0.0355362
SOROCABA;4;2;0.0773415
SOROCABA;4;3;0.311961
SOROCABA;4;4;0.575161
TAQUARA - PAROBE - IGREJINHA;1;1;0.790505
TAQUARA - PAROBE - IGREJINHA;1;2;0.126436
TAQUARA - PAROBE - IGREJINHA;1;3;0.077497
TAQUARA - PAROBE - IGREJINHA;1;4;0.00556227
TAQUARA - PAROBE - IGREJINHA;2;1;0.365928
TAQUARA - PAROBE - IGREJINHA;2;2;0.406095
TAQUARA - PAROBE - IGREJINHA;2;3;0.204007
TAQUARA - PAROBE - IGREJINHA;2;4;0.0239704
TAQUARA - PAROBE - IGREJINHA;3;1;0.20455
TAQUARA - PAROBE - IGREJINHA;3;2;0.21667
TAQUARA - PAROBE - IGREJINHA;3;3;0.479755
TAQUARA - PAROBE - IGREJINHA;3;4;0.099025
TAQUARA - PAROBE - IGREJINHA;4;1;0.0706417
TAQUARA - PAROBE - IGREJINHA;4;2;0.0893368
TAQUARA - PAROBE - IGREJINHA;4;3;0.404768
TAQUARA - PAROBE - IGREJINHA;4;4;0.435254
TATUI;1;1;0.783067
TATUI;1;2;0.124698
TATUI;1;3;0.0796556
TATUI;1;4;0.0125795
TATUI;2;1;0.301749
TATUI;2;2;0.436864
TATUI;2;3;0.212963
TATUI;2;4;0.0484242
TATUI;3;1;0.155891
TATUI;3;2;0.155357
TATUI;3;3;0.563722
TATUI;3;4;0.125029
TATUI;4;1;0.0575643
TATUI;4;2;0.133625
TATUI;4;3;0.377404
TATUI;4;4;0.431406
TEIXEIRA DE FREITAS;1;1;0.747179
TEIXEIRA DE FREITAS;1;2;0.121375
TEIXEIRA DE FREITAS;1;3;0.121282
TEIXEIRA DE FREITAS;1;4;0.0101642
TEIXEIRA DE FREITAS;2;1;0.378563
TEIXEIRA DE FREITAS;2;2;0.305774
TEIXEIRA DE FREITAS;2;3;0.274787
TEIXEIRA DE FREITAS;2;4;0.0408764
TEIXEIRA DE FREITAS;3;1;0.190316
TEIXEIRA DE FREITAS;3;2;0.12151
TEIXEIRA DE FREITAS;3;3;0.583262
TEIXEIRA DE FREITAS;3;4;0.104912
TEIXEIRA DE FREITAS;4;1;0.0722394
TEIXEIRA DE FREITAS;4;2;0.0598641
TEIXEIRA DE FREITAS;4;3;0.38958
TEIXEIRA DE FREITAS;4;4;0.478316
TEOFILO OTONI;1;1;0.752568
TEOFILO OTONI;1;2;0.12399
TEOFILO OTONI;1;3;0.0957857
TEOFILO OTONI;1;4;0.0276567
TEOFILO OTONI;2;1;0.323326
TEOFILO OTONI;2;2;0.361715
TEOFILO OTONI;2;3;0.230232
TEOFILO OTONI;2;4;0.0847268
TEOFILO OTONI;3;1;0.188454
TEOFILO OTONI;3;2;0.16377
TEOFILO OTONI;3;3;0.472587
TEOFILO OTONI;3;4;0.175189
TEOFILO OTONI;4;1;0.0591784
TEOFILO OTONI;4;2;0.0902409
TEOFILO OTONI;4;3;0.368522
TEOFILO OTONI;4;4;0.482058
TERESINA;1;1;0.709921
TERESINA;1;2;0.151332
TERESINA;1;3;0.1255
TERESINA;1;4;0.0132478
TERESINA;2;1;0.336104
TERESINA;2;2;0.349351
TERESINA;2;3;0.272283
TERESINA;2;4;0.0422622
TERESINA;3;1;0.189724
TERESINA;3;2;0.156688
TERESINA;3;3;0.528351
TERESINA;3;4;0.125237
TERESINA;4;1;0.060857
TERESINA;4;2;0.0642148
TERESINA;4;3;0.319282
TERESINA;4;4;0.555646
TERESOPOLIS;1;1;0.786544
TERESOPOLIS;1;2;0.119708
TERESOPOLIS;1;3;0.0800191
TERESOPOLIS;1;4;0.013729
TERESOPOLIS;2;1;0.346568
TERESOPOLIS;2;2;0.431906
TERESOPOLIS;2;3;0.185591
TERESOPOLIS;2;4;0.0359349
TERESOPOLIS;3;1;0.191361
TERESOPOLIS;3;2;0.140642
TERESOPOLIS;3;3;0.536281
TERESOPOLIS;3;4;0.131715
TERESOPOLIS;4;1;0.0281146
TERESOPOLIS;4;2;0.0753619
TERESOPOLIS;4;3;0.34674
TERESOPOLIS;4;4;0.549784
TOLEDO;1;1;0.748647
TOLEDO;1;2;0.133564
TOLEDO;1;3;0.0985555
TOLEDO;1;4;0.0192337
TOLEDO;2;1;0.359948
TOLEDO;2;2;0.348961
TOLEDO;2;3;0.241328
TOLEDO;2;4;0.0497638
TOLEDO;3;1;0.150943
TOLEDO;3;2;0.191648
TOLEDO;3;3;0.501731
TOLEDO;3;4;0.155678
TOLEDO;4;1;0.0358336
TOLEDO;4;2;0.0507761
TOLEDO;4;3;0.307457
TOLEDO;4;4;0.605934
TRAMANDAI - OSORIO;1;1;0.730727
TRAMANDAI - OSORIO;1;2;0.134775
TRAMANDAI - OSORIO;1;3;0.114679
TRAMANDAI - OSORIO;1;4;0.0198194
TRAMANDAI - OSORIO;2;1;0.324915
TRAMANDAI - OSORIO;2;2;0.379021
TRAMANDAI - OSORIO;2;3;0.240225
TRAMANDAI - OSORIO;2;4;0.0558393
TRAMANDAI - OSORIO;3;1;0.154145
TRAMANDAI - OSORIO;3;2;0.180669
TRAMANDAI - OSORIO;3;3;0.541946
TRAMANDAI - OSORIO;3;4;0.12324
TRAMANDAI - OSORIO;4;1;0.10265
TRAMANDAI - OSORIO;4;2;0.114531
TRAMANDAI - OSORIO;4;3;0.389151
TRAMANDAI - OSORIO;4;4;0.393667
TRES LAGOAS;1;1;0.724585
TRES LAGOAS;1;2;0.131478
TRES LAGOAS;1;3;0.123254
TRES LAGOAS;1;4;0.020682
TRES LAGOAS;2;1;0.335385
TRES LAGOAS;2;2;0.35398
TRES LAGOAS;2;3;0.26549
TRES LAGOAS;2;4;0.0451446
TRES LAGOAS;3;1;0.172917
TRES LAGOAS;3;2;0.156692
TRES LAGOAS;3;3;0.470888
TRES LAGOAS;3;4;0.199503
TRES LAGOAS;4;1;0.0829072
TRES LAGOAS;4;2;0.0794977
TRES LAGOAS;4;3;0.326455
TRES LAGOAS;4;4;0.51114
TRES RIOS - PARAIBA DO SUL;1;1;0.723315
TRES RIOS - PARAIBA DO SUL;1;2;0.141489
TRES RIOS - PARAIBA DO SUL;1;3;0.120241
TRES RIOS - PARAIBA DO SUL;1;4;0.014954
TRES RIOS - PARAIBA DO SUL;2;1;0.352812
TRES RIOS - PARAIBA DO SUL;2;2;0.348334
TRES RIOS - PARAIBA DO SUL;2;3;0.264303
TRES RIOS - PARAIBA DO SUL;2;4;0.034551
TRES RIOS - PARAIBA DO SUL;3;1;0.172238
TRES RIOS - PARAIBA DO SUL;3;2;0.169236
TRES RIOS - PARAIBA DO SUL;3;3;0.529904
TRES RIOS - PARAIBA DO SUL;3;4;0.128622
TRES RIOS - PARAIBA DO SUL;4;1;0.0522764
TRES RIOS - PARAIBA DO SUL;4;2;0.0680453
TRES RIOS - PARAIBA DO SUL;4;3;0.43558
TRES RIOS - PARAIBA DO SUL;4;4;0.444098
TUBARAO - LAGUNA;1;1;0.72661
TUBARAO - LAGUNA;1;2;0.14001
TUBARAO - LAGUNA;1;3;0.112618
TUBARAO - LAGUNA;1;4;0.0207624
TUBARAO - LAGUNA;2;1;0.344924
TUBARAO - LAGUNA;2;2;0.384759
TUBARAO - LAGUNA;2;3;0.221849
TUBARAO - LAGUNA;2;4;0.0484676
TUBARAO - LAGUNA;3;1;0.153891
TUBARAO - LAGUNA;3;2;0.173718
TUBARAO - LAGUNA;3;3;0.522226
TUBARAO - LAGUNA;3;4;0.150166
TUBARAO - LAGUNA;4;1;0.0796908
TUBARAO - LAGUNA;4;2;0.0946156
TUBARAO - LAGUNA;4;3;0.361674
TUBARAO - LAGUNA;4;4;0.46402
UBA;1;1;0.762432
UBA;1;2;0.134893
UBA;1;3;0.0704772
UBA;1;4;0.0321986
UBA;2;1;0.362625
UBA;2;2;0.388709
UBA;2;3;0.185505
UBA;2;4;0.0631615
UBA;3;1;0.184975
UBA;3;2;0.197545
UBA;3;3;0.449726
UBA;3;4;0.167754
UBA;4;1;0.113284
UBA;4;2;0.0712534
UBA;4;3;0.30944
UBA;4;4;0.506022
UBERABA;1;1;0.705677
UBERABA;1;2;0.149899
UBERABA;1;3;0.121701
UBERABA;1;4;0.0227235
UBERABA;2;1;0.276049
UBERABA;2;2;0.409824
UBERABA;2;3;0.246956
UBERABA;2;4;0.0671718
UBERABA;3;1;0.138275
UBERABA;3;2;0.169707
UBERABA;3;3;0.523561
UBERABA;3;4;0.168458
UBERABA;4;1;0.0631034
UBERABA;4;2;0.0766003
UBERABA;4;3;0.326379
UBERABA;4;4;0.533917
UBERLANDIA;1;1;0.685307
UBERLANDIA;1;2;0.166775
UBERLANDIA;1;3;0.125976
UBERLANDIA;1;4;0.0219424
UBERLANDIA;2;1;0.308325
UBERLANDIA;2;2;0.371762
UBERLANDIA;2;3;0.267658
UBERLANDIA;2;4;0.0522549
UBERLANDIA;3;1;0.145944
UBERLANDIA;3;2;0.174827
UBERLANDIA;3;3;0.524145
UBERLANDIA;3;4;0.155084
UBERLANDIA;4;1;0.0614362
UBERLANDIA;4;2;0.0758199
UBERLANDIA;4;3;0.292347
UBERLANDIA;4;4;0.570397
UMUARAMA;1;1;0.738027
UMUARAMA;1;2;0.132538
UMUARAMA;1;3;0.104174
UMUARAMA;1;4;0.0252597
UMUARAMA;2;1;0.333201
UMUARAMA;2;2;0.340137
UMUARAMA;2;3;0.255395
UMUARAMA;2;4;0.0712674
UMUARAMA;3;1;0.151317
UMUARAMA;3;2;0.164622
UMUARAMA;3;3;0.515604
UMUARAMA;3;4;0.168457
UMUARAMA;4;1;0.0527422
UMUARAMA;4;2;0.0991003
UMUARAMA;4;3;0.315866
UMUARAMA;4;4;0.532292
VARGINHA;1;1;0.731602
VARGINHA;1;2;0.138251
VARGINHA;1;3;0.109563
VARGINHA;1;4;0.0205835
VARGINHA;2;1;0.29124
VARGINHA;2;2;0.388553
VARGINHA;2;3;0.265537
VARGINHA;2;4;0.05467
VARGINHA;3;1;0.15221
VARGINHA;3;2;0.170237
VARGINHA;3;3;0.501084
VARGINHA;3;4;0.17647
VARGINHA;4;1;0.0386647
VARGINHA;4;2;0.0898804
VARGINHA;4;3;0.320844
VARGINHA;4;4;0.550611
VITORIA;1;1;0.709687
VITORIA;1;2;0.144946
VITORIA;1;3;0.13096
VITORIA;1;4;0.0144065
VITORIA;2;1;0.30107
VITORIA;2;2;0.38752
VITORIA;2;3;0.266587
VITORIA;2;4;0.0448239
VITORIA;3;1;0.134991
VITORIA;3;2;0.14438
VITORIA;3;3;0.591529
VITORIA;3;4;0.1291
VITORIA;4;1;0.0302927
VITORIA;4;2;0.0508077
VITORIA;4;3;0.341186
VITORIA;4;4;0.577714
VITORIA DA CONQUISTA;1;1;0.787895
VITORIA DA CONQUISTA;1;2;0.112666
VITORIA DA CONQUISTA;1;3;0.0902611
VITORIA DA CONQUISTA;1;4;0.00917758
VITORIA DA CONQUISTA;2;1;0.34061
VITORIA DA CONQUISTA;2;2;0.345781
VITORIA DA CONQUISTA;2;3;0.274376
VITORIA DA CONQUISTA;2;4;0.0392323
VITORIA DA CONQUISTA;3;1;0.186726
VITORIA DA CONQUISTA;3;2;0.142242
VITORIA DA CONQUISTA;3;3;0.559659
VITORIA DA CONQUISTA;3;4;0.111372
VITORIA DA CONQUISTA;4;1;0.0559272
VITORIA DA CONQUISTA;4;2;0.092584
VITORIA DA CONQUISTA;4;3;0.363325
VITORIA DA CONQUISTA;4;4;0.488164
VITORIA DE SANTO ANTAO;1;1;0.77943
VITORIA DE SANTO ANTAO;1;2;0.114011
VITORIA DE SANTO ANTAO;1;3;0.0956917
VITORIA DE SANTO ANTAO;1;4;0.0108673
VITORIA DE SANTO ANTAO;2;1;0.4121
VITORIA DE SANTO ANTAO;2;2;0.30099
VITORIA DE SANTO ANTAO;2;3;0.251999
VITORIA DE SANTO ANTAO;2;4;0.034911
VITORIA DE SANTO ANTAO;3;1;0.247318
VITORIA DE SANTO ANTAO;3;2;0.165212
VITORIA DE SANTO ANTAO;3;3;0.521019
VITORIA DE SANTO ANTAO;3;4;0.066451
VITORIA DE SANTO ANTAO;4;1;0.127953
VITORIA DE SANTO ANTAO;4;2;0.109887
VITORIA DE SANTO ANTAO;4;3;0.335585
VITORIA DE SANTO ANTAO;4;4;0.426575
VOLTA REDONDA - BARRA MANSA;1;1;0.728873
VOLTA REDONDA - BARRA MANSA;1;2;0.132788
VOLTA REDONDA - BARRA MANSA;1;3;0.123902
VOLTA REDONDA - BARRA MANSA;1;4;0.0144375
VOLTA REDONDA - BARRA MANSA;2;1;0.315312
VOLTA REDONDA - BARRA MANSA;2;2;0.375267
VOLTA REDONDA - BARRA MANSA;2;3;0.267362
VOLTA REDONDA - BARRA MANSA;2;4;0.0420596
VOLTA REDONDA - BARRA MANSA;3;1;0.167445
VOLTA REDONDA - BARRA MANSA;3;2;0.19672
VOLTA REDONDA - BARRA MANSA;3;3;0.532684
VOLTA REDONDA - BARRA MANSA;3;4;0.103151
VOLTA REDONDA - BARRA MANSA;4;1;0.0351276
VOLTA REDONDA - BARRA MANSA;4;2;0.0726957
VOLTA REDONDA - BARRA MANSA;4;3;0.359671
VOLTA REDONDA - BARRA MANSA;4;4;0.532506
BRASIL;1;1;0.719146
BRASIL;1;2;0.143356
BRASIL;1;3;0.121924
BRASIL;1;4;0.0155734
BRASIL;2;1;0.304801
BRASIL;2;2;0.399832
BRASIL;2;3;0.249959
BRASIL;2;4;0.0454076
BRASIL;3;1;0.150912
BRASIL;3;2;0.153487
BRASIL;3;3;0.572408
BRASIL;3;4;0.123192
BRASIL;4;1;0.0424795
BRASIL;4;2;0.0642111
BRASIL;4;3;0.312869
BRASIL;4;4;0.580441
