acp;local_product_share;iptu_rate
ABAETETUBA;0.19035;0.00016
ACAILANDIA;0.45746;0.00041
ALAGOINHAS;0.13481;0.00084
AMERICANA - SANTA BARBARA D'OESTE;0.14849;0.00516
ANAPOLIS;0.04645;0.00423
ANGRA DOS REIS;0.37325;0.00737
APUCARANA;0.18658;0.00220
ARACAJU;0.19533;0.00363
ARACATUBA;0.19899;0.00497
ARAGUAINA;0.15235;0.00159
ARAGUARI;0.28571;0.00086
ARAPIRACA;0.11878;0.00052
ARAPONGAS;0.12723;0.00181
ARARAQUARA;0.21256;0.00547
ARARAS;0.20022;0.00604
ARARUAMA;0.38248;0.00456
ATIBAIA;0.13016;0.01006
BACABAL;0.17484;0.00015
BAGE;0.38496;0.00390
BAIXADA SANTISTA;0.27119;0.01449
BARBACENA;0.16978;0.00208
BARREIRAS;0.24571;0.00055
BARRETOS;0.23237;0.00630
BAURU;0.19593;0.00668
BELEM;0.16372;0.00162
BELO HORIZONTE;0.14313;0.00590
BENTO GONCALVES;0.12498;0.00243
BIRIGUI;0.24141;0.00554
BLUMENAU;0.13627;0.00379
BOA VISTA;0.20059;0.00257
BOTUCATU;0.21811;0.00383
BRAGANCA;0.18625;0.00021
BRAGANCA PAULISTA;0.18517;0.00984
BRASILIA;0.16399;0.00281
BRUSQUE;0.12260;0.00349
CABO FRIO;0.38743;0.00404
CACHOEIRO DE ITAPEMIRIM;0.17707;0.00189
CAMETA;0.16399;0.00279
CAMPINA GRANDE;0.18723;0.00101
CAMPINAS;0.15326;0.00729
CAMPO GRANDE;0.17913;0.00987
CAMPOS DOS GOYTACAZES;0.38173;0.00194
CARAGUATATUBA - UBATUBA - SAO SEBASTIAO;0.11185;0.01799
CARUARU;0.13849;0.00446
CASCAVEL;0.16642;0.00231
CASTANHAL;0.13071;0.00058
CATALAO;0.08744;0.00092
CATANDUVA;0.25207;0.00718
CAXIAS;0.18903;0.00032
CAXIAS DO SUL;0.12111;0.00334
CHAPECO;0.14974;0.00268
CODO;0.25529;0.00011
COLATINA;0.19165;0.00105
CONSELHEIRO LAFAIETE;0.28410;0.00337
CRICIUMA;0.17604;0.00195
CUIABA;0.14063;0.00174
CURITIBA;0.09879;0.00468
DIVINOPOLIS;0.17769;0.00284
DOURADOS;0.18212;0.00478
EUNAPOLIS;0.27345;0.00049
FEIRA DE SANTANA;0.11695;0.00169
FLORIANOPOLIS;0.09935;0.00575
FORMOSA;0.14567;0.00148
FORTALEZA;0.16256;0.00399
FRANCA;0.22474;0.00645
GARANHUNS;0.18024;0.00080
GOIANIA;0.17957;0.00655
GOVERNADOR VALADARES;0.18544;0.00269
GUARAPARI;0.21057;0.00610
GUARAPUAVA;0.19092;0.00237
GUARATINGUETA;0.16152;0.00458
ILHEUS;0.10873;0.00110
IMPERATRIZ;0.17654;0.00114
INDAIATUBA;0.09483;0.00731
INTERNACIONAL DE CORUMBA;0.53781;0.00250
INTERNACIONAL DE FOZ DO IGUACU;0.38429;0.00342
INTERNACIONAL DE PEDRO JUAN CABALLERO;0.25598;0.00297
INTERNACIONAL DE SANT'ANA DO LIVRAMENTO;0.34226;0.00255
INTERNACIONAL DE URUGUAIANA;0.28307;0.00190
IPATINGA;0.21528;0.00452
ITABIRA;0.60113;0.00319
ITABUNA;0.19977;0.00108
ITAJAI - BALNEARIO CAMBORIU;0.06389;0.00562
ITAJUBA;0.13721;0.00213
ITAPETININGA;0.31670;0.00228
ITAPIPOCA;0.16167;0.00008
ITATIBA;0.12239;0.00707
ITU - SALTO;0.16562;0.00723
JARAGUA DO SUL;0.19219;0.00296
JAU;0.16442;0.00482
JEQUIE;0.36045;0.00082
JI-PARANA;0.17344;0.00106
JOAO PESSOA;0.19642;0.00218
JOINVILLE;0.11944;0.00450
JUAZEIRO DO NORTE;0.15602;0.00069
JUIZ DE FORA;0.13688;0.00636
JUNDIAI;0.12116;0.00641
LAGES;0.19523;0.00177
LAJEADO;0.13925;0.00345
LAVRAS;0.16863;0.00264
LIMEIRA;0.18199;0.00646
LINHARES;0.26606;0.00099
LONDRINA;0.09613;0.00689
MACAE - RIO DAS OSTRAS;0.33035;0.00192
MACAPA;0.22102;0.00078
MACEIO;0.16935;0.00328
MANAUS;0.12148;0.00167
MARABA;0.27053;0.00067
MARILIA;0.20381;0.00474
MARINGA;0.13122;0.00435
MOGI GUACU - MOGI MIRIM;0.20275;0.00411
MONTES CLAROS;0.15383;0.00238
MOSSORO;0.26254;0.00076
MURIAE;0.17853;0.00165
NATAL;0.19445;0.00276
NOVA FRIBURGO;0.22153;0.00283
OURINHOS;0.26968;0.00488
PALMAS;0.16327;0.00230
PARANAGUA;0.12025;0.00289
PARAUAPEBAS;0.53788;0.00017
PARINTINS;1.03895;0.00024
PARNAIBA;0.21978;0.00059
PASSO FUNDO;0.14208;0.00460
PASSOS;0.21868;0.00246
PATOS;0.18669;0.00089
PATOS DE MINAS;0.19144;0.00250
PAULO AFONSO;0.66938;0.00207
PELOTAS;0.20850;0.00299
PETROLINA;0.19074;0.00098
PETROPOLIS;0.18481;0.00532
PIRACICABA;0.15370;0.00488
POCOS DE CALDAS;0.13639;0.00513
PONTA GROSSA;0.15549;0.00420
PORTO ALEGRE;0.11984;0.00419
PORTO SEGURO;0.26268;0.00184
PORTO VELHO;0.22231;0.00078
POUSO ALEGRE;0.12822;0.00208
PRESIDENTE PRUDENTE;0.24678;0.00429
RECIFE;0.17997;0.00416
RESENDE;0.08435;0.00357
RIBEIRAO PRETO;0.21058;0.00526
RIO BRANCO;0.15030;0.00133
RIO CLARO;0.17890;0.00744
RIO DE JANEIRO;0.12073;0.00555
RIO GRANDE;0.08721;0.00167
RIO VERDE;0.27288;0.00305
RONDONOPOLIS;0.17961;0.00248
SALVADOR;0.16617;0.00364
SANTA CRUZ DO SUL;0.07893;0.00286
SANTA MARIA;0.19347;0.00274
SANTAREM;0.06397;0.00078
SAO BENTO DO SUL - RIO NEGRINHO;0.18497;0.00408
SAO CARLOS;0.13177;0.00795
SAO JOAO DEL REI;0.18665;0.00149
SAO JOSE DO RIO PRETO;0.20750;0.00695
SAO JOSE DOS CAMPOS;0.15726;0.00491
SAO LUIS;0.15763;0.00240
SAO MATEUS;0.43334;0.00036
SAO PAULO;0.13839;0.00956
SAO ROQUE - MAIRINQUE;0.13730;0.00480
SERTAOZINHO;0.19002;0.00507
SETE LAGOAS;0.09776;0.00240
SINOP;0.15157;0.00330
SOBRAL;0.21046;0.00116
SOROCABA;0.12277;0.00517
TAQUARA - PAROBE - IGREJINHA;0.14411;0.00225
TATUI;0.18126;0.00571
TEIXEIRA DE FREITAS;0.17308;0.00107
TEOFILO OTONI;0.17682;0.00119
TERESINA;0.18979;0.00182
TERESOPOLIS;0.15157;0.00562
TOLEDO;0.24661;0.00474
TRAMANDAI - OSORIO;0.19619;0.00982
TRES LAGOAS;0.16833;0.00371
TRES RIOS - PARAIBA DO SUL;0.12344;0.00158
TUBARAO - LAGUNA;0.24820;0.00290
UBA;0.11705;0.00224
UBERABA;0.17372;0.00261
UBERLANDIA;0.11167;0.00233
UMUARAMA;0.19546;0.00394
VARGINHA;0.11961;0.00260
VITORIA;0.10953;0.00226
VITORIA DA CONQUISTA;0.12737;0.00184
VITORIA DE SANTO ANTAO;0.09792;0.00040
VOLTA REDONDA - BARRA MANSA;0.18980;0.00526
