sex;age;in_union;formation;separation
male;15;0.03893;0.04761;0.00218
male;20;0.26729;0.06803;0.00802
male;25;0.51592;0.09724;0.01166
male;30;0.67785;0.09872;0.01226
male;35;0.75082;0.07232;0.01106
male;40;0.77499;0.05053;0.00998
male;45;0.78719;0.04257;0.00949
male;50;0.79088;0.03794;0.00834
male;55;0.80055;0.02844;0.00667
male;60;0.79423;0.01871;0.00499
male;65;0.77893;0.01168;0.00391
male;70;0.75505;0.01168;0.00248
male;75;0.65905;0.01168;0.00142
female;15;0.14828;0.06375;0.00502
female;20;0.41607;0.08558;0.01041
female;25;0.60469;0.09023;0.01222
female;30;0.69883;0.06574;0.01133
female;35;0.72353;0.03837;0.00999
female;40;0.70733;0.02360;0.00947
female;45;0.68488;0.01559;0.00861
female;50;0.64252;0.00970;0.00707
female;55;0.60286;0.00590;0.00539
female;60;0.54706;0.00351;0.00409
female;65;0.48087;0.00104;0.00291
female;70;0.39114;0.00104;0.00167
female;75;0.21481;0.00104;0.00087
