acp;age_b1;age_b2;resid_sd;obs
ABAETETUBA;0.0676577;-0.000695838;0.776648;4263
ACAILANDIA;0.0674916;-0.000717145;0.711345;3439
ALAGOINHAS;0.0622318;-0.000611458;0.683456;5163
AMERICANA - SANTA BARBARA D'OESTE;0.0576298;-0.000561389;0.557619;21814
ANAPOLIS;0.0539246;-0.000517416;0.613408;13992
ANGRA DOS REIS;0.0439699;-0.000401601;0.601548;6930
APUCARANA;0.0548216;-0.000563716;0.573689;6102
ARACAJU;0.051988;-0.000420665;0.66546;26753
ARACATUBA;0.0449398;-0.000401904;0.613132;8609
ARAGUAINA;0.0618841;-0.000587678;0.660272;6090
ARAGUARI;0.0609273;-0.000603151;0.624924;5115
ARAPIRACA;0.0584417;-0.000605862;0.693202;7630
ARAPONGAS;0.0534167;-0.000533911;0.571449;5219
ARARAQUARA;0.0582375;-0.000549845;0.615118;13663
ARARAS;0.0593273;-0.000539792;0.575354;5551
ARARUAMA;0.0490163;-0.000465208;0.61369;5047
ATIBAIA;0.0599027;-0.000584254;0.618966;7512
BACABAL;0.0624839;-0.000624988;0.718301;3211
BAGE;0.0346128;-0.000284452;0.644614;6704
BAIXADA SANTISTA;0.0535987;-0.000491171;0.617535;63990
BARBACENA;0.0568594;-0.000521331;0.615101;6371
BARREIRAS;0.052733;-0.000439022;0.661659;5540
BARRETOS;0.0575417;-0.000558893;0.584198;5371
BAURU;0.0565644;-0.000521028;0.635154;17292
BELEM;0.0441475;-0.000356096;0.665281;43819
BELO HORIZONTE;0.0525879;-0.000468745;0.61825;150934
BENTO GONCALVES;0.0587871;-0.000601678;0.597381;9630
BIRIGUI;0.0541756;-0.000541376;0.542349;7845
BLUMENAU;0.062997;-0.000657533;0.532385;24272
BOA VISTA;0.0572208;-0.000487601;0.655926;11589
BOTUCATU;0.0556125;-0.000506307;0.589783;5491
BRAGANCA;0.0634268;-0.000614353;0.760114;3519
BRAGANCA PAULISTA;0.0525724;-0.000504099;0.567278;6883
BRASILIA;0.058107;-0.000461817;0.649086;87289
BRUSQUE;0.0610769;-0.000656717;0.517895;8642
CABO FRIO;0.0505485;-0.000478926;0.616621;13670
CACHOEIRO DE ITAPEMIRIM;0.056622;-0.000531651;0.601718;8225
CAMETA;0.0615111;-0.000568374;0.749221;2857
CAMPINA GRANDE;0.0378623;-0.000321882;0.688548;17980
CAMPINAS;0.0577804;-0.000537752;0.599545;62873
CAMPO GRANDE;0.0559952;-0.00052105;0.650967;19632
CAMPOS DOS GOYTACAZES;0.0445687;-0.0004024;0.616651;18564
CARAGUATATUBA - UBATUBA - SAO SEBASTIAO;0.0533622;-0.000521532;0.594806;12990
CARUARU;0.045786;-0.000466862;0.65888;13168
CASCAVEL;0.0577019;-0.000541045;0.63576;15342
CASTANHAL;0.0719812;-0.000735162;0.645232;6254
CATALAO;0.0561706;-0.000556101;0.634567;6007
CATANDUVA;0.0585626;-0.000595154;0.575149;10192
CAXIAS;0.0647435;-0.000659481;0.704869;4718
CAXIAS DO SUL;0.0622642;-0.000626495;0.588185;28086
CHAPECO;0.0713422;-0.000758929;0.596203;11178
CODO;0.0358467;-0.000331621;0.772224;3030
COLATINA;0.0539215;-0.000533529;0.583395;5262
CONSELHEIRO LAFAIETE;0.0564641;-0.000552658;0.589723;9728
CRICIUMA;0.0531636;-0.000516037;0.613523;22050
CUIABA;0.0501776;-0.000450251;0.623676;24343
CURITIBA;0.0580511;-0.000551703;0.62052;106796
DIVINOPOLIS;0.0592652;-0.000589342;0.582736;10685
DOURADOS;0.0561211;-0.000527427;0.634555;8899
EUNAPOLIS;0.0644312;-0.00066078;0.655123;4008
FEIRA DE SANTANA;0.0501633;-0.000453093;0.681888;11997
FLORIANOPOLIS;0.0587246;-0.000533805;0.618364;48569
FORMOSA;0.0633135;-0.000645436;0.661532;4438
FORTALEZA;0.0432201;-0.000371902;0.653606;83114
FRANCA;0.0539591;-0.000534334;0.567384;21367
GARANHUNS;0.0488709;-0.000476472;0.717738;4348
GOIANIA;0.0563;-0.000526275;0.633904;61008
GOVERNADOR VALADARES;0.0514274;-0.000492205;0.610973;10493
GUARAPARI;0.0560819;-0.000550687;0.614165;4444
GUARAPUAVA;0.0555536;-0.000537118;0.668782;6944
GUARATINGUETA;0.0528748;-0.000458987;0.637093;8105
ILHEUS;0.0613756;-0.000571557;0.700021;6723
IMPERATRIZ;0.0585186;-0.000556878;0.683103;10821
INDAIATUBA;0.0646968;-0.000675316;0.586554;9923
INTERNACIONAL DE CORUMBA;0.0425624;-0.000405509;0.649486;5237
INTERNACIONAL DE FOZ DO IGUACU;0.0626078;-0.000594085;0.64729;12328
INTERNACIONAL DE PEDRO JUAN CABALLERO;0.0764045;-0.000826769;0.717202;3093
INTERNACIONAL DE SANT'ANA DO LIVRAMENTO;0.0347688;-0.000310078;0.674777;3300
INTERNACIONAL DE URUGUAIANA;0.0417059;-0.000370992;0.654853;5088
IPATINGA;0.0556877;-0.000525735;0.594929;22153
ITABIRA;0.068633;-0.000661415;0.610985;4482
ITABUNA;0.0535516;-0.000483787;0.687792;8003
ITAJAI - BALNEARIO CAMBORIU;0.0573738;-0.000574094;0.594364;25239
ITAJUBA;0.0495057;-0.000471974;0.605784;6313
ITAPETININGA;0.0536476;-0.000510319;0.570673;6812
ITAPIPOCA;0.0550637;-0.000524235;0.771437;3010
ITATIBA;0.0466963;-0.000416929;0.561146;5145
ITU - SALTO;0.0528839;-0.000504682;0.567462;12190
JARAGUA DO SUL;0.0587732;-0.000621246;0.51933;12704
JAU;0.0559203;-0.000552696;0.553405;6876
JEQUIE;0.0642902;-0.000621738;0.69337;5734
JI-PARANA;0.0557079;-0.000550306;0.627385;4991
JOAO PESSOA;0.0349063;-0.00024274;0.68269;26285
JOINVILLE;0.0551951;-0.00054233;0.573758;27300
JUAZEIRO DO NORTE;0.052239;-0.00053267;0.700244;15413
JUIZ DE FORA;0.0532804;-0.000467192;0.623716;14304
JUNDIAI;0.0587841;-0.000573366;0.593946;32755
LAGES;0.0467253;-0.000378924;0.620797;6792
LAJEADO;0.0725198;-0.000811966;0.593421;12875
LAVRAS;0.0535742;-0.000487655;0.608226;6160
LIMEIRA;0.0538951;-0.000511236;0.59145;14922
LINHARES;0.0548919;-0.000513724;0.60377;6520
LONDRINA;0.0608675;-0.000594215;0.617293;21428
MACAE - RIO DAS OSTRAS;0.0590667;-0.000586631;0.626249;17530
MACAPA;0.0721061;-0.000647588;0.671809;17890
MACEIO;0.0498088;-0.000416518;0.664573;25722
MANAUS;0.0472273;-0.000425702;0.621869;34168
MARABA;0.0601577;-0.000612776;0.668858;7708
MARILIA;0.0540417;-0.000498416;0.60304;11852
MARINGA;0.0597341;-0.000592773;0.609795;30797
MOGI GUACU - MOGI MIRIM;0.0614374;-0.000626034;0.559259;10991
MONTES CLAROS;0.0647586;-0.000628602;0.631754;15575
MOSSORO;0.0371838;-0.000303964;0.631704;10071
MURIAE;0.0610742;-0.000610934;0.627955;4716
NATAL;0.0494898;-0.00042102;0.656791;31519
NOVA FRIBURGO;0.0479449;-0.000461887;0.589728;8960
OURINHOS;0.0609587;-0.000605454;0.608749;5153
PALMAS;0.061381;-0.000548244;0.63142;10967
PARANAGUA;0.0556606;-0.000500112;0.637263;5465
PARAUAPEBAS;0.0750819;-0.000803132;0.624762;5787
PARINTINS;0.0494249;-0.000445232;0.738847;2699
PARNAIBA;0.0432364;-0.000356477;0.750957;5196
PASSO FUNDO;0.0565207;-0.00054808;0.588063;9046
PASSOS;0.0479054;-0.000430151;0.581525;5257
PATOS;0.0625893;-0.00062618;0.7073;4227
PATOS DE MINAS;0.0568763;-0.000541297;0.641072;6505
PAULO AFONSO;0.0488929;-0.000439166;0.709194;3658
PELOTAS;0.0458865;-0.000407719;0.672055;14968
PETROLINA;0.0448033;-0.000408372;0.675704;18438
PETROPOLIS;0.0536054;-0.000482176;0.589418;14044
PIRACICABA;0.0567852;-0.000521805;0.589397;20861
POCOS DE CALDAS;0.0566115;-0.000537074;0.594288;7487
PONTA GROSSA;0.0544538;-0.000511432;0.629381;14519
PORTO ALEGRE;0.0537819;-0.000500884;0.617091;147702
PORTO SEGURO;0.063309;-0.000649383;0.628948;5111
PORTO VELHO;0.0456526;-0.00038737;0.644245;19293
POUSO ALEGRE;0.0557789;-0.000553661;0.60959;6342
PRESIDENTE PRUDENTE;0.0550969;-0.000500911;0.631676;20760
RECIFE;0.039341;-0.00032847;0.671592;98850
RESENDE;0.0452919;-0.000416323;0.605111;9000
RIBEIRAO PRETO;0.0645422;-0.00063265;0.628914;23311
RIO BRANCO;0.0493145;-0.00040605;0.63038;12448
RIO CLARO;0.0611275;-0.000609091;0.574963;11106
RIO DE JANEIRO;0.0443195;-0.0003864;0.621301;298877
RIO GRANDE;0.0541028;-0.000495231;0.665397;7619
RIO VERDE;0.0573979;-0.000560647;0.617814;8046
RONDONOPOLIS;0.06792;-0.000703626;0.635773;8813
SALVADOR;0.0452115;-0.000368743;0.666342;93024
SANTA CRUZ DO SUL;0.0600094;-0.000588662;0.585309;7441
SANTA MARIA;0.0600003;-0.000556589;0.668093;12131
SANTAREM;0.0538213;-0.000504359;0.722249;9365
SAO BENTO DO SUL - RIO NEGRINHO;0.0546815;-0.000562576;0.589659;5371
SAO CARLOS;0.0569883;-0.000544773;0.603218;11872
SAO JOAO DEL REI;0.0484816;-0.000443416;0.6014;6142
SAO JOSE DO RIO PRETO;0.0574975;-0.000550325;0.61557;32762
SAO JOSE DOS CAMPOS;0.0599885;-0.000571685;0.622971;51062
SAO LUIS;0.0371133;-0.000279544;0.644666;30594
SAO MATEUS;0.0583912;-0.000552859;0.670083;4440
SAO PAULO;0.0518596;-0.000462847;0.631639;551256
SAO ROQUE - MAIRINQUE;0.051489;-0.000473542;0.585425;5296
SERTAOZINHO;0.071366;-0.000681415;0.631763;5248
SETE LAGOAS;0.0567524;-0.00056842;0.620179;11650
SINOP;0.0729056;-0.000754365;0.633855;5393
SOBRAL;0.0517741;-0.000500165;0.623814;7729
SOROCABA;0.0623337;-0.000625516;0.602593;22063
TAQUARA - PAROBE - IGREJINHA;0.0568248;-0.000625152;0.531367;8497
TATUI;0.0466696;-0.000451251;0.555784;4654
TEIXEIRA DE FREITAS;0.0780712;-0.000827009;0.683019;5467
TEOFILO OTONI;0.0536597;-0.000492887;0.635471;4959
TERESINA;0.0469426;-0.000384762;0.682548;22378
TERESOPOLIS;0.038909;-0.000312158;0.601933;7215
TOLEDO;0.0618906;-0.000614036;0.585294;7106
TRAMANDAI - OSORIO;0.049408;-0.000467264;0.607739;4855
TRES LAGOAS;0.0608643;-0.000624307;0.617292;4586
TRES RIOS - PARAIBA DO SUL;0.0426238;-0.000370101;0.598925;6281
TUBARAO - LAGUNA;0.0573237;-0.000573674;0.590042;8854
UBA;0.0434699;-0.000401886;0.552874;5613
UBERABA;0.0539179;-0.00053213;0.610656;14510
UBERLANDIA;0.0640581;-0.000639732;0.617631;15113
UMUARAMA;0.060195;-0.000611349;0.617075;5777
VARGINHA;0.0650506;-0.000634197;0.648232;5740
VITORIA;0.0585031;-0.000542101;0.61221;70576
VITORIA DA CONQUISTA;0.0569944;-0.000561361;0.655822;12352
VITORIA DE SANTO ANTAO;0.0477865;-0.000467272;0.724867;4280
VOLTA REDONDA - BARRA MANSA;0.0518532;-0.000496221;0.611124;19366
BRASIL;0.0531636;-0.000473542;0.621869;3867639
