2010-01-01;36500.344440332265;1.0024880338717126;11124.623968387321;100.0;0.17764273441009185;12.583386810797318;0.09600000000000002;0.0754162371019881;271.41754590774235;122267.28260699192;0.0;0.0;138.2450466694147;54.89709995306572;0.5267849645858385;0.49;0.12598213672050462;0.17982385444610668;0.0;0.0;0.731821367205046;0.08148803387171258;245.88581954498332;0.20149282032302754;0.0034;0.0;1521.9778086530384;4113.851953531238;678.2755451961593;0.0;0.0;40.9932786130515
2010-02-01;36629.788446539766;1.0028213672050459;16152.117455876238;32.881101702909206;0.19200000000000003;12.41423816385339;0.30173311258036106;0.268;270.6013048963045;15160.576931237687;0.0;0.0;411.07910759205976;92.6181566304755;2.5219023504608304;0.6076998896235137;0.5811601500674447;0.1237755424257058;0.020713312883387472;0.001419909905796583;0.7316427344100918;0.07782136720504591;237.5658219407287;0.21842171712997058;0.16381898869222306;0.0;3701.918863405289;10547.613662510115;1651.6684695454016;0.6197204134529526;19.345648253129944;99.17240431207759
2010-03-01;36722.636145314566;1.0034880338717125;20916.680328214003;22.8858066792857;0.19982136720504595;12.321459355330147;0.5926766158073773;0.446351847091307;273.06484720890495;17007.101134233973;0.0;0.0;566.0822599510702;120.43589461446085;4.228669934614347;0.5600522638874978;0.9760012986830457;0.085113552872566;0.030640506882842138;0.0013291502622129181;0.734;0.075;235.62696424856495;0.22921803773672994;0.2876534448103633;0.0;6540.484239957516;16959.645990671295;2905.338880815262;22.65148937660115;58.57482389228959;174.70750412664395
2010-04-01;36824.010066774026;1.0056427344100916;22866.508812358545;9.207344628772992;0.20764273441009184;12.303093299874522;0.6772283715798434;0.501475162514141;275.95378546568656;31998.259208008883;0.0;0.0;654.7186166322646;145.92663626305216;4.86312663993721;0.5726794808639619;1.1392497982059129;0.07798104222554675;0.03855710250190183;0.0014388383796637226;0.731821367205046;0.073;210.30467720072784;0.23931109970338746;0.3519462913866136;0.0;9753.214451917667;23429.016396737064;4273.987566512471;108.21775959895245;340.48915947368397;256.1958403343035
2010-05-01;36860.55149511152;1.0066427344100917;25378.41698990648;11.871011944335331;0.21372171712997057;12.26534567760141;0.8472449092677323;0.5977327380922721;278.5575070146363;41545.18514972119;0.0;0.0;737.6454131211183;163.57991009556113;5.574425075657932;0.5451651513899116;1.3762874071379185;0.06794991408706429;0.04221121166312347;0.0013291502622129183;0.7328213672050459;0.07248803387171257;223.58012764099473;0.2511085753973848;0.39538093073590275;0.0;13404.866909785442;31075.034391885725;5788.097131357454;267.31969067890185;647.6814112621364;349.05213787810794
2010-06-01;36894.07728879609;1.0058213672050458;29899.03793803818;16.488816284086948;0.21772171712997057;12.252336477894136;1.2384212364436584;0.7071463169152604;282.65497081849674;48368.62362621201;0.0;0.0;1096.0388772739166;179.49512825966036;7.056957088360456;0.497211102550928;1.8006997890293075;0.052274957043532154;0.043931898250163644;0.000772171712997056;0.7334880338717126;0.07082136720504592;234.46831338237675;0.26069265556592036;0.4718338709560872;0.0;17920.3673261046;39009.67323067842;7571.787487953712;515.5245058284665;1082.935936129276;458.06393732242304
2010-07-01;36907.160165184854;1.0087217171299707;34087.79388304651;12.409576124662893;0.22172171712997057;12.243409038806192;1.5689841464172987;0.7992700458856143;285.6596283205959;62822.818788279335;0.0;0.0;1023.3689071327884;199.09162870718998;8.210457341989128;0.47690521112773365;2.174206133192273;0.04551068360252296;0.043118695387886215;0.0015357102501901826;0.734;0.06882136720504592;238.7053558783707;0.2749999435026626;0.51274129401536;0.0;23299.484344373977;47073.34164412658;9613.824901287946;767.2557522767723;1848.0680199018348;575.720998196818
2010-08-01;36944.71262546944;1.0088213672050461;36830.56144182455;10.260313854193967;0.224;12.22954211490264;1.825208460872985;0.8869214456590749;289.8613888214228;87184.41570238234;0.0;0.0;1068.0141107272325;198.55096992258953;9.144047727519244;0.4659282032302755;2.4887658413906744;0.04341651513899117;0.04575991169881107;0.0042787546697382745;0.7368213672050458;0.06782136720504592;231.8054320179303;0.29064073883652275;0.5543171759760095;0.0;29263.226372328503;56752.448805417065;11806.2917543382;993.2730221285242;2768.610324124705;716.6132891953843
2010-09-01;36988.20222748145;1.0109760677434252;38136.94744930534;4.425793775729322;0.227;12.222055512754642;1.8860092021942318;0.9272806347199528;292.4513130983881;99754.9704215242;0.0;0.0;1090.1415683603561;197.49514562186238;9.534057906940422;0.4699282032302755;2.5819810582143634;0.04652385444610671;0.05681699655204005;0.0038229754097208;0.7374880338717127;0.06582136720504592;235.99154285291627;0.3055585713697873;0.561228594745821;0.0;34821.24992627726;65590.54198340442;14088.326445495652;252.63985671077697;3748.2826465821604;860.6853292867609
2010-10-01;37004.157568056675;1.0119999999999998;38481.89415520494;1.3054120117459225;0.229;12.213597297173898;1.8396457892119051;0.9252862137841783;298.43912258337593;105763.03142795096;0.0;0.0;859.69611515406;193.8995499936717;9.484464217698434;0.4819282032302754;2.5873289549290255;0.053224981315302185;0.06786844433910713;0.0028874507866387547;0.7422915026221292;0.065;231.95903530775064;0.31753716432921847;0.5477666101693291;0.0;40250.55817931258;75338.18860055084;16390.066904858908;24.022591173709355;5005.847485335494;990.0983037141484
2010-11-01;37066.05487539042;1.0070000000000001;35449.22344046849;-0.040024499187713225;0.2319760677434252;12.222012119209277;1.8173596817364472;0.9218977772308365;303.1825863867867;108311.06745252892;0.0;0.0;-2306.5099954593816;190.63621636918708;9.990806093580941;0.4917495704353214;2.457429369985976;0.05769298695455604;0.0685689502092755;-0.003761912832952968;0.7428299986655988;0.06248803387171258;225.5469195784688;0.3350186865764606;0.5388381965542622;0.0;45313.26357041958;84316.77052336166;18523.504186183716;39.74243109280587;6563.435702580326;1205.764488391115
2010-12-01;37140.5269139141;1.0074880338717125;31983.235900169555;-10.02470696521837;0.234;12.233104039819588;1.8506931146286003;0.8954050688284214;307.2661438647468;108268.46226417925;0.0;0.0;-4268.2064242615415;184.13797621770547;10.06589083702513;0.49858300524425836;2.2268857361194208;0.061173311258036094;0.07566906761341487;0.0033064864782598328;0.7452915026221291;0.06;222.71486582010252;0.3482027271037024;0.545262877972299;0.0;49969.09369284236;91830.50845210184;20441.61582655125;111.65487325633856;8689.763638599086;1436.539893254733
2011-01-01;37157.70201546892;1.008642734410092;31283.271237323075;-1.8495361999237265;0.23597606774342514;12.23874993808813;1.8030833126755894;0.9162117704818207;310.1825952826133;113041.46722617587;0.0;0.0;-4824.217241992639;189.49125742585628;9.731252438061652;0.5055830052442584;2.1434518956112756;0.06511068360252295;0.07680558988590633;0.0023166010488516724;0.7469521354868504;0.059;223.167688138232;0.3586469480690633;0.5389075325315125;0.0;54499.09832198327;99411.36294027157;22181.406976981903;28.609023720019625;11238.009103549337;1686.211696510004
2011-02-01;37151.18171097767;1.0089760677434252;31117.724805738737;0.6315103571901214;0.23648803387171255;12.235546213487066;1.7705721726173655;0.9436733331111259;317.27641224112915;112488.90336033428;0.0;0.0;-4287.357854107246;193.46417859803117;10.11369968673877;0.5128868685198823;2.0942590651505464;0.0687976067743425;0.08739360078015429;0.0032476657325859193;0.7502915026221292;0.05948803387171257;214.97688984296846;0.3721964693920633;0.5346195375568024;0.0;59028.66152279507;107093.63897107137;23920.32395669407;22.644176260495858;13692.696365673804;1959.6361394617716
2011-03-01;37134.96524057111;1.0113883837966373;31345.637941684825;0.8570134922167421;0.23748803387171255;12.253887435706343;1.757818204423947;0.9317619492656747;323.0154340042369;111986.12448746977;0.0;0.0;-4559.362412028265;195.98294662108972;10.0869046137057;0.5176499895702921;2.068340859198166;0.07295324323912991;0.08327423721395277;0.0040657893217630105;0.7522915026221292;0.058;208.990159302059;0.3811371081762149;0.533468907246626;0.0;63628.64834029242;115224.87039193187;25670.542922606423;81.30703199284584;16268.89233914289;2268.8489892176044
2011-04-01;37127.81374349099;1.0109760677434252;30680.717297062827;3.608588555112297;0.23997606774342517;12.260921445659074;1.736670833279081;0.9552432472440142;329.61607060972983;114221.40708826164;0.0;0.0;-4785.588876403736;196.4755417453384;10.353342303304219;0.5222803852377748;2.006667338252815;0.07719298695455605;0.09271930140098363;0.00273405785689832;0.7542915026221292;0.05782136720504592;210.42006168708025;0.39091649722682614;0.5328828483120682;0.0;68115.81810820404;123005.55357423863;27372.31269092531;75.97178244821426;18920.353600339768;2582.6193889871606
2011-05-01;37115.01094846763;1.0104880338717126;31711.71853841672;4.709006948458558;0.23948803387171255;12.282669312113768;1.7936211435142995;0.9300985651056798;334.8159363589431;114484.98625216802;0.0;0.0;-4161.567329536126;202.8271501192562;10.217755608528668;0.517855864435862;2.0370636757997636;0.08059999999999999;0.09536874932227274;0.0014570937640367345;0.7562915026221292;0.05648803387171259;209.2054253241071;0.403984662746144;0.538198950420174;0.04955152792802908;73097.14137879912;130541.75194599047;29146.573843323447;435.2260264866521;21663.04326820855;2886.1277710025997
2011-06-01;37076.390950219444;1.0127217171299705;32150.952942507312;4.453304494148399;0.24048803387171255;12.270822287686672;1.885670833279081;0.9911906166595414;340.5631118586574;113828.21914550336;0.0;0.0;-4379.555384081719;208.47098789289635;10.848057251974266;0.510677773665597;2.0924299188700646;0.08352854688201837;0.09801592136405345;0.001783247420397619;0.7583665562901805;0.05582136720504592;213.76729386809828;0.41697672250345075;0.5434592326412374;0.04955152792802908;78355.18591657189;138517.79326615666;30955.150678468184;878.5775011770372;24504.034680503748;3184.05419993314
2011-07-01;37090.04761005271;1.01;32303.165816705296;3.0278021223340907;0.242;12.292680553546749;1.9771402911152587;0.9520000000000001;346.32029191870174;114172.21160262295;0.0;0.0;-4754.005347143458;205.24343096523359;10.787914672219422;0.5027142050038036;2.06112832709079;0.08860554985169374;0.09899185871300017;0.001987450786638754;0.7602915026221292;0.05482136720504592;217.7471038967508;0.42985061520666606;0.5535904782956506;0.050443243577874206;83749.47493046566;146051.70825938278;32773.83724679815;785.423390901983;27592.290474398127;3478.0609505151606
2011-08-01;37011.4505841801;1.012;32614.376997122294;2.669937367472425;0.24364273441009182;12.306881723730504;2.0384439453267227;1.0085727233402952;354.03667504187433;121149.6649078037;0.0;0.0;-5189.551284739344;201.48094368116756;10.857686641324294;0.497114877048604;2.0504646427152116;0.0962033320996791;0.10675803715813385;0.0025495454169735038;0.7647767675932744;0.05348803387171259;224.02790825109304;0.4479473126257822;0.5529034844345774;0.05023734669223904;89420.6439918722;153450.17997457943;34609.94577654859;989.993455326271;30817.950956091874;3775.520660907542
2011-09-01;36986.36264009215;1.012388383796637;33303.22626190459;2.284313705537009;0.245;12.304935844667863;2.0700808187674453;0.968391267865109;362.809509683748;120064.72991531117;0.0;0.0;-5358.927511797653;207.8625244051937;10.964341726555356;0.49752253110252853;2.019790521114097;0.10038793216677579;0.11393147099061972;0.004107771067833858;0.7669999999999999;0.05182136720504591;219.86958570927285;0.4584636946194828;0.5458479466562212;0.09137667285467731;94565.18526473541;160839.62908973475;36480.2709124191;412.19774259678877;33930.69383798073;4074.3452655992032
2011-10-01;36983.118949814496;1.0098213672050458;33416.33181693978;2.6981219812452544;0.2448213672050459;12.313186953878862;2.092503952189513;1.0281260939267365;367.55133306632496;124462.52419744541;0.0;0.0;-5298.293211605551;194.46993865016242;11.227078070034576;0.49652253110252853;1.9798541461375578;0.10769773946341483;0.1085;0.0012986661329062396;0.7686998896235139;0.05000000000000001;219.25946479817705;0.48248291385299485;0.544736874412223;0.13249119456218167;99894.73613337064;168712.98288899488;38372.68920181071;462.64913819188024;37011.759880003636;4343.0714112214155
2011-11-01;36986.54992699205;1.012;33997.09549418512;2.4629400655592617;0.24664273441009182;12.340030602688524;2.103503952189513;1.0616648351510118;371.81298464625604;125446.33452819182;0.0;0.0;-4546.189827814542;205.41462831561938;11.32100846577194;0.49652253110252853;1.9557106446391321;0.11616751147140357;0.10523868107973205;0.0019659997331197866;0.770699889623514;0.05182136720504591;224.1444645152074;0.48639039496594744;0.5491076231825743;0.12854803733702194;105121.0187422437;175725.4085888183;40299.22399788378;282.3736195318162;40275.38167500914;4596.724305037563
2011-12-01;36982.8625335328;1.013;34362.34081575979;4.876122846548826;0.24872171712997057;12.362026309717532;2.1231480804696745;1.067534448103633;377.49060301056784;125783.12832825718;0.0;0.0;-4620.23443465419;205.1319013037559;11.305240805424123;0.49552253110252853;1.9166765858950159;0.11897028863283902;0.10814302390027433;0.0015357102501901824;0.7726998896235139;0.05248803387171259;227.66229156035885;0.4863143648513082;0.5520938446966246;0.12442178586660274;110434.74247670498;183170.8187540124;42234.605362939954;371.2378618237594;43538.89614575151;4825.242180109171
2012-01-01;36933.94837225989;1.014464101615138;34833.53614694521;4.550866049773583;0.24864273441009183;12.355149719799767;2.1381186244513852;1.0390112606186859;379.16241150713597;124454.60971606377;0.0;0.0;-4266.0178825256135;198.9224694457345;11.141453868655859;0.4969419189831861;1.883294721748809;0.1292364335497282;0.10450000000000001;0.003069046607597827;0.7752915026221292;0.05382136720504592;230.23905339343213;0.48636316776370725;0.5530835667864779;0.1214691532705516;115755.37265675055;190593.10559982716;44198.92066317769;237.40216852572888;46740.885292453284;5076.563867071309
2012-02-01;36951.01764522733;1.0162854688201834;35319.899616460585;3.6523418350717627;0.249;12.370926484971559;2.134761925963616;1.006218647242974;383.72411547384115;126797.13813435138;0.0;0.0;-4192.330642846877;187.5612528483464;11.211416206602017;0.4969419189831861;1.846946321618704;0.13276994353806848;0.1036130250378683;0.0010291502622129182;0.7790957671739953;0.05448803387171259;236.6861911978533;0.4862391964477612;0.5553327272602049;0.1304264913674672;121188.21434046919;198052.7511499521;46191.688239989264;325.5181771227448;50159.72417510777;5334.884816015507
2012-03-01;36897.95360981398;1.017211102550928;36446.438162479484;3.9490889857236264;0.25;12.369967460305926;2.1806362350156405;1.0557563660477345;389.58892817273977;127722.65594966615;0.0;0.0;-3577.448187118133;187.31436329332527;11.085384326538962;0.4949419189831862;1.8453690082219816;0.14055725563851199;0.10124474968323134;0.0029694236401903223;0.7811068360252297;0.05548803387171259;241.35305820181998;0.48611436485130805;0.5603770932672903;0.12790268288293988;126932.6271126245;205681.69835666326;48246.75660722746;484.8108840815164;53561.43157052419;5559.771122176711
2012-04-01;36891.833067091975;1.0156998896235137;37147.402323656635;1.987145257486865;0.251;12.403599958281168;2.1539085049377737;1.0023472202134156;395.11994276472944;126689.93980215282;0.0;0.0;-4074.4843645893657;171.3218890015004;10.834732552731346;0.4969419189831861;1.8187171041783523;0.14353602901102872;0.10037028863283903;0.0043238190858544264;0.7840957671739954;0.05582136720504592;243.80603148418953;0.48616191121085434;0.5596088962583308;0.10174829548091438;132392.37176801427;213305.08841331894;50338.2250510621;51.62609910166627;57055.728123349436;5764.400758801755
2012-05-01;36896.80160640905;1.016291502622129;38566.23028253707;3.707080424619223;0.2519760677434252;12.394641016151375;2.1668774337003383;1.0642740365097492;400.9225652284037;129595.79758360123;0.0;0.0;-3433.5274478088904;177.70675438563296;11.23809891669952;0.4969419189831861;1.814029313002218;0.15201237829256298;0.09869114445943215;0.0014348474427905535;0.7861068360252296;0.05682136720504592;242.38664233909776;0.4862877171713489;0.5576534407359809;0.1256433658748846;138308.10381278928;220873.83878792063;52506.89317772784;342.4509931169378;60396.055330352334;5964.361899940271
2012-06-01;36908.35861738302;1.0139999999999998;39698.24671172143;4.351957003650238;0.252;12.402186953878862;2.199737760929797;1.059051410292959;407.5120767050923;130370.554407751;0.0;0.0;-3835.130936856691;165.75714480393634;10.957901825974561;0.49649914087064284;1.7764322629870886;0.15763328474236515;0.1030729234364667;0.003602580752522248;0.7890957671739952;0.05682136720504592;245.62269123070416;0.4860651600432687;0.5650930538802578;0.08379961673780609;144419.0396591669;228571.36545992218;54736.89160253039;411.6530948869506;63957.813472263246;6150.197222383078
2012-07-01;36898.664062460266;1.0134880338717125;41563.055340946135;5.5907517783872125;0.253;12.419745007784348;2.2066997091141416;1.017691169848464;412.9616338832538;130122.49101694618;0.0;0.0;-3648.39993208737;154.90441656190018;10.93502902600986;0.49737070554374496;1.7902458217977104;0.15870701798890935;0.10699738925028049;0.0015983322903625455;0.7910957671739953;0.05782136720504592;248.87358304053083;0.4860877171713489;0.5642011810474459;0.11795792089372853;150568.76735546056;237015.00767313442;57058.78131578337;178.73840175822247;67397.81543205156;6365.928763025838
2012-08-01;36906.42997197758;1.016642734410092;42116.691303341926;5.32295135744047;0.254;12.439671170897007;2.2065089249466774;0.9974149673453081;417.4304111756452;132010.1332868684;0.0;0.0;-3445.769224352339;144.12633389276183;10.998602518218735;0.4983199946623957;1.7638271635349652;0.16740568484873752;0.10280311864943166;0.003914628706678315;0.7912854688201837;0.059000000000000004;250.31114150423926;0.4857901436860259;0.5643879247494968;0.15780292677703642;156848.7790397548;245084.62400268167;59416.628964788;254.17099066560618;70888.86640804239;6578.570226361509
2012-09-01;36892.656397354556;1.0157217171299704;43635.13008257024;4.14279467161844;0.255;12.452354159889392;2.188759403537285;0.984670370217967;424.6759564459841;132275.76897539888;0.0;0.0;-3235.738856040113;127.35269092707163;10.925176833136856;0.5003199946623957;1.7009596467606733;0.1734171161741885;0.10030811855099404;0.0015467451810228313;0.7942915026221292;0.058821367205045924;251.7412071969851;0.4856873045560253;0.5643704886265729;0.17856989454667715;163186.80305424653;253167.45941133914;61854.71422533935;73.87800143138104;74398.35024692958;6841.526558597639
2012-10-01;36885.02173570695;1.0137217171299706;40163.63876651515;-6.454177570599402;0.25638838379663725;12.466977184763483;2.1746271666499752;0.9783777613290543;430.68247406653836;133104.61942750734;0.0;0.0;-3156.5245479448736;123.04879379574929;11.62706705892658;0.5023707055437449;1.7171645743483805;0.17611231614990264;0.10042289965704151;0.0013800785143561647;0.7971068360252297;0.059999999999999984;256.75485817142385;0.4851437842845738;0.5662063636329047;0.15755313394412432;168953.92063259898;261158.29021896276;64082.49916886185;15.098196690454614;77843.22358144405;7091.574262394375
2012-11-01;36973.938649349155;1.011;38987.028957414674;3.529349332684402;0.25738838379663725;12.491421369688325;2.164859085010443;0.9383466648893628;437.0767488693985;131951.39029553236;0.0;0.0;-3500.382450250797;130.7662140346062;10.564457130002328;0.5043199946623957;1.6788735114565683;0.18422711700666453;0.10509113245772558;0.0018910022875170084;0.8019052111277336;0.05982136720504591;253.23084063147815;0.4852188182886903;0.5680033475223684;0.1843919838389615;174680.85185064134;268819.6060176794;66274.94391702052;65.41420983595097;81407.90570275635;7330.223521473879
2012-12-01;37023.9582162323;1.0168299986655989;40020.45589759367;3.800762643913296;0.25797606774342513;12.521020545054116;2.1543344988297495;0.9676698112274692;442.2887774855202;131464.2372172462;0.0;0.0;-3881.7393004962205;121.095746920203;11.426383404790798;0.5068071232294415;1.6646264591870759;0.1874318180699989;0.1018153393661244;0.005310511776651531;0.8054162371019882;0.06099999999999999;244.68619265603408;0.48518730455602543;0.564282789602038;0.15488574813811076;180495.94262583522;276620.52944646275;68494.41451826275;74.13128327527737;85151.20614942182;7592.188638106381
2013-01-01;37018.60166248146;1.017829998665599;41099.9436691408;6.329863300847435;0.258;12.538;2.1396517344605583;0.9216264158316559;449.2925580979624;128336.33395367529;0.0;0.0;-3659.5062631866513;103.17315367775143;11.383624679725807;0.5088071232294415;1.6381381496872915;0.19513999829147438;0.10295699291716771;0.00134966653322656;0.8074162371019881;0.06082136720504592;244.52541012285425;0.4852344024995471;0.5637928289369071;0.17732471189906712;186484.65462055907;284572.126421047;70816.76424684793;71.36887495662589;88819.05418323015;7792.687727260942
2013-02-01;37042.72128985832;1.018388383796637;41313.40280519184;6.387357768314145;0.25897606774342513;12.570804244957683;2.1275902731967684;0.9639315542904467;456.10708533868683;125995.08606362002;0.0;0.0;-3545.5823487408006;94.00111176688006;11.64158020008761;0.5098071232294416;1.6252432466033384;0.2025010344458594;0.1036052019909794;0.0029114877048604;0.8106851661723125;0.062;245.88915102189893;0.4849856009681661;0.5636478351629489;0.14358169729037007;192405.37101534105;292466.66636717226;73106.78993639315;74.23135524872686;92737.73909001632;8058.821008598328
2013-03-01;37041.26846513322;1.0180957671739954;41946.50911520882;7.879114555934241;0.25997606774342513;12.594238048916054;2.114687498304855;0.9182449092677326;460.0685257994139;126887.7634228349;0.0;0.0;-3954.076894858603;77.85222353064314;12.564969260954813;0.5109100228751701;1.5911691738326958;0.2053564555885365;0.1068755424257058;0.006743046421841502;0.8124162371019882;0.062;246.24555011113983;0.48503610052057244;0.5647651053926658;0.14195539584742461;197523.6106565283;299438.5254480002;75071.38358116495;71.24904828702591;96418.85897483717;8222.195264422067
2013-04-01;37036.30210785332;1.008;39350.816463734045;-0.8067542470616935;0.26097606774342513;12.610011260618688;2.1046457783772863;0.8488597390911208;465.6913819877022;126084.51648208364;0.0;0.0;-4092.1767001794315;62.77487182636409;12.44644837322963;0.5128071232294416;1.5904513478891442;0.21159268207720222;0.10979677055965475;0.0010302337817003106;0.8146851661723125;0.063;247.379554974227;0.4849095765195533;0.564664215465378;0.176419386129837;201146.70864500472;304646.4660625783;76429.10075975672;50.028802702188884;100243.41040646029;8406.437636291726
2013-05-01;36974.3933460842;1.006488033871713;26359.162470549556;8.551361115020711;0.26197606774342513;12.6186577177177;2.100884828444852;0.8743974043198104;470.898889617937;122563.1278639003;0.0;0.0;-4044.9464139457573;61.11579068175358;12.710683631458243;0.5143303027798234;1.6128341489308629;0.21692793002773408;0.10973836120259084;0.0004211102550927978;0.814690435835235;0.063;248.34343964854912;0.4844119706792349;0.5660565784998586;0.17199943502662557;205167.58926805053;310416.85365481867;77880.06083408577;222.4703267103002;104107.79271630353;8616.41876529821
2013-06-01;37014.03359633987;1.0064880338717128;26093.800811425506;5.613534440472531;0.2634641016151378;12.635919967974377;2.098992753409141;0.866669934535827;475.50925270109514;117065.7184398444;0.0;0.0;-4138.423692320647;60.36715722225456;12.692715606172559;0.5138847137405328;1.5690245799354474;0.2218472031246606;0.11327414110874898;0.0018078784028338912;0.8166904358352352;0.063;249.54129081054697;0.4842131120403894;0.5665757676979728;0.17199943502662557;209387.1003617668;315995.7465355011;79392.46583645105;287.8624645488559;108117.94977410969;8834.611853476707
2013-07-01;36999.05332723949;1.008;25849.003073539123;1.6952081829094403;0.26297606774342513;12.647187607529771;2.124716331383817;0.813512860204779;480.1763730114027;112487.58672527599;0.0;0.0;-4340.598668632598;60.78114075566603;12.150456099679593;0.5093303027798233;1.534186818338058;0.22897623234683323;0.11539332916145019;0.001638876088001675;0.819;0.063;249.2426950179993;0.4839409169572942;0.5664070178695904;0.17243158247610016;213834.8516729504;321407.8994268923;80838.03950614933;711.0587246647876;111846.84591549568;9028.781390807086
2013-08-01;37000.669565199125;1.0069999999999997;25673.942913488594;3.8106816527149574;0.26438838379663726;12.666107985661995;2.1329528571418654;0.865384590122515;485.04718969813234;108205.0672303053;0.0;0.0;-4221.14020898906;61.80721130546206;13.256487577181218;0.5083303027798234;1.5439345655981727;0.2354515527749594;0.11609499687108762;0.0002532432391299162;0.8204162371019879;0.063;248.96046911821918;0.48383919644776135;0.5672957248451274;0.20626672222220938;218074.44273661418;327320.35987999395;82324.96135214495;438.451659188681;115601.44005315444;9226.238171402567
2013-09-01;36998.97243124929;1.008;25335.960596842466;0.0538362558350316;0.26397606774342514;12.689419121685063;2.137906629303437;0.8341290500230901;490.192229858517;103857.17068545145;0.0;0.0;-4076.270553991198;60.47409169572942;12.148495434410156;0.5073303027798234;1.49367061154037;0.24055099466871707;0.11510365690573665;0.0012496665332265599;0.8212111025509279;0.06364273441009183;248.82073944597965;0.48376316776370726;0.5686667728234204;0.17487288845892435;222199.28328862984;332701.74620104494;83773.19223816971;354.52184696337645;119392.8452689103;9414.34254318058
2013-10-01;37019.50282790085;1.008;25825.82198585077;2.722101861519245;0.26538838379663726;12.710248373161317;2.135051712611232;0.809238544461067;495.5077856491057;101425.8370675564;0.0;0.0;-3922.2519422941104;60.5;11.933974546751895;0.5063303027798234;1.5202919385077438;0.24481249593363655;0.12126307062763104;0.0008399779247027667;0.823416237101988;0.06364273441009183;250.38242250726475;0.48386077359786034;0.5678959764881544;0.17117780075903538;226350.70601747354;338180.2485246967;85256.19941873148;305.93522150457557;122949.84690309866;9614.401164205648
2013-11-01;37067.111027063365;1.008;25169.492738123376;-0.23552314284290454;0.26638838379663726;12.748022986553599;2.1298165264060014;0.8181533936612442;501.50067814804964;101100.99081033136;0.0;0.0;-3924.217713490917;64.557438524302;12.26167081849767;0.5063303027798234;1.4735780617317964;0.24939890852294427;0.12371560597293818;0.002214999332799466;0.8254162371019881;0.06282136720504593;251.72258964403562;0.4834897127738996;0.5682361224894891;0.20947026413880632;230383.80886827732;343729.7838625563;86716.81021761296;215.85368543671942;126745.67733221587;9806.519064811228
2013-12-01;37067.71414674816;1.0068213672050461;25656.35151118987;3.9864565883442094;0.26738838379663726;12.766155982487843;2.1157756451072505;0.8327617433409407;506.2012891839215;100732.12324389478;0.0;0.0;-3922.804946983701;61.40715830003322;11.842008738609467;0.5063303027798234;1.447719413948739;0.2521351110057738;0.12415213548685035;0.0010801689609473803;0.8289298695455605;0.06282136720504593;254.63151421424928;0.483364312897802;0.565827930027734;0.23942588666387135;234224.43298790904;349275.8901480501;88124.81994814928;136.71763130816439;130689.98598085785;10010.665702731387
2014-01-01;37119.27852562299;1.008;25659.770718518103;3.5547011310839576;0.26572171712997056;12.801334381547907;2.1148803289753;0.8322888559182146;510.59405496216385;100965.7072557873;0.0;0.0;-3920.7702132821537;61.2823057674654;12.22817762446863;0.5053303027798233;1.4296149199769908;0.2619575302100237;0.125239740629159;0.0024967638244903644;0.8309298695455604;0.06282136720504593;258.8087224073104;0.48324091695729415;0.5641789483576433;0.2710348042133389;238330.05710946032;354959.1410396649;89463.89037605202;430.66304469471754;134540.34522121324;10207.791355899235
2014-02-01;37114.641910199316;1.0074880338717125;25556.188507911058;1.298280544430604;0.26472171712997056;12.8135480730195;2.1006097412782023;0.8236341269725912;516.8965275555087;100608.43338835683;0.0;0.0;-3723.114886707918;58.60305204962128;13.075795948873765;0.5053303027798233;1.4182659793631809;0.26252973558912923;0.13084988789181307;0.0015;0.8316851661723124;0.064;259.935288021331;0.48326660305337715;0.5655234082880051;0.2710348042133389;242281.84597730314;360378.47222836904;90815.36976479877;134.5397407408698;138548.08559227828;10411.168916187029
2014-03-01;37085.92637205357;1.009;25960.85889236422;1.6124383671230853;0.26372171712997056;12.832982525958307;2.0881260939267365;0.8422977831301844;522.2603119994538;99374.83466152604;0.0;0.0;-3604.032927068548;56.84324672910033;12.889541150471182;0.5053303027798233;1.4000996688705416;0.2672868218976867;0.12948400618306044;0.0014291502622129182;0.8326851661723125;0.064;261.10112120678923;0.48319257064006577;0.5635238120702825;0.23942588666387135;246260.14321017914;365887.1744159366;92181.2723887763;132.2771325467602;142442.44055167263;10606.89481823538
2014-04-01;37071.47884713685;1.0084880338717124;25507.766237734217;1.153090698626155;0.264;12.856190954292718;2.080287771338125;0.8271655250605963;525.9333671289696;98986.22166721677;0.0;0.0;-3690.9251187742184;57.63441276141816;12.50473201975742;0.5053303027798233;1.3715249969696965;0.27188697734599365;0.13136686274283652;0.000782999866559893;0.8329999999999999;0.064;257.68061661054423;0.48324135710758376;0.562741535873782;0.23942588666387135;250288.83477390034;371477.88924065116;93558.60936766065;169.27549201862035;146169.42066170977;10800.288410983063
2014-05-01;37047.62100866119;1.0089999999999997;26536.077147603064;4.448020974994338;0.2634966653322656;12.876725067065607;2.0873706071797935;0.8628844870842913;530.3717491972271;97923.78525140155;0.0;0.0;-3636.387556483347;57.99007257585012;12.468676670399178;0.5034808767850883;1.371438137618292;0.28159529098262687;0.12578205491392216;0.0016480876785088263;0.8356851661723124;0.06464273441009183;260.6448085052473;0.48307214807201865;0.5635247446806203;0.26496489982328336;254539.4704221448;376875.29916220467;94904.4649211634;493.5908632743625;150025.89856578235;10991.363359772808
2014-06-01;37022.41927309453;1.008821367205046;26572.048846231104;3.313364251867494;0.2624966653322656;12.887486522604544;2.0940151503558924;0.8612873015219858;536.7250450956083;97744.09842106473;0.0;0.0;-3912.1269025260412;54.83312975912907;12.997325487228684;0.5024808767850882;1.3775004531691035;0.2787003925717808;0.1278370705543745;0.0021676467762897435;0.8369933306645311;0.06464273441009183;256.3134324976295;0.4831428917888732;0.5640728056007577;0.2289060058706063;258809.490383428;382392.061114307;96282.90427954;532.0596855142701;153902.1577320646;11192.657800698875
2014-07-01;36994.70544275325;1.0084880338717124;27270.50161780756;4.149726242065573;0.2614966653322656;12.873148893980547;2.1277114587473274;0.8684623833564235;541.7359603152483;97872.56547956016;0.0;0.0;-3728.363336295023;55.230764238207;12.391773672600417;0.49848087678508823;1.394462592450719;0.2905672027911729;0.12837414110874898;0.0007532432391299163;0.8389933306645312;0.06464273441009183;258.92603460133034;0.4830428917888732;0.5657499888143126;0.25343387238627973;263581.72414949903;387967.5579642023;97662.12503441096;1164.6060724205179;157712.22749866635;11383.566230697916
2014-08-01;36983.09158704545;1.008;27006.633675994293;3.8793605330393044;0.2604966653322656;12.90099558717744;2.1415377844092633;0.8505653212073246;547.0559474061533;96135.59416580906;0.0;0.0;-3511.7540677589786;53.60520918156701;12.258016090429738;0.4964808767850883;1.3728637347396977;0.2921713075057055;0.12906452076825214;0.001344343425994112;0.8409933306645311;0.06464273441009183;261.8361180805333;0.48298465574650407;0.5673366662223408;0.22493031807356206;268036.959720169;393566.95467162254;99079.86154922654;640.6544257400127;161450.43454995588;11572.780921160971
2014-09-01;36986.41160455861;1.0107217171299703;27463.967508211736;3.977827961547915;0.2606998896235138;12.919927695096387;2.148674073769268;0.8694833266613279;552.387248904002;95551.06602922031;0.0;0.0;-3461.130215061161;50.614502396164724;12.696332457867863;0.4954808767850883;1.3465376538271605;0.28902498142643845;0.1343665919278754;0.0018832781450902497;0.842;0.06464273441009183;263.82595014981734;0.48297532850714486;0.5670286540104066;0.22493031807356206;272434.80510897364;399460.53468385467;100550.82613246182;344.70163994450564;165258.27492915935;11759.942728769656
2014-10-01;36948.618335449515;1.0113883837966373;27921.150626322164;2.773898042144143;0.2596998896235138;12.937077125861718;2.167170058935948;0.8541915343479907;556.1519239492958;96344.6195017721;0.0;0.0;-3421.7083670385114;50.83153176729231;11.765289391745231;0.49291002287517005;1.3428505850180619;0.29238076228369164;0.13411198563445667;0.0033534290669607406;0.8424434342599411;0.06464273441009183;264.2440471422351;0.4822872077013249;0.5679000000000001;0.22418567456695526;276982.8671764278;405317.6943684277;102046.13410060904;644.1365874877886;168954.56324523088;11938.726557304897
2014-11-01;36921.714435250666;1.0117217171299706;28163.379607336665;4.942525570374421;0.2586998896235138;12.95579631890143;2.1683602901102876;0.8792119537917449;561.547919182608;96282.29435900657;0.0;0.0;-3545.238367433655;47.508530662804574;11.885284931849307;0.49191002287517005;1.3519554714294026;0.30195181042266295;0.1293363615522478;0.0011095767173995303;0.8426998896235139;0.06464273441009183;265.30926975458124;0.4821592637802856;0.5668586548825857;0.2235116264958733;281356.5145434981;411113.4678425571;103532.85042441524;335.50897218201516;172537.5564016645;12123.917984822958
2014-12-01;36956.738494628036;1.0104880338717128;28663.66099373682;3.740029720808062;0.2576998896235138;12.976771038351872;2.160338582514445;0.8518558644358618;568.529589133192;96464.42154862944;0.0;0.0;-3396.5123154525418;44.654599268001974;11.257123538958574;0.49191002287517005;1.3373589190667923;0.30616793646954593;0.1365480806187569;0.002945421336404941;0.8446998896235139;0.06464273441009183;266.7580203576118;0.48193159485294923;0.5678668115932894;0.2235116264958733;285723.0362233348;417053.0025045512;105049.40533864005;161.29391656299046;176072.65838956626;12304.822308524945
2015-01-01;36950.0613952426;1.0108213672050461;30550.394786506702;8.601029182728311;0.2583665562901805;12.98678810323459;2.1514756838890277;0.8630619485685538;572.9048305162405;96980.86968936861;0.0;0.0;-3094.9515873404866;43.14877059251255;11.085412502710685;0.49191002287517005;1.299499479158719;0.30609891301137115;0.13466862688591283;0.0007211102550927979;0.846699889623514;0.06382136720504591;268.74301617458997;0.4819592637802857;0.5693139413530258;0.23163603657317305;290323.6643333678;423221.8954107596;106620.1859443773;90.61442409761496;179683.34789712535;12491.044175653235
2015-02-01;36918.13587751772;1.0129760677434252;29915.47683895085;7.335294222551884;0.2593665562901805;12.974993939268714;2.1508747463058424;0.8526717167852974;578.5107781485739;96472.83251113711;0.0;0.0;-3238.071602918532;37.37079795391508;10.364614084681662;0.49191002287517005;1.3306441961508626;0.31330445962703585;0.13710782961456427;0.002368180776123887;0.8474966653322655;0.06382136720504591;270.7129273514512;0.48178720770132494;0.5717824537288237;0.23055900380261762;294819.2441294743;429757.994490334;108155.30444503865;79.65204174146399;183331.2290522851;12681.061999869871
2015-03-01;36977.083820881664;1.013976067743425;31156.87652395181;4.88249356882101;0.2596998896235138;13.004113583460764;2.145674418255308;0.856019376570675;584.247212527148;96920.8130411898;0.0;0.0;-3193.7669612810305;34.30720580220575;10.381530362898314;0.49108800749063497;1.3255509731001636;0.32014086913191514;0.13706717167852978;0.003743569593393586;0.8526904358352353;0.06382136720504591;273.03184730891263;0.48184779814678547;0.5700377142803674;0.2237710470450744;299243.43027643644;435762.04131628136;109665.15415003941;79.7983311604172;187114.2952903677;12864.61175274826
2015-04-01;36893.37134186115;1.0168299986655989;31973.37679066046;8.396849173424306;0.2594966653322656;12.953550418274668;2.1467222038628164;0.8232381908585443;586.765514152949;97850.75274178969;0.0;0.0;-3130.8581210053803;34.66577539205645;9.744013847248834;0.49091002287517005;1.2878327881567855;0.3227649000817014;0.1388095336889801;0.005933660120249377;0.855211102550928;0.06382136720504591;275.3472339319378;0.4814724778995616;0.5699671641698691;0.220208333055129;304076.37257070915;442221.7890568305;111295.50824083477;218.17075780981762;190831.9910958579;13029.16466008422
2015-05-01;36877.450239616475;1.0179521354868504;33593.094825081374;6.026278931858638;0.262;12.970878563078655;2.1546744182553077;0.7806764677628973;593.7318412805607;96741.3648510562;0.0;0.0;-3051.996154197119;28.96780736574221;9.479585958113415;0.48991002287517005;1.2582580424043082;0.3270164489299903;0.14263845901225147;0.0019191534347990607;0.8560957671739953;0.06382136720504591;278.03913772372294;0.4815212578750395;0.5685348313661192;0.2169228975146681;309173.73435888445;448763.4344820692;113022.935860909;200.21389346104334;194527.22705453224;13202.940471191965
2015-06-01;36813.45846872933;1.020440169358563;33270.95352698942;10.625577681958731;0.2622915026221292;12.98886082944194;2.155997395793596;0.8029288513296042;598.2223040817378;95113.48365154107;0.0;0.0;-2990.345133037331;22.4584289131815;9.582190756039006;0.48991002287517005;1.2638949799474346;0.3298690205591108;0.14610589543073757;0.0025052263887497964;0.853;0.06382136720504591;281.01264572867774;0.4815315948529493;0.5675050447041724;0.21452815007243786;314210.15021615557;455396.62909450784;114705.27296516934;267.38533955075474;198311.34776457783;13367.940568853224
2015-07-01;36766.01281981048;1.0190000000000001;33489.45384274769;4.614368894646134;0.2623665562901805;12.983384603719;2.1681313104391458;0.810416604754795;601.6697932277104;95231.63863942573;0.0;0.0;-3094.196998565587;22.552967603298256;10.200537065733267;0.48791002287517005;1.2684751856044991;0.3373210547385276;0.1394899227364597;0.008834635317340748;0.8570000000000001;0.06382136720504591;284.12041416467747;0.4814529581481833;0.5676401336949872;0.2262510844033766;319292.0984407654;461843.90190503554;116333.92956189945;494.61933752732205;202033.34041090868;13537.096712668228
2015-08-01;36746.29099817884;1.016;33609.42291705834;6.87333421260876;0.2633665562901805;13.007211581388086;2.2005467166723327;0.7641915343479906;606.2629244030373;93682.34406908444;0.0;0.0;-2983.5206059464135;14.96790715004427;9.836621499617683;0.4859100228751701;1.255074003468725;0.3389020466611456;0.14485697759577992;0.0012513784867618281;0.8583883837966371;0.06382136720504591;285.2525547194418;0.48109902523401793;0.5698807037300456;0.2397391934749138;324819.4465073232;468437.6800364131;118037.432437338;721.243999510951;205766.93540689908;13703.205517951548
2015-09-01;36704.139075556646;1.014488033871713;30603.328483694393;-3.4837440740227885;0.2633665562901805;13.015622332584398;2.2110000000000003;0.7574618397253126;609.8635368613322;94978.6391287563;0.0;0.0;-3280.731217778667;11.962858777377514;9.710830048917543;0.4833707055437449;1.271144442837399;0.34413460313621275;0.14079999999999998;0.002024871130596428;0.8603883837966372;0.06382136720504591;286.80436975482786;0.4812042023666684;0.5698548580014663;0.2392463731518862;329668.50394541427;474531.40786026634;119572.16353554947;474.1815019543717;209561.57938681392;13876.076357473212
2015-10-01;36726.145076422705;1.018366556290181;31064.33144455561;3.068282188260596;0.2643665562901805;13.03604380947034;2.2161898869222307;0.7153571327426447;610.8150482407107;92684.32306637037;0.0;0.0;-3070.7026243134287;5.95213548685034;10.004346092420528;0.48391002287517;1.2413525070527158;0.3455754841124314;0.1496790862414369;0.0038865372147947664;0.861;0.06382136720504591;290.11082059543196;0.4811410396042397;0.5712073963184665;0.2392463731518862;334141.78607338836;480430.4291108079;121053.43175566099;254.40655603686997;213098.33186686665;14045.03993664854
2015-11-01;36670.68926229163;1.0130957671739953;24510.844359055423;-25.467253311249106;0.2652915026221292;13.034092658780438;2.2008382603097885;0.7436777767491617;616.4398121956184;91293.61471270416;0.0;0.0;-4197.492322825884;0.0;9.712636499724685;0.4833707055437449;1.232529503084952;0.34743502510525986;0.15311501867895314;-0.0045119386982178915;0.8629760677434251;0.06382136720504591;293.70837687793596;0.4806155941227891;0.5704982585367273;0.21813723598220613;337223.3450955062;485228.21185515623;122080.82757086611;50.52812910797202;216892.74460864792;14217.003446110966
2015-12-01;36672.94870107962;1.012443434259941;20731.45775774816;8.100786120995274;0.2653665562901805;13.053015893608784;2.1898088184791757;0.7118497176903424;621.1150483558052;89169.74611940274;0.0;0.0;-3254.6752251319954;0.0;9.314082180216458;0.48391002287517;1.2628881721157135;0.3548075568818527;0.15193370368846337;0.0014435595774162694;0.8654641016151378;0.06348803387171258;295.7097110929006;0.4803461564454917;0.5692155252550007;0.21813723598220613;340582.65206184826;490181.680213074;123176.92336621648;182.15068208993236;220709.9527881366;14409.097450275736
2016-01-01;36683.03474036394;1.011762433840662;20951.363583605682;2.0431625447585495;0.2663665562901805;13.075775278714636;2.181220911460056;0.6791511258499947;625.9714423227836;86899.90482803431;0.0;0.0;-3725.1032797246426;0.0;9.275970021556246;0.48391002287517;1.2608942347222567;0.3471179838290945;0.15220188807813176;0.00245623299037485;0.8663883837966371;0.06348803387171258;297.34044844563715;0.4803948764003543;0.5688288223324041;0.23360735341254474;343904.43641677283;494952.5125280293;124277.32266867942;93.21631863119228;224974.34490450379;14600.431201266847
2016-02-01;36688.32420048477;1.010366556290181;19905.936006696225;3.799778178844494;0.2658299986655989;13.087475854362657;2.1714512386351874;0.6748099906591926;632.4722516549982;82733.04168235134;0.0;0.0;-3860.463241177465;0.0;9.301966407754396;0.4833707055437449;1.2481237713788802;0.35782084653714863;0.1472967460305924;0.0029228996570415163;0.8669760677434251;0.06348803387171258;298.7006337242811;0.4804231700167685;0.5692598013223249;0.23738880766880147;347105.0093783599;499750.22721391346;125330.92440551796;93.90434040980905;228909.46479882946;14797.323364695443
2016-03-01;36738.93740297092;1.009829998665599;20133.822426044117;1.6915267510073024;0.2673665562901805;13.116665137606635;2.1883444434158283;0.682918587130002;640.5950551725169;81332.75922877989;0.0;0.0;-3749.873210750208;0.0;9.3020329075553;0.48291002287517004;1.200480184369616;0.37134110432575956;0.15335774267780108;0.001685586443586184;0.8674880338717127;0.06382136720504591;298.2815754572877;0.4804231700167685;0.5699091097208131;0.23960303654825105;350696.0566921984;504296.1798097824;126395.72621058529;907.7465535717798;233160.4986169935;15012.341871944986
2016-04-01;36758.21231477456;1.0094641016151378;20416.30716137743;2.002475472635655;0.2676998896235138;13.143262285020523;2.1927676759327444;0.6903538290724797;641.1586344918655;80087.46929313194;0.0;0.0;-4009.7413732937566;0.0;8.975160084725585;0.4819100228751701;1.2178995412819902;0.37007635121463783;0.1510868240263641;0.003768749322272754;0.8688213672050459;0.06382136720504591;298.09845531244366;0.4803231700167685;0.5698706468112418;0.23738880766880147;354187.90272275486;509011.19764725986;127462.13662104754;595.51209201947;237318.77209352396;15212.374967442845
2016-05-01;36787.34805416658;1.0104641016151379;20318.127693789294;2.5846962363885426;0.2683665562901805;13.159849267751598;2.1921425571796083;0.699023805026355;644.3379829656972;78313.59347399014;0.0;0.0;-3695.9850782164403;0.0;9.452612580546122;0.48049914087064277;1.2047915687260857;0.37106685823543883;0.1522104527774996;0.0014095767173995305;0.8698213672050459;0.06348803387171258;300.15391558155017;0.4802517409480076;0.5694221209281354;0.23738880766880147;357737.30632191163;513723.5371364062;128539.82292132298;437.186882575732;241342.96958419456;15412.17546919933
2016-06-01;36810.10927455598;1.0097217171299706;20094.198232271567;2.3567254910719955;0.2686998896235138;13.18092894623028;2.2034426303552648;0.7009543695269644;651.0596065196214;77205.91469552083;0.0;0.0;-3838.9259431027967;0.0;9.505148259915886;0.47849914087064277;1.1826189877612427;0.3808399745546842;0.15420996688705416;0.0013874507866387545;0.870821367205046;0.06382136720504591;300.3665729024941;0.4802805876990057;0.5716903591372648;0.23738880766880147;361500.2852190035;518385.9335912083;129606.47670245297;1093.9661645028834;245504.02105964647;15604.679908722275
2016-07-01;36769.708192481;1.0108299986655989;19641.400059765743;-2.101764015402295;0.2692915026221292;13.160580830730089;2.2109332916145013;0.6847443940981643;655.5973541579959;76869.79592707528;0.0;0.0;-4145.467208804549;0.0;9.437904423565906;0.47749914087064277;1.157677617639173;0.37669113245772556;0.15555830052442582;0.004015756805667782;0.872821367205046;0.06382136720504591;300.9147232792445;0.47992288470592104;0.5715045676462643;0.222977490985374;365155.683288127;522985.0807372375;130648.74755356196;682.4079497984143;249632.13287777742;15792.106887580574
2016-08-01;36782.764067261975;1.011;19347.68821918867;2.6888160973628703;0.2693665562901805;13.178118280869464;2.2227912125813947;0.6728330508466461;660.0762943077607;76885.1831565289;0.0;0.0;-3948.0154257628965;0.0;8.963455989914745;0.47691002287517004;1.1606600825205025;0.3971007936341308;0.162126131943749;0.001068180776123887;0.8729999999999999;0.06382136720504591;303.29637015280747;0.4796256351380302;0.5737339743392201;0.23848024139678056;368863.5389164885;527534.8713828428;131676.90695280785;800.6447184015058;253586.675533309;15984.385923292588
2016-09-01;36811.0;1.012443434259941;19365.909065432556;0.3040564070676296;0.269;13.1953037352475;2.2512911223249756;0.6691593044902064;668.4557658356871;75998.32291948302;0.0;0.0;-3979.705350795042;0.0;8.948977114901366;0.4749100228751701;1.149319480189385;0.3980527775012718;0.16034954541697347;0.0014259106212998337;0.8754880338717127;0.06382136720504591;305.82303854298306;0.47948144211454313;0.5752187607529773;0.2575635266531411;372678.81619175995;531921.7552073431;132696.9296413109;1177.3171318165937;257642.197381248;16196.66846960057
2016-10-01;36815.00643767931;1.0112915026221292;19388.842771341977;3.033295455781765;0.27;13.209621787609308;2.2625188133984517;0.6686130059198815;673.4169497668308;75274.63797678768;0.0;0.0;-3820.7040736653016;0.0;8.660802336720401;0.4724991408706429;1.1466182968640646;0.3991244592726521;0.1657366659725114;0.002917691453623979;0.875821367205046;0.06382136720504591;307.9502090317542;0.4792476137196133;0.5765045049801648;0.25606505482578007;376433.25579367875;536504.8837814727;133725.32679827625;868.7934889438658;261596.86705246294;16393.783607442485
2016-11-01;36817.83327574291;1.011762433840662;19537.786025990816;0.8243295325858531;0.271;13.22850444563834;2.2848713918678714;0.6634474968323134;678.9765138304059;75239.89832813731;0.0;0.0;-3946.9570158189445;0.0;8.653208863067476;0.47149914087064293;1.1343;0.3999767744660538;0.1674160430574452;0.001236663893508896;0.876;0.06382136720504591;310.7838708549188;0.4792796163094831;0.5756839743346617;0.23475259560009612;380079.86099707335;541746.1714325441;134756.55326623525;955.550062675989;265524.39301589114;16594.185556782606
2016-12-01;36798.04690124812;1.012690435835235;19059.020506914207;-0.2548629256543833;0.27236655629018053;13.247313635040834;2.301882662459262;0.6488711915483254;684.2100197483227;74364.6570402826;0.0;0.0;-3974.543773223805;0.0;8.734042251949624;0.469708279220688;1.1462764595671842;0.41130422472365175;0.1671520444150055;0.0047159304490206385;0.878821367205046;0.06382136720504591;313.62738869553124;0.4793280586653698;0.5771464879546268;0.23475259560009612;384036.29057439935;546165.6749979041;135768.7354316012;1092.0685954944306;269742.05843576684;16793.371628554283
2017-01-01;36802.4630948432;1.0116998896235136;19123.663933668995;2.047524443811809;0.272;13.266313635040833;2.3156025245428324;0.641844410203712;690.2644976997194;75273.96127874494;0.0;0.0;-4088.0673760118684;0.0;8.591443447394907;0.46870827922068803;1.1365398789100067;0.41244511693228697;0.16806777767491618;0.00331930724244542;0.879821367205046;0.06382136720504591;315.8378948519994;0.47934455069315424;0.5787931791747922;0.22474735751389363;387417.7033061818;550703.3959825966;136763.4174823573;845.2791474251844;273661.4260043597;16980.461526364612
2017-02-01;36794.8584433059;1.0088299986655989;19099.005208282513;2.6131648171105493;0.272;13.286047977759416;2.3209826810611354;0.6432409987036266;696.7344616309687;73674.6701150997;0.0;0.0;-3769.02941639917;0.0;8.112597925965764;0.46908800749063506;1.12103619868637;0.4190697076916849;0.17669166416115428;0.00042487113059642805;0.882;0.06348803387171258;317.277628274848;0.479212863078088;0.5783894993664628;0.2166898221824407;390775.98612047866;555085.8731193654;137756.74453823987;492.2868094088571;277607.38284254825;17168.502380117083
2017-03-01;36789.21054738528;1.007;19492.986497308597;3.05272103696727;0.2736998896235138;13.306839729597042;2.337789982652786;0.6537452247983014;703.3450166471264;72683.70895815182;0.0;0.0;-3855.2162149137753;0.0;8.73719699912207;0.466708279220688;1.1083421071737336;0.42522321499797533;0.17307352595222072;0.0039767720376977225;0.8843883837966372;0.06348803387171258;319.3502033632482;0.4789502893223254;0.5789179500012833;0.21763290623975395;394305.12873913965;559529.074816141;138776.25126278095;758.0751201851548;281642.4262344712;17352.024471275978
2017-04-01;36796.70941929898;1.0064880338717128;19197.306563049024;0.8108908538748745;0.273;13.328798451916784;2.3443364778941365;0.6483372091276538;709.9306352047163;72473.59547132775;0.0;0.0;-3902.730545828862;0.0;8.143094778841954;0.46649914087064287;1.0905233182294494;0.427;0.1703517872230866;0.0015681807761238871;0.8853883837966373;0.06348803387171258;320.6073070470121;0.47901286307808816;0.5783876035097136;0.22696621877868822;397594.1470440918;563986.1906028809;139780.5585112458;660.843425817166;285656.95317189844;17531.454682813892
2017-05-01;36807.88848608747;1.007976067743425;19168.193460428804;5.165962132713015;0.274;13.349455876325392;2.345159304490206;0.656176425568443;715.3612704326171;71546.8397747915;0.0;0.0;-3897.3049750615737;0.0;8.167422505079854;0.4654991408706429;1.1131508740788352;0.4262865795200767;0.17320230728280353;0.001358300524425836;0.8863883837966371;0.064;323.3444858191717;0.4787329252342492;0.5793806294387899;0.20844715873804912;401014.3881182923;568422.4344587743;140790.30516660592;492.25009034096365;289897.3689054933;17724.133257348683
2017-06-01;36849.621547844465;1.008;18673.664538057354;3.798215122830704;0.27536655629018053;13.373008571218667;2.364210618221829;0.6470333209967908;718.1322270726886;71609.83566828413;0.0;0.0;-3875.952808438813;0.0;8.369010416572477;0.46309966887054155;1.0744605928853688;0.435570084721169;0.1724437373152921;0.0031229754097208003;0.8873883837966372;0.064;327.4127808117328;0.47845321255065765;0.5806702886328392;0.1655851146697272;404724.7277869416;572846.076233269;141785.30400864474;1016.8508706076159;293993.6846958767;17899.066843926277
2017-07-01;36874.56733834304;1.0104641016151379;18578.52022918275;-0.5031278912643931;0.2756998896235138;13.394451225906158;2.37327473997902;0.6354029308528202;722.7039172273427;71372.0653209373;0.0;0.0;-3722.809660312213;0.0;7.890781103560144;0.4634991408706429;1.0619158675424176;0.44056064340582235;0.17501898455844944;0.00233707055437449;0.8879760677434252;0.064;330.5616375839305;0.4782622174997414;0.5787445775092578;0.16416836731531845;408066.6000562135;577275.2954551218;142776.10683108057;485.89962694093475;298052.79382752336;18092.581818314186
2017-08-01;36905.405091667984;1.0114966653322655;18914.33399846289;2.0128939088433278;0.27669988962351383;13.41407402674937;2.385244909267733;0.6362237461640184;726.4583738053469;70385.23673185206;0.0;0.0;-3766.4854402564006;0.0;8.010701270893502;0.462708279220688;1.0590177073952023;0.4484199931553713;0.1763571025019018;0.0023271057451320085;0.8904641016151378;0.06348803387171258;332.4890478109916;0.478679641773418;0.5774864150794113;0.16416836731531845;411450.56038078887;581722.9671729171;143786.7815221191;472.17383838804005;302171.00599209766;18285.685476262883
2017-09-01;36888.669191907116;1.010699889623514;18500.021457561;2.3592523446033313;0.27649666533226563;13.431870655228167;2.386678570163453;0.6568649345820067;730.4556750345662;68618.219695712;0.0;0.0;-4100.77447213295;0.0;7.995648661445537;0.46249914087064287;1.0649846627461441;0.45166713614247395;0.1823776981498753;0.002004051835490427;0.8914641016151378;0.06348803387171258;333.3757996243469;0.4785744767015426;0.5769341268342117;0.16416836731531845;414702.43555311207;586131.8128064574;144766.32804544413;380.86368029078244;306349.2041348202;18459.985529320205
2017-10-01;36938.79293590489;1.0112915026221292;18406.83022160751;1.8544598053599075;0.27749666533226564;13.453797343766736;2.3750294032886923;0.64489846668376;738.5929997163121;68263.12333195249;0.0;0.0;-3866.5988692636665;0.0;8.399879898883867;0.46249914087064287;1.061758061664198;0.44739715373057676;0.1804085661871741;0.0015489995996796795;0.8927217171299706;0.06348803387171258;334.8896299309986;0.47822574764157605;0.5754771194441661;0.13701180827882972;417753.17434069817;590505.7742871552;145745.82920085554;191.10973110633083;310472.99188080075;18638.847632628764
2017-11-01;36894.7163038553;1.0120957671739954;18552.841463395125;1.425036823839776;0.27869988962351383;13.449779666977614;2.3676700679091653;0.6433986754821661;743.0962215103131;66975.53833882167;0.0;0.0;-3855.7666242666205;0.0;7.895071870964503;0.462708279220688;1.0549887672896339;0.4585513099275949;0.18224191216850655;0.001437494588735462;0.895;0.06348803387171258;336.25836619816806;0.47841666253511794;0.5727524867681324;0.13701180827882972;420846.5479995518;594906.330133042;146730.097478552;227.916410423612;314539.9401588455;18811.43222423889
2017-12-01;36867.75655554441;1.0119052111277338;18007.596942313314;0.6273422938852267;0.27969988962351383;13.468779666977616;2.357030602688525;0.6279634990227888;748.7354687501021;67024.03047942277;0.0;0.0;-3936.0707382487863;0.0;7.985241501975811;0.462708279220688;1.025995434746354;0.46059999999999995;0.18651100870401338;0.0004344440332263602;0.8972915026221292;0.06348803387171258;337.79979421171737;0.4782679104246727;0.5719165151389912;0.1536885510383919;423753.52032550855;599240.8296145631;147693.1933978861;85.42105754618002;318492.6812387738;18987.398208182727
2018-01-01;36803.370603700285;1.0127495704353213;18523.09115403271;3.651079424328176;0.28036655629018054;13.455646824225031;2.3516700679091653;0.6183366012024937;754.4374643391637;65745.00111249786;0.0;0.0;-4035.3718228537764;0.0;7.571670458451447;0.462708279220688;1.0386462829761496;0.46670368267928575;0.1858781173173398;0.004803807970169865;0.8997624338406621;0.064;338.36299797098775;0.47816253705890066;0.5721677773665598;0.1750362133898215;426805.39985524665;603588.8826826487;148670.13463052374;236.34757736589717;322520.1817391646;19164.873459460847
2018-02-01;36808.12146967905;1.008;18379.989036962485;1.4290059127819288;0.28;13.475575941689852;2.340722190109174;0.6223205113613146;758.1429087771984;65813.5782386456;0.0;0.0;-4065.986723279056;0.0;7.731408867443485;0.462708279220688;1.015736673082617;0.47180812627462737;0.1911280942578127;0.003510403981958784;0.902238544461067;0.064;338.40794871349135;0.4780137667237692;0.569872171712997;0.1750362133898215;429804.5854147703;607899.2123823449;149651.33721792232;111.81408533195629;326494.8737608157;19342.70453921466
2018-03-01;36761.346153359904;1.0089521354868503;17762.264852094493;4.0080270107840255;0.281;13.46622073805943;2.338564635860229;0.578495454169735;763.329308641947;65369.624791538656;0.0;0.0;-3815.7056650483028;0.0;7.480035630084457;0.462708279220688;0.9940839690638319;0.4679692295061258;0.19446377642445964;0.0028194040224231044;0.9032385444610672;0.064;339.56768924563414;0.4776944104041756;0.5714868240263641;0.17401405164962847;432855.7347122376;612152.384249571;150588.10361280327;299.4329599652528;330646.6464064594;19522.39013343686
2018-04-01;36719.06930559388;1.010291502622129;17953.022652718755;3.0776667120181407;0.28200000000000003;13.42703454738735;2.336497422611928;0.5549760677434252;764.6233424118301;64258.42603362393;0.0;0.0;-3873.5263226023444;0.0;7.440155864489898;0.46249914087064287;0.9773985603027283;0.47585273735575645;0.18903142831220673;0.0014;0.9057177978870812;0.064;339.71504748107935;0.4778919323570303;0.56946599973312;0.17401405164962847;435882.40476240177;616429.8354956972;151551.58457451855;202.8942301587917;334669.6230173829;19704.892474516
2018-05-01;36733.38601255344;1.007976067743425;17248.06710199078;2.725843362867447;0.28369988962351383;13.449907041410182;2.3217792719124115;0.554;769.1424930376423;62780.42669261133;0.0;0.0;-4088.2565549327496;0.0;7.052592219557349;0.46249914087064287;0.9724553046549292;0.48257908624143686;0.19260524771754034;0.0032657893217630106;0.9067177978870814;0.064;342.0259401796777;0.4778919323570303;0.5685776767593276;0.19636098242550148;438710.7963474168;620599.0120469932;152478.15385974268;75.96627200795986;338739.11041616555;19910.395601212644
2018-06-01;36707.01433175733;1.007642734410092;17236.13507733849;0.1059866119116688;0.28300000000000003;13.450746883789567;2.310043837975047;0.5645535351865489;775.4326513639976;61061.291863777646;0.0;0.0;-4117.635824166699;0.0;7.1077556919973714;0.462708279220688;0.9435266257667749;0.4921010637896578;0.20426702127325147;0.001756532120732469;0.9077177978870813;0.064;343.31522633192037;0.47767956357724056;0.5677095767173997;0.19636098242550148;441513.94398771424;624745.4308010697;153403.79138271703;74.14974071039413;342577.2207992756;20101.370704849647
2018-07-01;36729.736176671504;1.0070000000000001;17575.633115360473;2.687691837445746;0.28300000000000003;13.445560861636585;2.2966264158316556;0.572675436572511;781.0710244598209;61433.703219792726;0.0;0.0;-3901.3130050652826;0.0;6.987306612153274;0.462708279220688;0.9483579741665594;0.4911690905085221;0.18957933571036675;0.00037177978870813475;0.9086599973311978;0.064;343.97515245470026;0.4780051329381276;0.5678649989570292;0.20440823815435233;444387.5385932856;628958.3473322544;154340.28698262307;180.02987167837168;346690.7278625082;20284.300260769436
2018-08-01;36716.33195591698;1.01;16893.77152831277;4.877709577711551;0.28469988962351384;13.463686989711245;2.302420253692714;0.5581651513899117;784.9793803362512;61241.36190087435;0.0;0.0;-4229.834663215078;0.0;7.12007443535991;0.46170827922068797;0.9505260544453421;0.49503291665038934;0.19517352595222073;0.002103914807282132;0.909659997331198;0.064;343.98098552565114;0.47799384327469563;0.5688104527774995;0.20775265311409843;447465.3671015633;633021.2363396677;155240.76458876824;451.550162734914;350626.03706941527;20472.727657366224
2018-09-01;36751.617537507875;1.0114401693585628;16922.264214016424;2.800891285613479;0.28569988962351384;13.490684725007775;2.2947733583361662;0.5505965362122272;792.4733151240711;60115.34438217376;0.0;0.0;-4159.0394588301415;0.0;6.936296013357334;0.46308800749063506;0.9394243575218615;0.5098007389028084;0.20181998336105336;0.0016675436572511004;0.9106599973311978;0.064;345.23719889879845;0.4778744725035442;0.5679339505467373;0.20775265311409843;450139.0355585319;637481.5623909768;156116.35435298504;65.3097555117479;354493.63779446523;20651.28130794964
2018-10-01;36740.71803767205;1.0073883837966373;16806.464533890074;0.30377178576463165;0.28569988962351384;13.502331125803607;2.286327956639543;0.5577620712613928;797.6369888038171;58554.191662498175;0.0;0.0;-4235.145623342883;0.0;6.791841610603551;0.46308800749063506;0.9435847005264649;0.5103916094006615;0.20054729610545657;0.0010966645807250904;0.9112385444610672;0.064;345.9660002779278;0.47794590172880264;0.5662847118200951;0.2147796139481708;452815.0805884587;641478.2377191399;157001.8963050786;59.44235629872652;358194.1429105742;20833.972555846165
2018-11-01;36761.597440497164;1.0064880338717128;16852.565595681976;0.9507082285395293;0.28549666533226553;13.538916641611543;2.295190809189452;0.5475699291716771;804.6921668817055;57928.17464133095;0.0;0.0;-4228.520634793953;0.0;6.853463604375922;0.46170827922068797;0.9296811279910426;0.5129338982915603;0.20075597940164147;0.0022392304845413264;0.9122385444610669;0.06282136720504593;346.46476369346556;0.47797447670154264;0.56734129401536;0.2147796139481708;455801.6585416234;645447.4446196097;157866.15835949115;475.7865221575389;362146.35844634793;21019.178309351464
2018-12-01;36791.19789308125;1.0069760677434254;16921.872294641827;1.616791009312816;0.2866998896235138;13.562290581784607;2.2969352764898074;0.5417220942133502;810.6345040440644;57685.945861137676;0.0;0.0;-3992.3649795938777;0.0;6.638177162994545;0.46170827922068797;0.9351819733387469;0.5201731933501883;0.2066844992035676;-7.145311798163273e-05;0.9134162371019883;0.06282136720504593;347.8812640488568;0.4778257476415761;0.5665513784867617;0.21655114156840383;458558.52616898395;649453.6394595716;158742.71345435228;230.67754053339803;365994.74481590936;21204.729572097473
2019-01-01;36804.132763227564;1.0064880338717128;16463.836805258077;-2.1055239096889586;0.2876998896235138;13.576535449975632;2.289620276480646;0.5420996688705415;816.6811926577938;56722.08497127731;0.0;0.0;-4198.874270151415;0.0;6.7848957580471945;0.46170827922068797;0.891368235221754;0.5170173118959535;0.2128670781840737;0.001276243384066197;0.9144162371019883;0.06282136720504593;348.32029986342104;0.47760513293812756;0.5664461839725313;0.21824420395702554;461222.75230988255;653411.3600523032;159603.15899025006;138.93864140522115;369893.6997939426;21390.49942709247
2019-02-01;36816.79991993593;1.0070000000000001;16895.311790487707;5.809400909577235;0.2876998896235138;13.599290581784606;2.280133128833875;0.5506977156035923;822.3223741002485;55690.47733238227;0.0;0.0;-4189.014651721297;0.0;6.805468828397553;0.46170827922068797;0.9031687164932797;0.5182377640814847;0.20464773373615308;0.0011832474203976187;0.9154162371019882;0.06282136720504593;348.69183274534043;0.4774564176774055;0.567351767361256;0.2104307024528892;463941.86043403036;657507.0888451381;160512.39040833974;30.64245680736591;373649.7156384981;21580.19851218462
2019-03-01;36825.148796955255;1.007976067743425;16602.85996088415;3.902738310814602;0.2876998896235138;13.618469128766352;2.268251920463335;0.53872209421335;828.721241317099;56057.82903370704;0.0;0.0;-4094.304932063657;0.0;6.1428977772308375;0.46170827922068797;0.8756229754097207;0.5228458534073251;0.20935073837362045;0.0024435595774162694;0.913762433840662;0.06282136720504593;349.19375978298217;0.4773077030311678;0.5680641839053462;0.20487229530553053;466593.2293578164;661486.298659792;161387.59156089328;66.03091682015287;377822.5027678372;21753.075533369945
2019-04-01;36826.90583919193;1.0064880338717128;16009.13628916956;1.828118050520216;0.2886998896235138;13.636263576125057;2.2578411557133244;0.5423666389350892;833.1824148766115;55038.40017876463;0.0;0.0;-4230.771300035792;0.0;6.081354855984612;0.46170827922068797;0.9000392715240118;0.5278247446806204;0.20850847472837578;0.0006416237101988094;0.9149282032302756;0.06282136720504593;349.75772013956134;0.4773564176774055;0.5696757763874797;0.2054354755489133;469206.3503675971;665395.228270147;162248.92491406962;60.70206999180966;381673.7874284189;21933.869261295637
2019-05-01;36833.14348788976;1.0058213672050458;16120.729254975122;0.750105106412188;0.2892915026221291;13.658884803245215;2.2618917232637856;0.5419072480941475;840.3831552208383;55119.93408029873;0.0;0.0;-4260.423319562316;0.0;6.292449103592843;0.46170827922068797;0.8745377671976139;0.523834567760141;0.20946700679091654;0.0015179526871445634;0.9164162371019882;0.06282136720504593;351.78338075595616;0.4770968896432237;0.5711179838290945;0.20622775854410816;471983.58371987316;669234.0161543385;163113.35645549584;250.51017281042203;385554.487875826;22115.535218822344
2019-06-01;36820.252063840584;1.0058213672050458;16441.347703978983;3.6237064410806483;0.2884966653322656;13.657098848509069;2.2633370368846335;0.5154880338717127;842.6252731790325;54209.1746791537;0.0;0.0;-4346.902465841086;0.0;6.127753522903717;0.46208800749063506;0.8967473123477873;0.5338351061322221;0.21349645695134295;0.0029809990659192525;0.9206818077612389;0.06282136720504593;351.9666162784715;0.4791795591619151;0.5707956611333798;0.1952334563344238;474780.4379259869;673032.2084752987;163966.15110116027;307.4521554877712;389417.0725758871;22303.837261848104
2019-07-01;36822.558909829364;1.0077217171299706;15678.176635335632;0.9194591587159824;0.28949666533226553;13.676866288951336;2.260755116652864;0.5257849645858385;848.8129082689726;53224.12936415809;0.0;0.0;-4150.787040269294;0.0;6.058897649683919;0.46208800749063506;0.8741221499197985;0.5347;0.21145658940312637;0.0012874507866387542;0.9216818077612391;0.06282136720504593;354.46771336277254;0.47920148001976504;0.570614199913813;0.15937024510417447;477428.6590147539;676865.5635130899;164806.0087489804;215.8725541237677;393346.8386842763;22486.35196019263
2019-08-01;36792.89675092477;1.007388383796637;16075.516083327948;2.6460108464232994;0.28846410161513775;13.665095199254246;2.262463318654922;0.5122111025509279;854.5421090656604;52410.1224084897;0.0;0.0;-4242.327257168877;0.0;5.611768863679709;0.46208800749063506;0.8588020445319683;0.5452290747639142;0.22002686609474154;0.0010583005244258362;0.9241655250605965;0.06282136720504593;356.33217258859054;0.47892613891717317;0.5695804139340228;0.1578784821769702;480012.96289905446;680678.7163137929;165630.47392973152;222.70130430266784;397118.8338535749;22671.57329494897
2019-09-01;36793.764636454645;1.0054880338717125;15748.296957971215;0.29834572559342387;0.28949666533226553;13.685633898545229;2.268924822929193;0.5212382529164846;861.1137620717795;52041.99237433402;0.0;0.0;-4219.296119563313;0.0;6.000573191293102;0.460708279220688;0.8303027101147493;0.5456496601357284;0.2186139195038974;0.00336717167852975;0.9251655250605963;0.06282136720504593;357.96907869557697;0.47830471231551197;0.5699686989711246;0.16503014544182187;482722.44635380333;684474.2337643178;166456.42673644223;287.437517105473;400924.78139869374;22853.902133108208
2019-10-01;36795.28119274236;1.0059999999999998;15473.540279069011;3.103279424685309;0.2887217171299706;13.701827319427835;2.264738386504117;0.5074162371019881;865.7357403187568;51942.95329450074;0.0;0.0;-4053.3163004279168;0.0;5.604537369903369;0.46108800749063505;0.8338569897327605;0.5520089377522047;0.21979669886074518;0.002252699641549874;0.9261655250605965;0.06282136720504593;359.30654800963856;0.4783274822875899;0.5691209441581848;0.16751100639585434;485352.5232083326;688273.3827707474;167281.78082653595;213.96083014901913;404601.4418340945;23037.30134457138
2019-11-01;36816.717845795836;1.0058213672050458;15482.738137908484;2.127840248108085;0.2904966653322656;13.719139222671444;2.256542388883325;0.5027495704353214;870.7490470984972;51435.08590653752;0.0;0.0;-4179.355379723782;0.0;5.516039091505871;0.46108800749063505;0.8364490619909496;0.5517194660934075;0.21950999168052665;0.0028248711305964283;0.9256818077612391;0.06282136720504593;360.6235382318691;0.47817869150810904;0.5689485538531779;0.1633615226554212;487888.97155551624;692093.1371885461;168122.68449597104;53.16811476815049;408492.05571574013;23227.129625631846
2019-12-01;36824.39076161998;1.0069760677434254;15574.390796096575;1.464182097514515;0.2904966653322656;13.740337325277736;2.247431266766402;0.5142365958383438;875.880186248698;51158.87555959459;0.0;0.0;-4074.7096905281633;0.0;5.807447978891604;0.460708279220688;0.8134722214186996;0.5538909931258271;0.22294324428247775;0.0015344440332263603;0.9268803387171259;0.06282136720504593;360.3264881896232;0.4780299008151161;0.568843650760993;0.16450757458984688;490360.243098733;695819.9030788816;168938.4784438775;60.3117496570485;412106.4595315824;23417.389325351072
