2010-01-01;33250.633739834884;1.0016994622256552;5260.628853026503;100.0;0.17882916503778967;19.500714818247808;0.09564982991426106;0.0570213633723318;271.13719367396294;111501.58340178724;0.0;0.0;1257602.7072622115;65.3743815992787;74.58073782235383;0.508809986372986;0.4923388786387515;0.13016777572775026;0.08843194578984241;0.44483071565492843;0.0;0.679649829914261;0.08464982991426107;245.29190951558476;0.010878143885933063;0.1777560289082806;0.0;1581.0112266663764;4148.140207305643;186.49384369371853;0.0;15424.878163756877;13.502583089288981
2010-02-01;33305.32447526667;1.006824986938317;8401.257349068757;40.87883317636134;0.19057770876399963;19.17695554182966;0.27857465169527457;0.19278289753927694;268.8243343480826;8874.982862595092;0.0;0.0;1258279.0355846798;186.03838823710547;117.22096652065005;2.0413797738033943;0.5403238075793813;0.4654305389866613;0.022079949108673367;0.45351168134045683;0.005908813260942883;0.6823989244513108;0.08417142372223335;246.72165077835996;0.009157635063255858;0.7621158923985516;0.0;3690.8316654124783;9581.535414628992;482.1647471714135;0.39407445199321084;32755.323624987574;32.50376263215509
2010-03-01;33320.39992846921;1.0093708306241858;11363.016200169352;31.882143369581044;0.1976114695154037;19.059418007557632;0.5482020637559282;0.33845637889155694;269.4277049404708;10816.709815393546;0.0;0.0;1258945.205254671;-56.50377591348018;157.97967020035634;3.833163977475753;0.4942289013083198;0.8255016644249794;0.009599462225655312;0.4612654479887498;0.004991415411578864;0.6844916536049837;0.08277725362210928;237.1176161180285;0.008064475504591728;0.8880913635182578;0.0;6222.27036249338;15293.755941745452;883.9980652701694;40.42777687369092;49503.472970304014;57.25608359057047
2010-04-01;33321.5178915194;1.0123466401061365;12396.906027933064;16.317761896489543;0.20350302905187279;18.946260849828;0.6177342183906134;0.3984249017409382;271.3581565114985;25628.60260534965;0.0;0.0;1265259.506668635;-128.55955241265912;191.23495627782916;4.53257765033129;0.5051157211725428;0.9519743632997831;0.010127863245334698;0.4671549650289586;0.005160737200303968;0.6860887869499448;0.08159931965704423;233.85023027877324;0.006316421310629506;0.9080002713930639;0.0;8946.342781989757;21094.704957963837;1319.999246145861;118.74093285533753;66764.09751676775;84.75418591395326
2010-05-01;33344.49212683595;1.0131105869554424;14534.160761018364;16.139575609874;0.20804824710080258;18.88313575123854;0.8020577497210594;0.4947280441393919;271.94379508172216;31414.619567838483;0.0;0.0;1271709.490280476;-62.520927991223175;225.98384944126485;5.501108366300735;0.48592335664104497;1.187192208815687;0.009177516317249631;0.4788051058743213;0.002541153452528776;0.6873989244513106;0.0803466401061363;224.77760938368635;0.005195226517648541;0.9342254588263972;0.0;11970.675473618456;27210.94128938513;1832.1341461811185;218.12799331797578;83384.68828351652;116.54405098364026
2010-06-01;33319.44265035871;1.0130887869499448;17863.111200053077;23.19940811556649;0.21139046401167172;18.851982885942082;1.1810402630666426;0.6224360320336005;273.8756164083486;34195.80857667976;0.0;0.0;1280895.9805216023;179.83733774086363;249.66935021678356;7.1962870535202725;0.448047108542438;1.6001415196310222;0.0087333908034588;0.4858033396464637;0.003062050415800261;0.6900887869499447;0.07883571347641698;229.696502847113;0.004082306905057553;0.9618109566709554;0.0;15537.26562052758;33956.44335869325;2458.721211686788;350.7246698335015;99628.67557904318;157.14882587113036
2010-07-01;33340.104655222465;1.0153444239441696;21177.618707995487;18.951123219845424;0.213835713476417;18.818531683879463;1.497557985393207;0.7584093850297525;274.8030212627356;44118.32143434694;0.0;0.0;1293544.6793395157;129.4012359144188;262.0810410533978;8.964264340052512;0.4309308046566158;1.9805348264285147;0.009450526242912738;0.4897691868131324;0.0038633309143673764;0.6923444239441696;0.0773904640116717;228.62204871370093;0.002904370682765919;0.9734262180032286;0.0;19762.32288872769;40807.708347450505;3205.7394310456016;725.7298962748898;115217.49502869126;202.3236497255952
2010-08-01;33373.63769717472;1.0151714237222333;23409.63251202006;12.98015705410847;0.21671491376746924;18.79925283166331;1.7631768052835077;0.8365759463581012;276.38056319000646;67442.77606333693;0.0;0.0;1309988.384316322;-7.866437615317295;277.6857874024223;10.006252542238732;0.42450114935695865;2.270915681129791;0.010022325328220687;0.49486634422968306;0.0016881176406988354;0.6937888543819997;0.07509838667696592;232.84144811181005;0.0027369212202501166;0.9772950599042493;0.0;24663.903646144514;47883.6821526761;4029.4901421916993;1140.0641529268507;130568.5759312777;254.0759257050702
2010-09-01;33353.15769153314;1.0155777087639994;24752.194256009432;5.988545624439507;0.21998716046560526;18.801314108728903;1.8240598791356182;0.8656968660269103;277.8058274562149;74520.73204030146;0.0;0.0;1331262.8096183639;-156.5123918724778;279.6990365651621;10.889115615998655;0.42915754245747956;2.3735662770651964;0.010275127113166862;0.4998260048416858;0.001090157651360204;0.6975047570555666;0.07306585353758921;229.7222126961606;0.002565326310626002;0.9762761602349992;0.0;28980.693854261262;54975.18309841572;4902.404384167557;254.9442830729323;145616.12871519206;306.90712029699245
2010-10-01;33369.34491935648;1.0139871604656052;24920.64080865566;4.837883316541513;0.22313322147525044;18.811828140601893;1.777167832160708;0.8793773588672715;279.40037093069253;76535.26001441243;0.0;0.0;1355782.0600326231;-430.33029903660395;285.14203720832506;10.7335825517073;0.4398748920545432;2.3676928656249046;0.012093145530591876;0.5028860698085369;-0.00080357978426208;0.6998284271247461;0.071835713476417;227.52781806921146;0.001242061776704008;0.9744214324428945;0.05104523985629751;33120.372257904804;62016.28930596903;5780.157309280244;23.243381225286836;160058.87085366814;360.4890837167171
2010-11-01;33380.52047219894;1.0126768716422179;25409.86605182131;5.401149881153732;0.2253665631459995;18.816005490775577;1.7473680938622167;0.8759496404551412;281.4918106354501;77872.07320180282;0.0;0.0;1384160.8983618857;-671.983350483718;290.37361910620155;11.036473035523084;0.449671426952834;2.3456332174056835;0.013212873883832781;0.5030407801467798;-0.00020357978426207971;0.7032416573867739;0.07009838667696594;226.62162350537307;0.0008559857397249567;0.9734667123286244;0.10347748007692953;37237.15106747988;69250.44073419094;6653.024917711036;29.812500660479966;174667.80821454249;416.146343416504
2010-12-01;33394.37750503542;1.011021363372332;24537.730978055526;3.6269002049897976;0.22726194411635517;18.79587054961519;1.7752454123813064;0.9098255610568963;283.93851173836146;77966.81941752022;0.0;0.0;1419052.8035864502;-1308.7260687531714;293.45954273495084;11.283001860075812;0.4536932802122726;2.3398357846924154;0.014114869932417586;0.5105649609256019;0.0036392543899659746;0.7059871604656052;0.06834664010613631;229.24719966214525;-0.00032293611715639246;0.9712829069586251;0.08232016211861369;41274.103636024935;76159.67163452096;7501.811850322464;89.48913994856258;188749.97758227796;476.88346393605633
2011-01-01;33438.50270265335;1.010529822128135;24324.79440003758;2.891133087073684;0.22955450724421858;18.818130133722747;1.7319049178911845;0.939759482069658;286.33411652240375;82784.51264297249;0.0;0.0;1459952.8544482666;-1842.0379904926035;297.9193403049784;11.097436489595642;0.46082025640491436;2.290861495089479;0.01631214034007931;0.5172852918162568;0.0036580540535840114;0.7085607017003966;0.065835713476417;223.04695119092614;-0.0015643729051132821;0.9724318108867416;0.07471118452299126;45265.80453936139;82770.88389052096;8350.873731956513;25.941940912063107;202486.38971174086;538.8969253859582
2011-02-01;33488.29783887687;1.0115777087639997;24515.758140772166;5.429782962796394;0.23244980619863886;18.820925883073148;1.707458011962592;0.9651118547645913;288.85910272670327;81796.89265654943;0.0;0.0;1508221.4649967598;-2000.6219223310081;291.50109685809304;11.423616116785563;0.46831998663993313;2.2903740423723367;0.020521975813765487;0.5275765620326016;0.0017762475119812912;0.7095777087639997;0.06362387057345248;225.16921422289386;-0.002740721596397021;0.9694245728189085;0.0753899057861432;49217.620124575544;89454.61281832689;9200.727540182856;18.3606503760969;215568.73939935828;598.8859809378848
2011-03-01;33485.01360114729;1.012;24999.839745777725;4.46239072590291;0.234210375489903;18.806077086185795;1.703539685409667;0.9867823893845884;289.8263596063709;79612.52552184538;0.0;0.0;1562983.6855588434;-2305.978203921523;289.1630795736324;12.014154380292721;0.47231998663993313;2.3084452254924934;0.021404097720454603;0.5313485239977022;0.0018378559267062727;0.7116472882706656;0.060021363372331805;228.6219811672947;-0.00352950594820788;0.9662896132493387;0.09894283609752895;53258.56117041815;96267.32436751701;10073.353567812599;45.289971990143826;228385.39834079388;664.5288381176481
2011-04-01;33510.66412799264;1.0116114695154037;25142.105865523103;3.408003363750345;0.236572670690062;18.80249954445433;1.689711343861958;1.0126039214743998;292.1355601088284;83783.68140993024;0.0;0.0;1624894.370900391;-2015.1970600456734;298.33451318307436;12.218952817205594;0.4776938483771667;2.278775989244373;0.025332636275292746;0.5324189619181184;0.0013602501563353161;0.7122781361820704;0.057390464011671714;231.89389480186742;-0.005001052777413197;0.9633962656207475;0.10194682455613234;57343.66139388218;102568.71192118632;10955.741708620675;67.53600012973209;240904.31338235096;731.9789778147104
2011-05-01;33520.22385618924;1.012676871642218;25422.688041070363;4.197894620117701;0.23892323225127754;18.805513227050383;1.7556299927298504;1.0366800174314386;294.4601275585547;86663.03906957162;0.0;0.0;1694552.8746071;-2453.3781892777406;300.7059873693676;12.83086341473836;0.47428232998312525;2.281228776413428;0.027775261891697666;0.5358626590863009;0.002469160170741759;0.7152491495713053;0.05405713067833838;234.1475841442199;-0.006086949750451008;0.9633938425082014;0.1401517308540913;61687.01189712287;108995.91522401934;11845.666780139412;378.0855852203295;253345.86481766767;802.5316434805778
2011-06-01;33546.56469531438;1.010794733192202;26744.616473861006;9.79876065061891;0.24136105986042414;18.794068636183916;1.8689739093439002;1.1294722587647488;296.70321903122056;88725.29297306543;0.0;0.0;1773568.99503419;-2516.9157579524153;292.1793070778591;13.288847414650526;0.46732455532033673;2.380923232857771;0.029825165123029476;0.5429769717567264;0.002101190212226784;0.7181332214752504;0.05164728827066555;239.24031920060952;-0.007674677370337435;0.9695561663483058;0.14886731281910356;66417.09582939741;115525.55387276638;12773.607334480166;715.822415887759;265707.58532869373;876.58091189297
2011-07-01;33525.47514372984;1.008799717493834;26894.316754087;5.488953322530056;0.24273878442834154;18.773097576284037;1.9801074469969377;1.1226419321649603;297.92835551338226;89670.76933793511;0.0;0.0;1862996.0581227557;-2726.817442814725;289.29894398035003;13.685321898345917;0.4624169999911116;2.3543696371506924;0.03311131012647576;0.5449107847066998;0.0015208360927132147;0.7193817804600413;0.04883518480430244;239.97374416228206;-0.009430410987827225;0.9684844721928495;0.16186528660085198;71111.89975819194;121971.33519768332;13716.079185230536;669.6662444223203;277978.7024046228;953.8216402502298
2011-08-01;33560.07558319016;1.0109326529903775;27889.390100380577;6.10632825633;0.24373878442834154;18.777044316530908;2.058523953954502;1.1428493230286976;300.0374056076666;95593.54743414269;0.0;0.0;1961719.0209667974;-2767.591857981247;283.11421461967245;14.273472306071513;0.45982221191506023;2.4119938802660617;0.03650881326094288;0.5490187602474724;0.003129473623449063;0.7220596442562693;0.045797848902621244;239.89305544855137;-0.009835200522959567;0.9686274803714757;0.14968797485543422;76113.91733397724;128211.04290595977;14685.912409439234;910.6447154962381;289685.24341063504;1034.055386509914
2011-09-01;33568.303021353524;1.0115030290518727;28581.99484531905;4.322133496263257;0.24573878442834154;18.777982001611065;2.082730430207522;1.149336344042162;301.7052352064498;97303.21206907729;0.0;0.0;2072305.4534107903;-2770.7741163600404;277.89577222925175;13.82421873310122;0.46145652491041056;2.426637683843402;0.039586964070407016;0.5506149357562957;0.0023127831766816894;0.7231685181376357;0.04271491376746924;239.51880644642932;-0.00883781238980193;0.9641877898047788;0.15655271103616392;80759.53687360176;134598.01364740042;15681.091412127693;333.83189172900734;301042.7183491034;1109.5417437764963
2011-10-01;33597.09464840606;1.0114916536049834;29390.991987441797;4.680370312337969;0.24700605810374554;18.787668351376187;2.1197526283280776;1.1117874431079082;304.14045665716867;102416.14894434932;0.0;0.0;2194623.344947868;-2831.608368345869;276.3944018903081;13.882408372035924;0.46086530598075515;2.4493510997817833;0.044838740947792236;0.5469352702472118;0.0022253746638319066;0.7262616541295526;0.0428363623852061;242.15824096281128;-0.00867729735932015;0.9605664178965926;0.14629322464495176;85529.14270714589;141098.23016860243;16695.79466919923;412.700405151877;312150.40865797433;1187.8524540706794
2011-11-01;33605.98536454758;1.014342847444467;29403.961655920884;6.073872013073984;0.24792323225127755;18.78018453950017;2.139028377335903;1.133889173021793;306.4054658404381;104202.46597604066;0.0;0.0;2331518.941112855;-2867.5033703770796;264.68069715208975;14.153465867628102;0.4621428165121521;2.410766058122049;0.048126613044146664;0.5469605985448132;0.0038154230349280575;0.7291555452483934;0.0441072854466199;240.84322308501848;-0.008509079030987219;0.9598390680910353;0.14568778767229074;90105.79426587776;147610.3378169201;17696.25682830996;252.24491964400573;322987.226450233;1268.291906943634
2011-12-01;33613.57748557036;1.0120887869499449;29911.890699985615;4.724252947286344;0.24903518494709675;18.791229748546105;2.1619830399364894;1.1414580189867414;308.00967968556336;105294.22357129908;0.0;0.0;2485816.4817268006;-2965.9848986094007;249.022922018849;14.434959240884327;0.4621428165121521;2.4149718306038066;0.05108147152384187;0.5485508994494972;0.0038077058029430005;0.7320836666577781;0.04479784890262124;243.8477959769257;-0.00845418156600079;0.9604324357284092;0.14374246899751775;94834.53067573623;154102.2346964274;18734.615609409822;314.50940750819314;333565.88894141413;1349.5044641500026
2012-01-01;33607.7078286794;1.012190890230021;30865.36361909162;3.751497074735016;0.25033809361950066;18.786723694145646;2.179804958550686;1.1431604054363156;309.88444085013106;105315.23060923234;0.0;0.0;2655131.591402659;-3151.4686495744027;251.9721145947358;14.269530195420371;0.46244980619863885;2.441323518708479;0.05732558498362548;0.5451218981605497;0.0019156303403678747;0.734210375489903;0.04583518480430243;246.18586509499946;-0.008243789055016404;0.9609028987959489;0.132642830526947;99604.57594229247;160461.93549248105;19809.553443384255;210.04701575637898;343752.83853900636;1430.6057141954216
2012-02-01;33606.72146479906;1.013256809750418;31476.461797234027;3.4671819204451255;0.25133809361950066;18.785233897053644;2.1918510328623793;1.1500935609995122;311.69880380504804;108075.16599813267;0.0;0.0;2844815.7432658644;-3224.3970085635992;224.3693775360947;14.503370590128647;0.463210375489903;2.4351722744567725;0.06044360320336006;0.5478197231657314;0.0030298174759885894;0.7372229390308074;0.046560701700396556;246.97514179566426;-0.008243789055016404;0.9603899790794064;0.13927534360295907;104450.44253622316;166909.13693488893;20899.14949058182;252.82003036458428;353688.1203384543;1510.8207347867497
2012-03-01;33620.25991436353;1.0150482471008027;32565.294922870915;4.459181575553433;0.25233809361950066;18.810287169381745;2.2341128955269838;1.1595592674213453;314.31832434680916;110682.30976864035;0.0;0.0;3053447.101669285;-2887.5972855732507;201.18450357390176;14.418901620298598;0.462210375489903;2.483905414041379;0.0660068584925164;0.5463374752301864;0.0038424362963364127;0.7395142711667001;0.047983307209967165;245.2155819057172;-0.008193035001577892;0.9597345874847918;0.13927534360295907;109692.77745466045;173571.01083699378;22029.95172554295;556.4832438783171;363275.38730979455;1592.2531869766083
2012-04-01;33656.37026524337;1.015714913767469;33180.18815690018;4.193512181876449;0.2519543354299403;18.825798576507946;2.2118116704127506;1.165667160685285;316.733997440468;110831.81329304345;0.0;0.0;3286094.925000822;-2852.214415867722;201.17776313802813;14.031687346566514;0.4653245553203368;2.459011000968077;0.07080999432462926;0.5479602587403851;0.0027272747938818227;0.7424298275349385;0.04829176829167535;245.4465022895922;-0.008193035001577892;0.9605151673805581;0.14415496617205464;114602.78320034043;180190.5950560957;23189.75803455303;51.00191226744026;372624.1096638521;1673.7130224789662
2012-05-01;33645.015701460594;1.0145331501776205;33393.90388024403;5.114221385409441;0.25332455532033676;18.830148984827577;2.227444601298461;1.1333188876241704;319.8257585935673;113902.65000211247;0.0;0.0;3540805.977492432;-2793.399438924013;190.03795629486868;13.867973220996113;0.4661986393140885;2.420078566198702;0.07740530259697193;0.546632026535522;0.0015138159655007808;0.744478757111038;0.048983307209967165;245.3604722755009;-0.008109707156881538;0.9604611363032315;0.15161463473622394;119753.34586871913;186951.3726262268;24356.201632607048;354.2306008287577;381940.28359001555;1755.5423628906217
2012-06-01;33652.81848477293;1.0166472882706654;34644.20907939279;5.777826502039314;0.2555706886093089;18.839129475211838;2.265444092649946;1.1564371466441659;322.441042146841;114786.05422705246;0.0;0.0;3823012.6216281536;-2510.7918700798364;179.6509313763373;14.077692950636257;0.4658653059807552;2.4431745446957427;0.07761165508929964;0.5497592606967626;0.0030844788591129217;0.7464513855013541;0.049649973876633835;244.9687443598632;-0.008111405749147635;0.9606012116207492;0.1820741859104174;125095.40262842696;193681.86480872871;25565.7214445083;408.9729618167525;391053.65069698927;1835.3804895388926
2012-07-01;33651.58165250039;1.0172416573867737;35350.466081143575;5.118607493043484;0.25679743547584716;18.83121707924407;2.274742401428356;1.1342671110265508;323.5587379010386;115213.75999518867;0.0;0.0;4134620.787407009;-2750.393697326479;169.37558927061332;13.916881565194203;0.46815541752799933;2.4546666982922165;0.08774554845036109;0.5431808050906662;0.003258122700871934;0.749266360849834;0.04979988814191712;245.5238488186935;-0.008103147806513592;0.9611429490375364;0.17411977722897776;130358.11993512436;200330.34592687324;26804.6624138382;178.23130035001225;399876.5393559565;1920.0035162482827
2012-08-01;33649.30159969167;1.0168284271247463;36828.57458703744;5.9653734936289045;0.25779743547584716;18.819567837335097;2.2797875342625193;1.1296176159409346;325.5311949843755;117206.93412843264;0.0;0.0;4479249.071353838;-2595.8681589088724;164.29113816577552;14.001911254580722;0.4700351849470968;2.472902736266565;0.0868308813999342;0.5472935912361104;0.0042820629291433;0.7510749945817057;0.05029176829167536;247.56978389571424;-0.008136127860476329;0.9609075792567685;0.1528215268892967;135863.91939357587;207355.46751371268;28097.31485355864;217.57709925930146;408637.5517873952;2003.5502666900616
2012-09-01;33664.88700443166;1.018464515569288;37516.15075973695;3.2297030691768884;0.2592082253878766;18.829712098931964;2.266279683016787;1.0621627748423714;328.45423356160467;117625.10850945275;0.0;0.0;4861291.528854962;-2971.271270639644;136.5604953024074;14.399251418194515;0.47342982753493845;2.4278944321066795;0.09374446712015654;0.5460654849148026;0.0026163636154909057;0.7530663003552412;0.050983307209967174;250.93135859280017;-0.008136127860476329;0.9604754797514825;0.16037177938568756;141319.97821154338;214402.6067089165;29413.78401566808;68.82198817990718;417324.7764249051;2087.478517308046
2012-10-01;33653.597086777816;1.022210375489903;39415.9814608108;5.36320109925897;0.2602082253878765;18.837885871411732;2.244865316393652;1.0485509276797282;330.6127402632551;118712.68676405506;0.0;0.0;5285351.817464917;-1956.0488499867402;124.39184658099981;14.275059002509641;0.47729993026468776;2.4762481272730903;0.09955972355101772;0.5481496820489491;0.00892697508262097;0.7563245553203367;0.05079988814191712;255.55215793423048;-0.008080768359872863;0.9612282156794564;0.16013670900299948;146919.85555820935;221562.59460738255;30790.070211253107;17.22275163476911;425254.1701215438;2170.335577776613
2012-11-01;33677.20723423396;1.025523308259105;43511.88406820135;12.58570591670899;0.26119756061276767;18.859889144219242;2.2350468183693954;1.0422010928880163;333.26104645850467;117959.10657890176;0.0;0.0;5758404.696840393;-2097.9734365620634;99.38789804635408;13.716101646006232;0.4800993826925266;2.430055345778155;0.10306756268085081;0.5465875427927452;0.0047932140864487115;0.7587416612483723;0.05212138772902209;257.812545803791;-0.008070614577891898;0.960780402739134;0.15725763848370533;153064.33808496012;229200.6217623246;32299.755712242953;69.21167829996139;433313.4617341365;2242.293506264242
2012-12-01;33673.0366417931;1.0180351849470965;42543.344883151665;5.8192413620881265;0.26219756061276767;18.865242526577003;2.2359013274238824;1.035630260581975;335.0031506300009;120754.23735805499;0.0;0.0;6282733.36612279;-3054.2185627250765;79.5127892700489;13.506745741240378;0.48297376739219444;2.4446337595532484;0.10629155159024291;0.547244689796183;0.006714221937617455;0.7619095641645282;0.05212138772902209;259.47038832131244;-0.008110455721683072;0.9605905292825239;0.18271286524676592;158974.1077807624;236671.59470592087;33748.52335543407;79.1019302045971;441169.00278737437;2303.708719964745
2013-01-01;33670.43716683331;1.0119489167943412;33667.937946695565;9.241068428136204;0.2632082253878766;18.867103412441313;2.2248665684830105;0.9930111102539044;338.02228678983744;122257.00635190663;0.0;0.0;6863403.810467536;-2697.1167284241437;64.92705044403976;14.796691120909713;0.48458946638440414;2.366831505572454;0.11065681962514523;0.5469381407050804;-0.0019511142811872197;0.7642565655846109;0.05254880939982742;260.2934827229278;-0.008153912464204894;0.9601955137713366;0.183353097008152;163477.62293122968;242794.2759598659;34836.984089040925;61.56912036106861;448894.895920712;2365.873036508129
2013-02-01;33685.52014375139;1.0088357134764172;32721.90033192264;4.63973109095544;0.26419756061276767;18.879998856013454;2.2139510978254298;0.9951405244986541;340.12884627311735;119421.89241011215;0.0;0.0;7509301.833987048;-2502.873414177913;47.39571468680083;14.219987455808786;0.48589623557958717;2.4333904287573564;0.1155422219365161;0.5465437456235407;0.00410739786176916;0.7666941536246685;0.05312138772902207;263.5476908965459;-0.007908571708793374;0.9604236344872872;0.16482025532150196;167525.82339676592;248561.60410242502;35801.82582010335;68.4768580368081;456235.1960965307;2425.4331948397366
2013-03-01;33694.387068090735;1.0087947331922023;28211.290044831825;8.214071534619226;0.26453220330866806;18.88234313235659;2.20488272175168;0.9514792005100009;342.4185243402282;117915.1232194583;0.0;0.0;8223272.5521561075;-2667.7319487372692;42.63491130503876;14.127872680494718;0.48725656558461083;2.362451118362242;0.12340393322486001;0.5481715363248929;0.0016165476152512155;0.7680060581037456;0.05312138772902207;264.5196903102361;-0.007868000242512434;0.9606808391602611;0.1871781834821275;171513.23605751607;253997.10899178282;36754.06239335129;59.388395778504936;463736.90688501456;2485.665867025012
2013-04-01;33715.358904795685;1.0049831632475943;25952.539952404037;4.83308288598014;0.2651454237777047;18.89356852111249;2.188032492577669;0.9063874979648323;345.2200628979203;115313.75639091211;0.0;0.0;9013275.278560797;-3025.3150481846005;40.51775349500571;14.154554643924465;0.4888875815862481;2.332652993722163;0.12571216586911027;0.5474578445759648;0.002911885841383504;0.7706731266966811;0.05382025640491431;262.6224139944335;-0.007810635546092167;0.9610983330488222;0.1871781834821275;175230.62503627193;258996.63374205783;37645.71903561733;42.50524233374969;470990.4323555292;2544.253672204815
2013-05-01;33722.485916800164;1.0075047570555666;25640.092720318764;2.01514742480907;0.2664665938861159;18.903098589338228;2.188825922265992;0.9240932330364209;347.8846277004065;113173.54433824902;0.0;0.0;9885901.572940968;-2812.7138491319224;36.593085831175024;13.659142737805766;0.4882229390308074;2.3031336393460813;0.13400663522008205;0.5487434791117514;0.0024681387789135577;0.7732145708932399;0.05433461525820528;263.4819959779143;-0.0076621079975610525;0.9610323286634217;0.1871781834821275;179059.90352301174;263994.29175507685;38536.08878551239;246.03887046784357;477778.0720065479;2600.0597161276937
2013-06-01;33731.85787516532;1.0077554536166116;25883.608317435086;1.4839813477346633;0.26673878442834154;18.911065101607484;2.195164294485123;0.9151023702524661;351.06871372200834;109777.69027353355;0.0;0.0;10850934.743093695;-2533.5381862783875;34.01611666216315;13.219086109990869;0.48789623557958717;2.270177552713899;0.13764242856138345;0.5467232941497667;0.0016776375169634946;0.775247741146905;0.05419677335393186;263.87841363995864;-0.007624297450140692;0.9616471487729444;0.19426033405239201;182942.89023292615;269018.84766573965;39419.5233077841;367.08846279138425;484456.8707837607;2654.609565164246
2013-07-01;33716.88722979573;1.0080374972908528;25701.457355168808;4.295468239949356;0.2684665938861159;18.904784704433066;2.228096943180436;0.9061762700140981;353.45643844781443;108047.77771528868;0.0;0.0;11917257.450970087;-2743.3512244152016;31.90051126480468;13.06159693082923;0.4852229390308074;2.2330722305578634;0.1436509090491732;0.5468295434228522;0.0028318233766191354;0.7761679998933504;0.05504217089351844;263.2600835651114;-0.007506392958931545;0.9619493788010702;0.19822756113338108;187103.66859404973;273811.86169364734;40280.04980072882;837.0664794263271;490929.1827980788;2709.952407479066
2013-08-01;33718.38957232305;1.0067888543819996;25195.172959290383;3.0828446484624425;0.26892323225127757;18.89887153565497;2.2421820381228987;0.9137841674645834;356.3280654264467;106704.18560746557;0.0;0.0;13096691.443717431;-2713.496625878778;31.026181089100923;13.307527135893782;0.4842229390308074;2.2139270608477823;0.14854840459688193;0.5476536085821033;0.002229679360750245;0.7783997455433669;0.0548202564049143;261.73343588051864;-0.007547417176692665;0.9627716301391778;0.19891495735700987;191064.1390884905;278699.7816813819;41150.020910288185;463.54564574108167;497408.99827942543;2765.865888110323
2013-09-01;33719.1212179068;1.0086472882706656;25697.60608148221;3.5574831433807717;0.27006306816047565;18.90502873405049;2.2452779205939986;0.9259894729551402;359.5289312799766;105737.45873169372;0.0;0.0;14399706.43220441;-2487.8740655660868;27.16322621465788;12.680715133202883;0.4839565407529229;2.180703891354723;0.153948827300528;0.5474424120732581;0.003449794320840635;0.7797330578465356;0.05533461525820528;263.5526654204571;-0.007547417176692665;0.9628365765757106;0.20670905290936775;194926.2108915664;283556.3662088779;42010.456344050726;411.87103309057204;503830.3367832832;2820.2318841324636
2013-10-01;33736.414034080706;1.007256809750418;25473.740683377735;2.1026311686080086;0.2710964942016052;18.91657340796209;2.2419806722684497;0.9120260646663516;361.8580739493605;104859.38490759867;0.0;0.0;15835372.996755993;-2400.9701137926204;24.250595027848718;12.35897718386104;0.4839565407529229;2.185014122722544;0.16027133226278642;0.5477798310556674;0.002179126587671943;0.782490875790813;0.05533461525820528;264.55786211856724;-0.007484770381982462;0.962183589736004;0.20441112143186885;198571.91721524383;288332.1430422872;42854.74744486881;236.75990321839916;510056.95260813483;2874.866725656144
2013-11-01;33735.247659415254;1.006949489742783;24912.859167722414;2.0339229544402526;0.27137563556583433;18.915533950777583;2.2332764030016508;0.9020389083830264;365.81186589677907;103864.37863947121;0.0;0.0;17424012.847529653;-2223.879686102451;22.109484469732866;12.078688419698478;0.4839565407529229;2.1888902553203375;0.16118471417675836;0.5507324102172924;0.0020342559872833935;0.7838666002653408;0.05533461525820528;266.3799456425726;-0.007477048630107995;0.9623175085180019;0.23552254043869567;202216.32643103512;292976.912544653;43709.83782841872;186.67604540030646;516260.59438402747;2928.0825406620925
2013-12-01;33726.96699974347;1.0075331501776206;24721.54261188907;1.6705666769284897;0.27283163247594394;18.92933948495139;2.2180537010847305;0.8923445547915089;368.6315090652775;102142.10821516454;0.0;0.0;19178626.95248394;-2542.9356517525985;22.57177147554345;12.314130263212185;0.4852999302646878;2.1831997146560265;0.16706606777837285;0.5488197370420229;0.002107345557083193;0.786033271832509;0.05519677335393186;268.6645603983058;-0.007477048630107995;0.963290694158009;0.2187160705784425;205707.8589372871;297574.03567543556;44546.76103711248;99.0998058794626;522284.5736370541;2980.562424399493
2014-01-01;33729.24229286261;1.0083466401061363;24858.768724763268;1.5584503826417333;0.27183163247594394;18.94789729562921;2.2176022506545165;0.869392640033114;370.7869943262294;100035.00874842485;0.0;0.0;21120363.2629302;-2453.980027094743;20.322570364583182;11.78841714513214;0.48453220330866803;2.0957470235880233;0.17394838404801294;0.5463883779862623;0.0028521101216414796;0.7879442719099992;0.05479837374184512;268.9280783121588;-0.007349039665256854;0.9632057113732334;0.21371263023523235;209293.8896218223;302201.446975482;45373.99695868485;274.461909413276;528342.9927248611;3032.337234349338
2014-02-01;33732.16047609093;1.0086777572775028;24638.783112301153;4.454708781321103;0.27083163247594394;18.95516397719154;2.2066971128061947;0.8846794271757378;374.37905989468896;98839.41168265289;0.0;0.0;23262393.165506758;-2536.2815987198614;19.250920862562808;11.330313469142821;0.4852999302646878;2.0649799191737395;0.1806954413816794;0.5463747374408239;0.0017587666023048374;0.7887704292512541;0.055533241251599336;269.2270452228502;-0.007349039665256854;0.9629886202438841;0.21645523957498958;212719.04691951914;306856.2936588948;46194.667789333595;95.70128561257239;534100.9832226798;3083.983978658665
2014-03-01;33738.987254460924;1.0086777572775032;24835.080427995024;1.7585582355336409;0.2699616783205225;18.97050379186177;2.196022871612715;0.8675320657715688;376.877714196442;98829.36146654462;0.0;0.0;25628267.21577945;-2163.679441592988;16.304035008217664;11.139948625867962;0.4849565407529229;2.02928029970115;0.18261269888440765;0.5465093306681894;0.0016904010564447979;0.7908768140056426;0.05539915248150104;269.7769173756644;-0.007424297450140695;0.9613849272600794;0.23063211454874022;216074.05377361155;311366.3524802587;46999.60847269036;96.16114173564594;539832.1259485793;3136.223656458802
2014-04-01;33757.38547181909;1.007732257784644;24446.548254401663;3.039949865738054;0.26885437744847146;18.98509476391476;2.192366117373001;0.8584739258131348;380.12828928119586;97938.85275136682;0.0;0.0;28242094.1609237;-2328.948980000236;14.807453755063857;11.114335208570504;0.4850060581037455;2.036969257817726;0.18623895270045981;0.5466870451789468;0.0017484346240266176;0.792247741146905;0.05568884788833931;271.74862232184273;-0.007274697463888931;0.9606267596219197;0.24743234761177585;219477.93677156162;315918.28868690546;47809.98154498907;145.2114868947582;545506.550692353;3186.4086886408854
2014-05-01;33776.08102709623;1.0097998800943717;24755.89217554582;7.540402065839246;0.2675434806723091;18.99654392050265;2.2019604889499944;0.8796569828337009;383.21981961072663;97747.7249977911;0.0;0.0;31129804.35063158;-2013.7035791040792;15.158382260729894;11.051470941457533;0.4840060581037455;2.0561549983519205;0.19392826538246036;0.5477192549339164;0.002892042148291116;0.7943808315196469;0.056334615258205274;272.74616365338926;-0.0072563975859628056;0.9605751307548185;0.26442836640575873;223166.3183652067;320500.49425109755;48631.09891547549;434.1287161084332;550775.2630327702;3239.1966725831544
2014-06-01;33800.68848469177;1.0086472882706654;24667.354236549145;5.232476946309313;0.26654348067230915;19.019929992030708;2.214558311349195;0.8684049329370644;386.2008515389271;97933.62965126545;0.0;0.0;34318781.027003765;-1965.0252927380413;6.4984673181908565;10.530994993397524;0.4829565407529229;2.0106863978878438;0.19882270320020173;0.5482288527782434;0.0021886367667150056;0.7965011493569587;0.056334615258205274;275.93330991822256;-0.007303443098042096;0.9604281102819235;0.26768976042630543;226837.8784499874;324901.6830458476;49451.93838276653;432.9848495792154;556476.2079443343;3291.363910657732
2014-07-01;33818.17366125415;1.0095777087639997;25049.566267308823;2.63778419916036;0.26483163247594393;19.025150551446416;2.2574352841148926;0.8273033476111609;388.3238519221453;96758.5467229144;0.0;0.0;37841959.24689784;-1796.2256055340044;5.464049892448311;10.779694423409552;0.48000605810374547;1.9625474939709102;0.20859343591751167;0.5477270433232645;0.0030780941570722423;0.7977159662411929;0.056334615258205274;280.64031174091616;-0.007303443098042096;0.9633530232453319;0.27076429610088637;230905.60241546758;329490.17702358175;50265.21230144584;908.5235486631667;561842.9844710858;3343.07552956968
2014-08-01;33813.94587480931;1.009370830624186;25145.901046207084;2.0420034251063046;0.26383163247594393;19.02025136458909;2.2776571422854173;0.8508547064209422;390.81730761209906;94064.88676514928;0.0;0.0;41733742.41213069;-2079.47139338824;1.3784568311354466;10.210511251874491;0.4780351849470967;1.9455963440108175;0.21518708973020947;0.5472137357209854;0.003318408573709066;0.7983997455433669;0.056334615258205274;284.7102368366315;-0.007309485523045718;0.9630024639336662;0.264369891017124;234639.01517620895;334084.48659492726;51072.37270520972;633.2311248492915;567148.1610735576;3394.976767434447
2014-09-01;33813.79609147932;1.0085047570555667;25303.58763002766;5.071303426504902;0.26296818168776764;19.02148652450073;2.2886240560963023;0.8555705793653011;392.5055379528084;94422.0172458625;0.0;0.0;46032634.02407283;-1804.6245996266653;0.5800663160806917;10.125278410992633;0.47767272477041217;1.9136832690466166;0.2197217777715616;0.5458562273754206;0.0017962499521182863;0.800331760866328;0.056334615258205274;286.27813031814435;-0.007362254882500838;0.9630897283724841;0.24714074726349003;238153.60906807613;338546.5506630979;51873.82930254281;325.89058106069297;572425.6488509685;3447.926945865028
2014-10-01;33809.27999288699;1.0108358966777358;24828.964311111777;5.497705244737223;0.2619681816877677;19.030408487212693;2.308949423831748;0.8273688783601477;395.6318806125039;94515.47660010235;0.0;0.0;50780363.53229187;-1809.5575426186297;0.009831632475943928;9.916141874322467;0.47615541752799934;1.9046271836333215;0.22305876445666556;0.5478485175033089;0.004222388964355875;0.8016919616099507;0.05619677335393186;288.1652652199614;-0.007362254882500838;0.9624705035338831;0.2650859861223781;241850.5260739185;343083.1827882399;52708.216993718386;505.78520275540706;577479.3507593464;3499.186825898394
2014-11-01;33819.524151571124;1.0091105869554426;24784.093014941172;4.7914847659927915;0.25983163247594393;19.045044470628103;2.313583356545958;0.8109669191913155;397.95528260123734;94953.16197744968;0.0;0.0;56023548.36801043;-1519.5481618424815;0.0;9.589390319443295;0.4752823299831252;1.9188686742927603;0.22909365731006964;0.5470553206331467;0.002491101054861488;0.8033076542645439;0.05619677335393186;290.7143005083754;-0.0073217296235385506;0.9623442999459609;0.26359713089359066;245508.7672838327;347692.5059751219;53565.57782944469;301.7234493854511;582565.8222851153;3549.702677318139
2014-12-01;33813.54529490437;1.009786335345031;25814.8184925177;6.5343279265267205;0.25924070935336485;19.04818533877653;2.311192588859481;0.8063566070936535;400.3561375765297;94515.05982321713;0.0;0.0;61813802.16251318;-1844.13384432794;0.0;9.167833050430445;0.4753380936195006;1.8678864532107964;0.22770769463869442;0.5474898726020367;0.004158723187466723;0.8047704292512541;0.056789858243743885;293.28037030936366;-0.0074362975166272155;0.961912797005144;0.28138721653357757;249009.94309865462;352353.15260333876;54402.817956744395;155.73252568247605;587358.0412639594;3601.9948579183647
2015-01-01;33807.92849336455;1.0075954451150102;26186.21955646097;6.404070748341645;0.26024070935336485;19.048413352517628;2.2989677022211468;0.7915172388174411;403.31545748720714;93452.27781804523;0.0;0.0;68208655.3248638;-1776.3770759628364;0.0;8.858501555787377;0.4760060581037456;1.8762330748154157;0.23283087456420146;0.5481606270408921;0.0025707387261287235;0.8060067346935826;0.056789858243743885;297.25252158484636;-0.007340491836325544;0.9624135468171838;0.27021275851926607;252478.90362635412;356991.1730842741;55258.78726211983;73.72271196738069;592083.2487196956;3653.3787228914825
2015-02-01;33819.23171469812;1.0082649110640671;26723.435111564824;4.077673813599015;0.2611214034007931;19.06089912018448;2.2911856980540803;0.793575447510507;406.3691095000323;92679.68141839142;0.0;0.0;75272166.60164261;-1605.7677163443238;0.0;8.889883304001;0.4765706886093089;1.8463852708008508;0.24152590644503608;0.548973528885103;0.0018505554412907308;0.8080067346935825;0.05710582671957349;298.44064325361614;-0.007290436713757481;0.961994644090216;0.2531630725332804;255936.52687044643;361721.5753557868;56109.0516131669;76.83726355396804;596523.496460656;3706.549321799249
2015-03-01;33828.351823881654;1.0079831632475944;26544.712604222615;5.1162410121279125;0.2612145708932398;19.067718648197676;2.283133326769069;0.7543968640258334;409.7165195312083;91748.05759900351;0.0;0.0;83072525.75946896;-1507.9316542141269;0.0;8.659201858489629;0.4762663608498339;1.8465986423333387;0.2414923152230658;0.5465358493801209;0.0011266360849833978;0.8090060581037456;0.05710582671957349;298.91017428524617;-0.007358051735075527;0.961401475168045;0.26037484720972265;259520.92306537778;366497.9905758904;56997.44881677213;77.80735902698804;601052.2312203804;3757.327485908447
2015-04-01;33814.962185052944;1.0115298221281348;26907.62313519024;4.128821124657934;0.2636583300755794;19.08176397493998;2.2866589143792755;0.7722865103901974;412.23216712095814;91427.47513866928;0.0;0.0;91688141.39323552;-1459.9563599309017;0.0;8.510599805321199;0.47606306816047556;1.8358694266326785;0.24940300277655464;0.5487584979147342;0.0042949155156121075;0.8105562723641406;0.05710582671957349;295.8362238194018;-0.007388539625378377;0.9605787251025895;0.2509790542148904;263308.0498008637;371391.16959749284;57914.634843908505;247.40250170622326;605510.4879844921;3809.913089610059
2015-05-01;33818.02858924692;1.0102649110640671;27905.182280419696;7.445561212829069;0.264581516141756;19.102560565566403;2.2853355533171933;0.7601304485576962;415.72153871918147;90544.11755284517;0.0;0.0;101202204.18891443;-1178.9031278889208;0.0;8.086760964288706;0.4753380936195006;1.7817547819250077;0.2536215852700808;0.5485420344082625;0.002926411613573177;0.8122565655846109;0.056789858243743885;298.68148602058216;-0.007385283557081037;0.9607313440088113;0.25162605317809555;267096.05084616935;376077.60320369137;58822.055317901686;218.3392222260233;610037.9922957269;3862.215834254207
2015-06-01;33839.01030900444;1.0096994622256552;28106.27902638506;7.013886248732723;0.2650272390016722;19.129279565229556;2.289507142553476;0.7827247590319166;418.69442118457926;91249.66897621308;0.0;0.0;111707060.09982762;-1205.8353170094952;0.0;8.159216197333352;0.47537563556583423;1.8012085556175481;0.2647286943160367;0.5493982277487065;0.0013036974372148205;0.8134169999911116;0.05710582671957349;300.9755685408256;-0.007451571327298651;0.9615594781066926;0.2648494213515288;271110.8004769323;381093.8874834548;59787.093922620195;248.16099609209036;614250.5497313865;3915.448386556142
2015-07-01;33861.99058176193;1.0136114695154037;29332.934864766095;9.74265430126215;0.26621324037147703;19.131382628214695;2.3037354515458515;0.729677911075336;421.83290571822533;91421.0821171628;0.0;0.0;123311434.72948627;-954.5117925897468;0.0;8.06106846919982;0.4743756355658343;1.8083610402627823;0.2699458261440345;0.5477426098221139;0.004022304365441962;0.8161554175279992;0.05710582671957349;299.0943248190843;-0.0074128808451674605;0.9621131064780059;0.2871292884025428;275498.59789032786;386331.07768533606;60798.13377413705;599.5109635288804;618347.5909709841;3969.9365216577194
2015-08-01;33873.156957837644;1.0142905372401192;29318.232197804253;5.299244540880313;0.2660272390016722;19.1422283642627;2.341606228597108;0.6913847103712039;423.94956161455127;91184.90279786984;0.0;0.0;136127439.20976254;-1490.3245136730816;0.0;7.854141267762389;0.4725706886093089;1.8032700930005208;0.27611412114347345;0.5472272371715177;0.0018313457185196314;0.8174565249104105;0.05710582671957349;295.8783973972886;-0.007413655154212585;0.962510747019533;0.2674481393836868;280220.4823481095;391583.62050201424;61809.95950576197;840.9165566878368;622569.4149425373;4025.8349457912877
2015-09-01;33869.86615672746;1.0131690468097503;30174.792923415614;4.697441288155317;0.26716739128151884;19.13880909980401;2.361207776603976;0.6568510328623792;426.5851729436606;90519.1491494251;0.0;0.0;150279327.48925176;-1261.403378700913;0.0;7.231598683848975;0.4713756355658343;1.7732133421026501;0.2800779848541673;0.5483334358970313;0.003781304116749932;0.8195726706900619;0.05691872261435248;293.2407097875135;-0.007454423125222716;0.9632101100607503;0.267477929374207;284708.9624213143;396835.4031437357;62838.42949782316;543.1824411776774;626716.7891440562;4083.8406542491057
2015-10-01;33885.25531847944;1.013983307209967;32487.36442621884;9.898659916759918;0.26715150470218935;19.15308689079203;2.3628956520657636;0.6262826538246036;428.5445344695977;89528.74334954783;0.0;0.0;165906241.89166072;-1280.6772026964597;0.0;7.52814161953975;0.4713756355658343;1.760443911500011;0.2841239265034622;0.5482320227992195;0.0018558561561095898;0.8215726706900619;0.05691872261435248;296.4129652898937;-0.007356577609277687;0.9640936245690246;0.2621467614770039;288698.1738099588;401917.01021433336;63810.32131288564;245.9049958933686;630915.266104349;4143.070505700685
2015-11-01;33912.07210563283;1.0138989794855664;33446.47463323837;8.187834168573549;0.26800651989091406;19.177761707666484;2.354312161329403;0.59634482690292;431.40020145270836;90002.0895478473;0.0;0.0;183164157.40196866;-786.2807705792591;0.0;6.951831389293747;0.47236105986042415;1.7924398740877119;0.288686576424499;0.5475695591174835;0.0025981810662454533;0.8231986393140884;0.05691872261435248;297.1373799680015;-0.007423543505988155;0.9631187280933086;0.2986229269035439;291906.86646874243;406449.8253352864;64615.85387941206;45.48666062519963;635083.9581617529;4202.972824088388
2015-12-01;33915.28325973848;1.0155629022462538;27003.985404693874;6.035078436736999;0.2686234470026755;19.186723935173333;2.3469753244882363;0.5419144876963848;434.15900625682394;90977.87972237938;0.0;0.0;202225927.3121396;-2465.1335127419934;0.0;6.410431923658508;0.4733610598604241;1.6980775630260099;0.3007562916193997;0.5492322143387098;0.004068702043793731;0.8244498061986387;0.05668884788833931;295.72367233192625;-0.007358536150525516;0.9625902296026434;0.3117391759090098;294845.63581233163;410475.9608755983;65303.5486064532;194.3363457313619;638905.5889581301;4254.12377927554
2016-01-01;33924.445801677575;1.0145437088232363;27902.429275075945;26.940361783631694;0.26807179360806754;19.19907727432367;2.3303394847349375;0.5220142491776012;436.56463285373314;87956.49673874391;0.0;0.0;223279377.26967192;-1803.0810155853273;0.0;6.400153982550649;0.4733610598604241;1.577990008029191;0.30624180672527257;0.5527343356700588;0.003786386496477158;0.8252876687632736;0.05668884788833931;296.43801729504275;-0.007221153069644838;0.9630346664001068;0.3339877294803095;296536.08136769675;413917.34417510225;65666.7222770544;106.07912130359114;642429.94950792;4306.545623714716
2016-02-01;33953.932992868155;1.0100213633723318;26048.566341516143;0.6338993501811778;0.2696234470026755;19.21555520649715;2.3159180142894424;0.48888563643437416;439.6659450868337;84933.63885589127;0.0;0.0;246530896.34814346;-2665.006731938831;0.0;5.585675295955009;0.47399275019538395;1.494884926442305;0.3137373422358925;0.5529562224224286;0.003576977320859002;0.8264169999911115;0.05691872261435248;297.01361207519864;-0.006935405985930917;0.9632632289937126;0.335061447459326;298457.39573525765;417650.7319994091;66079.18502922903;110.8749778672844;646141.0306920711;4359.4393279877295
2016-03-01;33952.98409849319;1.0091690468097505;16590.25538055493;33.393151108410365;0.27016739128151884;19.227513637470334;2.327322103124461;0.44762508278139646;442.39859074661484;83620.99293998112;0.0;0.0;272217820.1027207;-2439.212688232266;0.0;6.254378009948216;0.4721554175279993;1.4950695642946716;0.3282768697048847;0.5526617966729997;0.0031977318125598233;0.8279866533065998;0.05691872261435248;297.8642076173608;-0.0068109777474073905;0.9643756071263606;0.33866918965333037;301204.72606304684;420827.17091836553;66574.24359025821;949.7429032385769;649463.0874486911;4400.2018214892905
2016-04-01;33995.1568493986;1.0077554536166113;15407.251522725088;3.4943480912334577;0.2717698387374518;19.256094979192206;2.327846886442931;0.4432422072973571;444.84795317057046;80771.69452245787;0.0;0.0;300587485.8859365;-2803.8108017822333;0.0;6.230110140682591;0.471992750195384;1.4605125946566162;0.3275357405667235;0.5545336074924005;0.0025494573129732;0.830361059860424;0.057556272364140695;299.8580135775307;-0.006752803403121262;0.9649873549275959;0.3574425997936641;303625.8769298729;423836.40412342467;67053.71868570444;504.4256804957902;652750.2236652125;4434.757856626427
2016-05-01;34007.70065081452;1.0083444239441697;15091.365986963496;11.330543979560781;0.27128134118001856;19.255798828917435;2.320962656207475;0.44029041740351416;447.5365937577061;78741.2252582575;0.0;0.0;331917204.7385856;-2417.5494575237535;0.0;5.719337676952175;0.47136105986042415;1.4625011083650905;0.3396044980367632;0.5542064690496836;0.001895644895411758;0.8322082253878764;0.057556272364140695;300.995600890356;-0.006886087002175396;0.9649260431305038;0.3718135611399876;306099.8248396071;426870.0936317565;67571.62498723489;473.810912676997;655977.2912028906;4470.611137384751
2016-06-01;34005.98714874688;1.009786335345031;13802.741156575928;-1.4497269197824352;0.2721326007104825;19.267529699294638;2.336037489020104;0.4345232839579267;450.9432710780908;77544.77892930775;0.0;0.0;366518176.4330149;-2525.0341618202124;0.0;5.534768605602705;0.469992750195384;1.3221356326960219;0.3451711075523082;0.5527781449331673;0.002631482387032239;0.8319232322512776;0.057556272364140695;302.1846955905949;-0.006834626532904125;0.965258204833093;0.42349035777282734;308896.21025292494;429630.41275496624;68038.66376476486;1445.0856519625802;659494.6727713427;4504.618428568745
2016-07-01;33992.021382928884;1.0087772536221093;15241.856551352575;12.859089079109486;0.27216739128151884;19.25942447173891;2.339500853543076;0.4404511418475704;453.9207021670741;76041.76003713543;0.0;0.0;404731651.80128783;-1805.281766391786;0.0;5.449539789476328;0.46899275019538406;1.4381833344507764;0.35742016169604796;0.5519806357193017;0.00257414110874898;0.8331554175279993;0.057556272364140695;305.08654419182125;-0.006873774043123303;0.9665284517657446;0.41070622089438363;311764.66125231044;432598.30405234377;68537.2519190344;1164.4465198240646;662428.4437359315;4541.364530689355
2016-08-01;34007.34307016469;1.0095777087639997;15330.821214259875;6.610435014566995;0.27283405794818555;19.262919013078946;2.3544774152413606;0.43318429636432354;457.51216920399304;75082.06479708868;0.0;0.0;446934187.3763905;-2246.4367895445816;0.0;5.3217650986450025;0.4682082253878766;1.428396806253054;0.3581963104944513;0.5530577365280928;0.0012679991122943248;0.8345629022462538;0.057556272364140695;307.6263110175829;-0.006933238096533819;0.9671433817425562;0.40205337086469395;314500.7322665544;435443.3264457506;69020.96337028743;1461.3569780621297;665720.7740178101;4575.368000872445
2016-09-01;34004.41176139818;1.0115332412515992;14122.732642819961;16.689354242508184;0.27419836054558155;19.288184268675277;2.382613546569763;0.4044665119874175;459.6737971460862;73427.09193690332;0.0;0.0;493541548.01831555;-2716.629810258165;0.0;4.983141572001095;0.4663904707853612;1.3672517021552333;0.37105694370337106;0.5546270032048385;0.0038318276827573536;0.8347416612483722;0.057556272364140695;310.67148284286634;-0.006800222741114015;0.9670885021103092;0.4017247608108362;317636.43859006173;438286.7135951361;69515.0305217489;1618.398366637312;668586.7011427386;4608.569916571273
2016-10-01;34009.706356105125;1.0133756355658343;14549.407319808763;13.353186921664022;0.27416739128151885;19.290281115023674;2.3965048276996135;0.36282490725459854;462.8994566908228;73131.53428552712;0.0;0.0;545015408.2009538;-2093.228083725731;0.0;4.952217272371376;0.4645322033086681;1.3840079924299085;0.3732792629539755;0.5541228491746483;0.004383967871356395;0.8357928530890207;0.057556272364140695;313.9214342008057;-0.0068201274810554425;0.967507538874156;0.4026614098692325;320366.2571421788;441052.73543381854;70005.26973052566;1251.3084515062283;671691.7786408544;4642.383639214957
2016-11-01;34035.23821180143;1.0106472882706656;14429.66445409465;19.145234916613806;0.27464998790517026;19.30597704011431;2.415295135006464;0.38697908495139405;465.782946777191;73325.4282865516;0.0;0.0;601860427.9847124;-2193.8942554288565;0.0;4.831991800326545;0.46299275019538405;1.3643350182488678;0.37870269213347163;0.5535959351466486;0.004754494568423801;0.8376727247704121;0.057556272364140695;313.3174458405355;-0.006781057067800673;0.9674011022890765;0.4206144489680106;323184.7371624319;443829.94744159374;70480.56661670646;1269.7455553166235;674483.9057645488;4677.948615716122
2016-12-01;34046.85345679929;1.0112491495713052;14037.714999272554;14.14072369331882;0.2741515047021894;19.327055551907783;2.427846863327107;0.37846066907980075;469.9516776354698;71931.16658153989;0.0;0.0;664638969.965284;-2748.785204703395;0.0;4.638016835235328;0.4622082253878766;1.3330041040041176;0.38499560495713464;0.5564493620680027;0.0036690899081648818;0.8383260835287174;0.057556272364140695;313.0218233682384;-0.006844683563789197;0.9678279403227119;0.4090945269948468;325843.0545976515;446481.71731181437;70967.21950141634;1112.7185465982732;677535.5799017883;4712.58148926269
2017-01-01;34059.177003093784;1.0110095141111333;13959.394781672372;13.320251419946525;0.27500651989091407;19.342844133508184;2.440730911366481;0.39514439603215074;473.16093338591816;71062.49176337403;0.0;0.0;733968947.1207453;-2814.6866767316687;0.0;4.565672875447062;0.46120822538787665;1.3342785752654982;0.3946625313208655;0.5548012485666111;0.0018028987959488835;0.8393260835287174;0.057556272364140695;313.39596426215905;-0.006852102089678408;0.9672923019942988;0.42448329550902647;328475.67140560393;449231.07931444596;71433.5897012937;967.3293329842004;680375.5680428704;4748.376350689125
2017-02-01;34066.35224955738;1.0105607017003966;15675.49810052245;25.920648257931976;0.27452330825910526;19.347275517981366;2.4431199840541487;0.3977992776844162;475.9009122412398;70396.68723239374;0.0;0.0;810537303.3967843;-2287.821889604198;0.0;4.7995681254247184;0.459992750195384;1.4777371812640008;0.40194020884444337;0.5553311108689862;0.00284059265178782;0.8395726706900619;0.057556272364140695;313.8798916993835;-0.006891076693148724;0.9682620393359844;0.43187594991001216;331141.7114043614;452151.9501687283;71980.8214053866;599.1910268512677;683300.4004826612;4781.982238412943
2017-03-01;34062.96889619202;1.011799888141917;13124.720123023302;16.048420774365397;0.27610901448843717;19.35755091445839;2.4510661202162844;0.3743840700282122;478.3945721686477;69613.02215011054;0.0;0.0;895096855.594997;-2838.4554073077275;0.0;4.603650990088725;0.4592082253878766;1.2642218477017633;0.40464469201064396;0.5569252002269981;0.0034349403699585716;0.8406938483771669;0.057556272364140695;314.89987514538785;-0.006768857828741606;0.969289415053916;0.4121076300181116;333542.3711319483;454695.09245006304;72411.96945646356;917.3887230358641;686429.6515266236;4815.487330446899
2017-04-01;34065.0943695146;1.0116472882706655;13831.312928698306;18.15778883481842;0.27610901448843717;19.367867030601104;2.4572845176574463;0.3722883913531174;481.1780495821737;68605.818368983;0.0;0.0;988482978.5038903;-2664.931224252009;0.0;4.377688922403357;0.457992750195384;1.3133599675148853;0.41320398594718644;0.5589145012980897;0.0034769030052423937;0.8408202564049142;0.057556272364140695;314.94387763876296;-0.006807326620197613;0.9693890225399493;0.43575116187109963;336016.6908708751;457338.4063389194;72899.6607652152;815.3161364796131;689224.2794240619;4849.397903451155
2017-05-01;34057.94670748142;1.0120596442562693;14471.71991475792;14.220506277422803;0.27609954954040933;19.368547676905518;2.4607389061693756;0.3825180644846588;483.8667738294553;68221.92838956491;0.0;0.0;1091616481.8404799;-2645.4022959240183;0.0;4.6559873510551935;0.4583076542645438;1.3739265485930938;0.41190630609615914;0.5595251741535151;0.003926021328211196;0.8418202564049142;0.05814542377770467;314.8124085910166;-0.006760774238563789;0.9696481369885994;0.46043636657583353;338535.11087917245;460147.6207331004;73389.16698308103;628.4379930676051;692101.7577215276;4883.905874512459
2017-06-01;34058.86547061673;1.0097149137674692;14012.33400926085;11.034347188445391;0.276653474794879;19.365147202808835;2.483127567127906;0.3844882102520475;486.48750003839785;68493.9956751331;0.0;0.0;1205514887.1723154;-2688.348509985127;0.0;4.771486592996934;0.4562082253878766;1.3298391613195026;0.4277917007228052;0.5602203390585023;0.0027714425272531247;0.8429543354299401;0.05814542377770467;315.8992915192128;-0.006710587441989699;0.9705111846942249;0.4502043885047434;341270.8895503618;463016.58623180486;73863.12553450554;1253.6443194716007;695257.791235719;4918.583727432666
2017-07-01;34071.76426728998;1.0097149137674692;14159.599499620674;11.34658864781583;0.2769628736053602;19.380733328068235;2.4871150512364624;0.3719060860012372;489.7014094206815;67781.99676213169;0.0;0.0;1331299974.4007344;-2885.5954195321324;0.0;4.2066375493482795;0.45616799989335044;1.3726249390257415;0.43569780006349973;0.5615139007946874;0.0007058610586117951;0.8442823299831251;0.05814542377770467;316.8672182139839;-0.006769440150079548;0.9709296935867765;0.45352501994108707;343692.1533052389;465726.91742400255;74343.07258563321;635.3220478969705;698248.7269928907;4954.4566191878885
2017-08-01;34081.93932067137;1.0077322577846437;13211.441758306239;15.325650827150376;0.2776499879051702;19.400492558223263;2.489138403393136;0.38070081915088283;492.17775735285863;67201.15237341585;0.0;0.0;1470214824.0719929;-2199.1353007320777;0.0;4.3982929450247;0.4552945765413311;1.2186042329898972;0.43813602017104125;0.5633508274770981;0.0027121914583861303;0.8444869230715809;0.058368518280430076;317.4954931893014;-0.006820059172115584;0.970980223900574;0.4654657513639743;345900.1957342173;468339.379896286;74795.17298068314;610.0306385115679;701412.1612462521;4990.188653148662
2017-09-01;34105.71619830777;1.0085331501776205;13842.426373156144;15.703552739346197;0.27706409011699545;19.418467240185528;2.4868460720240244;0.36964316253739904;495.60852403810594;66146.5522615497;0.0;0.0;1623629112.7920458;-2997.484240287764;0.0;4.105846757801808;0.4553997455433669;1.349966761548048;0.4369753776949095;0.5632207344378815;0.0024708352713171304;0.8456932802122725;0.058368518280430076;319.38248074035596;-0.0062916611479069025;0.9707385166527686;0.4662487683228783;348091.5006175667;471033.43253128283;75247.25063688795;423.5675986929365;704039.6316540748;5026.406218443014
2017-10-01;34098.44906585071;1.007173320053068;13298.221229411509;9.690927434131657;0.27752330825910526;19.410245046259483;2.4776030902571335;0.3766457111490448;497.8565817428764;64299.19415723714;0.0;0.0;1793055031.1715112;-2606.5261806223834;0.0;4.140253094377295;0.4553997455433669;1.246847483632654;0.45003919053456387;0.5637222277690184;0.002889243450721087;0.8466932802122726;0.058368518280430076;319.99765226561607;-0.006256236957924599;0.9707543946769673;0.46931208020755416;350069.0690811612;473616.9365813579;75697.80838874867;200.33440653556954;706890.7418058241;5060.993249232086
2017-11-01;34109.58591652489;1.008256809750418;13738.612904675334;15.29261889455924;0.27852330825910526;19.406057172625047;2.467824386266621;0.3693282049385385;500.51641125052606;63350.453770535016;0.0;0.0;1980167130.978628;-1916.8946463864104;0.0;4.015944445475447;0.4553997455433669;1.2952377195854525;0.4541741642893638;0.5658207662180094;0.0017302869552679378;0.8472229390308074;0.058368518280430076;321.11659985806426;-0.006326407547177358;0.9702875529297593;0.4789037424133926;352053.1028389243;476265.9071105968;76137.98832437956;231.7516360955099;709537.6404363088;5096.875522303929
2017-12-01;34093.569898689326;1.0093579831205963;13268.747194595533;16.727205874962443;0.27852330825910526;19.409265599616415;2.452856755927173;0.38786766252729193;503.12491492135206;63261.043998184075;0.0;0.0;2186807226.875022;-2797.3947917584715;0.0;4.162512321794672;0.4553997455433669;1.2951217090472193;0.4650335777117343;0.5645636045747771;0.0027211942958554826;0.8482229390308075;0.058368518280430076;321.6698066759645;-0.006256236957924599;0.9702785544889694;0.4568440272156127;353977.28134338686;478974.40533193585;76601.43917065907;88.07567694214886;712351.3081557972;5132.528377901905
2018-01-01;34099.42125460413;1.009983307209967;12313.51215359664;3.390804800285255;0.27806400616881527;19.411917425159075;2.449862057707054;0.3574930182092747;505.4870141570066;61978.70201313249;0.0;0.0;2415014744.328399;-3065.473105230806;0.0;3.852228270937905;0.4553997455433669;1.1508379445506094;0.463651261826532;0.567622798300747;0.002798619930655131;0.8484391600529068;0.058222939030807365;322.2986848405612;-0.006174435524984779;0.9707170212685697;0.46579038643585907;355808.4674087432;481364.2121076571;77009.76904856908;252.04877954756978;715296.9241607229;5166.957093631691
2018-02-01;34116.431760640866;1.007037497290853;13595.771372497433;18.779394491517802;0.277959919678391;19.42688147868199;2.4369919408566405;0.3604697673719886;509.0579195539262;60986.8138993837;0.0;0.0;2667045077.146753;-2442.7349852279644;0.0;3.8965950975322885;0.4553997455433669;1.2681212999512108;0.46816786568157726;0.5634596607721077;0.0012941033844277318;0.8494787571110379;0.05781175454637055;322.7507916904478;-0.006174435524984779;0.9706186887252547;0.49412707525743094;357785.9274524296;484045.3646949236;77480.22788121537;117.30287392222482;717986.4776955438;5202.849633220401
2018-03-01;34132.504048591494;1.007786335345031;12937.483113839915;11.501868908886843;0.27952330825910526;19.44537150115561;2.441488874181924;0.3669777743473636;512.8032197217872;60435.32350254238;0.0;0.0;2945378919.4617;-2339.8971176381506;0.0;3.8932507960830316;0.4554976187438487;1.2373020956575933;0.4754442457966386;0.5640906160912578;0.0031302647834670102;0.8509737673921943;0.057667948591538606;323.8385034351716;-0.006045574767441327;0.9708818665375771;0.5006304841094154;359826.68918494193;486564.8973410563;77922.2272763199;323.686686448871;720830.7751968938;5240.110629009205
2018-04-01;34138.49098247328;1.0085994349876675;13343.239617563704;9.285683949088094;0.278959919678391;19.44601789937901;2.435410935229553;0.37807105392373447;515.4810670917175;60197.1372054981;0.0;0.0;3252760588.78466;-3099.847508429686;0.0;3.7685492254047306;0.4549442719099992;1.2505346934658603;0.47641325959053615;0.5646880320871368;0.004719162873860556;0.8516919616099505;0.057667948591538606;324.7026447351656;-0.006045574767441327;0.970030763014632;0.4961885554713922;361922.14014353254;489419.92480629194;78387.10335941278;288.8735480709171;723726.1620920805;5276.276929648456
2018-05-01;34143.07779806757;1.012671426952834;13620.914360991046;12.296796385008276;0.28006409011699546;19.447362714564875;2.424444520288162;0.36499866665333314;517.8235564129496;59798.14829991497;0.0;0.0;3592226218.685253;-2522.9319956846357;0.0;3.846076184618392;0.4555997601887435;1.2622276981591747;0.4808800236139123;0.564565472768771;0.005234479842262073;0.8516941536246684;0.058368518280430076;325.87913863076085;-0.006066350967650408;0.9687210614023887;0.4977719338322222;363845.0401946043;492060.6506510837;78840.26666045176;87.86105337153215;726587.0712882074;5312.634890008345
2018-06-01;34171.01370474879;1.011676871642218;12445.092235996339;12.310238334858251;0.28006400616881527;19.478638850609354;2.4103868884700055;0.35768627168365186;521.1103806285553;58936.90605529752;0.0;0.0;3967122367.085092;-2566.7276900013285;0.0;3.763976151694171;0.4563590060350931;1.1401602425054862;0.4881239404679006;0.567048314760219;0.0031494897427831784;0.8527747857613635;0.058222939030807365;327.12943683886687;-0.006087425120183211;0.9693449333980224;0.4845544214579298;365530.9977557528;494485.4712604064;79242.71867261064;66.01463137407124;729578.5095314945;5347.661688127463
2018-07-01;34151.555903587236;1.010915816237972;12210.91516381278;14.197967937597335;0.28096661441993437;19.472523240438154;2.4040784142400535;0.35496356361813636;523.991342209894;57851.53290857813;0.0;0.0;4381147312.611878;-3055.403178083156;0.0;3.5452470107055207;0.4555997601887435;1.1461141124841052;0.48889094366759844;0.5651191364962759;0.0032954109994534388;0.8531142613566768;0.058222939030807365;328.2410182155795;-0.006015942097463835;0.9693323628095833;0.47293627719295034;367296.0625802724;496856.00071694894;79650.69376751268;143.66409013699558;732217.9195673079;5384.02642774116
2018-08-01;34166.11453622157;1.0085976176963405;12860.356728139677;16.05910506668268;0.28059977628383426;19.486437567436333;2.411555314009231;0.3519244807180851;526.2503751371848;57961.94778526374;0.0;0.0;4838385538.591656;-2079.396378498967;0.0;3.658272525062287;0.4551642854105153;1.1699235394433567;0.4931264900780385;0.5654455978228354;0.0027033823524994713;0.8530351849470967;0.058222939030807365;329.6687146124254;-0.006027383533055947;0.9687874874025372;0.4728499088765454;369344.13503414084;499245.21117729804;80051.32837878374;508.4867253862567;734879.8555942604;5419.1511913087315
2018-09-01;34178.99260508184;1.0083989244513107;12646.585724906021;20.614389369398875;0.280959919678391;19.49282083947839;2.399303376711284;0.3592470687656429;529.2366328539272;57671.50045264757;0.0;0.0;5343347849.426887;-2856.874465250397;0.0;3.7281892025143213;0.4549442719099992;1.197551569927698;0.49159686364194677;0.5663100834047842;0.0010578104571181853;0.8536274118724821;0.058222939030807365;329.9612478551417;-0.005979058473007039;0.9694740984891028;0.48262406627207555;371143.8233911609;501769.5601672852;80481.10819290459;73.08990592652378;737470.5269420464;5455.386217196088
2018-10-01;34176.86199698188;1.0082568097504179;12343.4506709547;8.107057843988725;0.2811040378456327;19.493902542714356;2.3946148972787387;0.35308498779972775;531.6168039524283;56192.26428109571;0.0;0.0;5901015537.027646;-2826.652477853786;0.0;3.4535069203501125;0.4549442719099992;1.102849631938977;0.5014891752620886;0.5685825369703509;0.0025241151320150442;0.8536932802122726;0.058627411872482174;331.00293391715525;-0.005983844479280468;0.9696296371627195;0.4891032896101918;372843.92677915416;504160.4682746725;80892.42211471696;66.16551553481608;740286.3844025469;5491.751538841445
2018-11-01;34181.25603197668;1.0078249869383167;13134.170600885314;17.0635342110698;0.28149761874384865;19.503032142578444;2.4011750591615706;0.35616811592833103;534.7181388631564;55701.454936594666;0.0;0.0;6516887260.976774;-2604.698990652167;0.0;3.247819616341814;0.45526644295050095;1.1564086215192313;0.5102997058807628;0.5689125489838955;0.003339518685606478;0.8545562723641408;0.058627411872482174;332.3490773076816;-0.005945535990317659;0.9701076977439503;0.5137681953926914;374980.24870873673;506850.88687290665;81342.70529550132;436.85920817498203;742868.1197251059;5528.3898434342655
2018-12-01;34204.80459277494;1.0070887869499445;12097.226634354676;16.98127615018571;0.28193888728230826;19.523330658428186;2.400462846479248;0.3271307691715001;538.1860864733726;54994.42024538474;0.0;0.0;7197039963.145618;-2327.409139037938;0.0;3.241173697588871;0.45526644295050095;1.0430233510438365;0.5164682642171989;0.569566882818996;0.001819198717743469;0.855163332499583;0.058627411872482174;333.2450113557968;-0.005862568600992338;0.9695387079302645;0.5193372371209957;376781.1776289145;509214.9335642144;81749.54303716587;260.922786782099;745639.835837254;5563.901606383347
2019-01-01;34219.02663636043;1.0071714237222333;13051.407331275534;20.388910862654384;0.2819912079047973;19.54207441377082;2.3930401984900795;0.32843586353353754;541.6903514372568;53727.72055301338;0.0;0.0;7948184624.178452;-2912.6149296868025;0.0;3.2369495066247413;0.45475137671270704;1.1228497161569984;0.5127847129478097;0.5701841103490732;0.0024889777760000713;0.8554565249104107;0.058222939030807365;333.97317337554665;-0.005720864347481581;0.9692932212487527;0.5300445720823949;378689.8877448811;511723.141596678;82203.81556799277;146.51698984848548;748172.4421965403;5599.971104678834
2019-02-01;34222.51323463997;1.0078284271247462;11868.288343708704;15.205341743895644;0.2824657276529594;19.55619454299418;2.3784704499928067;0.31538971302561186;544.04195468298;53629.214965856736;0.0;0.0;8777725712.105433;-3680.159504471215;0.0;3.179530701340977;0.45526644295050095;1.0746926263422565;0.5194853079281515;0.5707257958329162;0.002702017919061595;0.8558202564049142;0.058627411872482174;333.8952005317443;-0.005437440107304849;0.9687783643176392;0.5402237957075935;380301.5452791407;513975.04472128896;82590.7902484719;36.574598989771836;751264.1003637159;5635.251294279399
2019-03-01;34251.78786312212;1.006133050827167;12630.532856237232;14.493567647643543;0.2834657276529594;19.58207375484278;2.3670666343355884;0.32253860425549097;547.9754517453432;53229.93094533486;0.0;0.0;9693847927.678911;-2925.7301228051947;0.0;2.9848162515775662;0.45519535971483266;1.065770907210934;0.5220146121970554;0.574615848891996;0.001996862738574704;0.8572823299831251;0.058627411872482174;334.035880593638;-0.005446020119317326;0.9683069787511371;0.5378356093663881;381974.4108035532;516346.94675408414;82995.6293267126;58.94610347136582;753829.4635097539;5671.738601210694
2019-04-01;34256.20104835476;1.0080482471008025;11619.770320508216;8.511605392804235;0.283058610586118;19.582925051660315;2.3566862716836514;0.32061368169372856;550.9818531915367;53149.178243701695;0.0;0.0;10705589790.332325;-2994.448381281719;0.0;2.955460765359965;0.45599462225655313;1.037205271384403;0.5239042718720919;0.5765704151020079;0.0017738755637102773;0.8569543354299403;0.058627411872482174;332.34491518319817;-0.005400802548652387;0.9679082884939555;0.5450962196936783;383621.30281392415;518662.7982280595;83395.6212400799;66.61662159150305;756453.931997089;5708.017861144893
2019-05-01;34232.012606815704;1.0071105869554426;12602.434736429062;17.27468405115519;0.2844657276529594;19.581966507758434;2.355292441445264;0.3032666182873476;553.6263984064068;51945.00048568456;0.0;0.0;11822930707.246462;-3389.1873440325835;0.0;2.6197389533706135;0.45519535971483266;1.1015394128343357;0.5275228743142699;0.5769020433937223;0.004625028945672874;0.8568306444616097;0.058627411872482174;333.23073342706164;-0.0054563975859628034;0.9671198583392555;0.5402237957075935;385338.7711902111;520994.82473598316;83783.10158499941;283.7161465309821;759055.2249311586;5745.464751137467
2019-06-01;34249.205802197226;1.009673328894805;11179.134109559305;17.733092797612702;0.28507962115393576;19.587726644338915;2.352699368558002;0.3047519337410638;555.6726757112342;51518.05861115506;0.0;0.0;13056891809.808249;-3206.1031184182402;0.0;2.3254122640400894;0.45539733950214856;0.98748625348382;0.5364520128817742;0.5770392541645255;0.0032106259829379914;0.8592823299831253;0.058627411872482174;334.181324898535;-0.005429832066805165;0.9669514891355674;0.5237602235481664;387063.4570687236;523200.276997999;84150.96054986655;299.93531338903153;761647.8884616713;5781.770901213446
2019-07-01;34264.93920136914;1.0089772255750518;12276.068273396;23.607528744376836;0.2854657276529594;19.60673877020518;2.3523708033205746;0.3157518581567946;559.3423126716127;51191.529538801595;0.0;0.0;14419644695.588785;-3158.65897867004;0.0;2.533082883101346;0.45506400616881526;1.027014071409007;0.5413651428389711;0.5788131472874158;0.0036620503884184346;0.8591967733539321;0.058627411872482174;333.52119168345905;-0.005623723424490839;0.9668332565280101;0.5333513116175725;388745.16980526043;525345.7518407943;84520.50249568546;235.22232977910903;763914.0749955053;5820.212444384219
2019-08-01;34281.71417575199;1.0236414758600694;11092.254221434187;26.137741272535273;0.28698808848170154;19.630404738044827;2.353727247704122;0.28894354377283615;562.0435515314659;50080.411939081285;0.0;0.0;15924629778.681658;-3416.686857536766;0.0;2.5131165791395444;0.4549946222565532;0.9878820382822173;0.5413391643781666;0.5777337936882948;0.014856034430126785;0.859615583461008;0.058627411872482174;334.27715293117916;-0.005656205133824772;0.9664454529791365;0.5342478560167823;390360.516187711;527531.7209727751;84882.69154660703;240.492015296419;766329.8485169496;5855.672224927657
2019-09-01;34271.33146605145;1.031460875357951;12369.882651105117;29.340457644619228;0.2865997762838342;19.62140789679456;2.3520155102655003;0.2960378643060034;564.2890421524125;49481.85542590032;0.0;0.0;17586693749.659687;-2215.1674708485;0.0;2.521434793061167;0.4542664429505009;1.034603392476233;0.5417687011374388;0.578992213308527;0.007930196076752015;0.859513619500836;0.058627411872482174;334.6245637677531;-0.005630322594632701;0.966948610977126;0.540262115213569;392140.23725187744;529680.2543356566;85261.93005385336;350.2542441873447;768425.1364764042;5892.183912995579
2019-10-01;34287.62338643678;1.0422893430986728;10958.344432978218;11.994973890418137;0.28755255452792655;19.63419406646983;2.3502818658733062;0.2878694609901769;566.8252560665862;48658.91275407084;0.0;0.0;19422233609.557926;-3854.111610763995;0.0;2.0899238477659927;0.4543973395021485;0.9902766925476021;0.5476801298309977;0.579288974960583;0.012000469706254567;0.860121387729022;0.058222939030807365;334.86108758427054;-0.005670903326480141;0.9667880897454246;0.52725272889104;393687.7655389208;531727.0130777888;85603.32815081792;226.4034328267367;770863.5687015718;5928.403678203151
2019-11-01;34307.177531372865;1.050626757001858;11446.243554121935;16.893435032883563;0.28811603553021636;19.64876215130817;2.3404626739836942;0.2931223707529161;569.7572839254406;47891.83853485978;0.0;0.0;21449352279.031864;-3313.8804123301984;0.0;2.0871879841552126;0.4550640901169954;1.0115379339269532;0.5533258100366494;0.5802940966725775;0.009139077095879156;0.8616679485915387;0.058222939030807365;335.8619067351911;-0.005548554849500583;0.9664424173154564;0.5172889042846434;395246.1357344497;533964.4429002545;85983.7211669921;54.968688746380494;772964.7720347112;5965.826006399094
2019-12-01;34305.90212881837;1.0603788269290737;10648.742645307879;8.982865899147196;0.28811603553021636;19.656400742239665;2.3317909709983557;0.27633185837820146;571.7651743231539;47204.15188177698;0.0;0.0;23688044420.402855;-3799.084019796847;0.0;1.8773739974730073;0.4550640901169954;0.9378481422137303;0.5605679069432059;0.5796805191018812;0.010560554090316745;0.8620421708935185;0.058222939030807365;336.68588559120866;-0.005236163474612002;0.9666062129010099;0.5172889042846434;396677.4113223771;535999.3134484256;86327.55256650604;55.46899806597656;775280.1048806744;6003.553202287094
