2010-01-01;33217.833333333336;1.0006666666666666;4595.211;100.0;0.1735;19.388833333333334;0.09483333333333333;0.0535;264.43333333333334;106213.277;0.0;0.0;1242066.5796666667;57.10466666666667;70.965;0.4888333333333333;0.4908333333333333;0.12986666666666666;0.08226666666666667;0.42415;0.0;0.6788333333333334;0.08383333333333333;232.73285;0.007;0.16761666666666666;0.0;1468.3988166666668;3842.8818333333334;162.75541666666666;0.0;14813.144999999999;11.788533915636394
2010-02-01;33228.5;1.0041666666666667;7174.437333333334;35.85316666666667;0.18699999999999997;19.105;0.2705;0.17716666666666667;261.291;8356.8375;0.0;0.0;1240806.0398333333;-156.29533333333333;111.73833333333333;1.8818333333333335;0.517;0.43055;0.02033333333333333;0.43543333333333334;0.0035499999999999998;0.6803333333333335;0.08183333333333333;216.2099166666667;0.0057666666666666665;0.7484833333333333;0.0;3409.406966666667;9179.46855;416.569;0.3097666666666667;31622.86;29.074158061890444
2010-03-01;33250.5;1.0061666666666664;10014.394333333334;28.425833333333333;0.19416666666666668;18.974999999999998;0.5161666666666667;0.30816666666666664;260.6381666666667;9343.114333333333;0.0;0.0;1241852.7521666668;-268.9988333333333;145.025;3.4778333333333333;0.4711666666666667;0.7505333333333333;0.008566666666666667;0.4426666666666667;0.0022;0.6818333333333334;0.07983333333333333;213.12016666666668;0.004566666666666667;0.8716666666666667;0.0;5748.096799999999;14786.778916666668;770.6087166666666;33.966483333333336;48325.80499999999;51.953037186376946
2010-04-01;33262.666666666664;1.0090000000000001;11249.492166666665;11.0205;0.19983333333333334;18.886666666666667;0.5731666666666667;0.35566666666666663;260.77433333333335;22263.702333333335;0.0;0.0;1245092.1571666666;-435.545;173.80166666666665;4.065666666666666;0.48616666666666664;0.8639666666666667;0.008683333333333333;0.45249999999999996;0.0028166666666666665;0.6836666666666668;0.07833333333333332;215.2751166666667;0.0030333333333333336;0.8913166666666666;0.0;8318.268983333333;20485.056066666668;1168.2016;115.52286666666667;65052.89666666667;78.016233728423
2010-05-01;33278.166666666664;1.0101666666666667;13162.237833333333;14.525;0.2041666666666667;18.831666666666667;0.7491666666666666;0.43916666666666665;261.5245;28952.672166666667;0.0;0.0;1250437.1645;-530.6205;200.98666666666668;5.047166666666667;0.46900000000000003;1.0903166666666666;0.007666666666666666;0.4589833333333333;0.00085;0.6853333333333333;0.077;212.68916666666667;0.0018166666666666667;0.91965;0.0;11187.648933333332;26381.852916666667;1633.4830000000002;188.11415;81405.67666666667;108.12522756225303
2010-06-01;33273.166666666664;1.0106666666666666;16423.300333333333;19.87;0.20766666666666667;18.77716666666667;1.1101666666666667;0.5615;262.19266666666664;31670.361833333332;0.0;0.0;1259860.1606666667;-517.676;220.66;6.624666666666666;0.43416666666666665;1.4948666666666668;0.0072833333333333335;0.46468333333333334;0.0006333333333333333;0.6876666666666668;0.07533333333333332;211.71201666666664;0.0007;0.9545166666666667;0.0;14587.3139;32757.33306666667;2213.4452166666665;321.02818333333335;97501.76666666666;145.00943247671714
2010-07-01;33288.666666666664;1.0123333333333333;19580.626333333334;16.123166666666666;0.21033333333333334;18.750833333333333;1.4128333333333334;0.6831666666666667;263.3971666666667;39951.08833333333;0.0;0.0;1272619.7918333334;-442.5795;233.5666666666667;8.161;0.42016666666666663;1.8480166666666669;0.00755;0.472;0.0015666666666666667;0.6893333333333332;0.07366666666666667;212.20708333333334;-0.00011666666666666665;0.9674333333333333;0.0;18645.97655;39459.5846;2905.360683333333;624.0274333333333;113074.26666666666;188.94716959224957
2010-08-01;33301.833333333336;1.0128333333333333;21939.519666666663;10.766333333333334;0.21283333333333332;18.721999999999998;1.6593333333333333;0.7661666666666666;264.27299999999997;63189.45733333333;0.0;0.0;1289250.5975;-792.3968333333332;238.28333333333333;9.1925;0.41483333333333333;2.0996333333333332;0.008016666666666667;0.4765166666666667;0.0006;0.6919999999999998;0.072;214.1647;-0.0007333333333333332;0.9728666666666667;0.0;23381.229483333333;46420.27498333334;3680.095633333334;1052.35725;128380.44333333334;239.1576802208831
2010-09-01;33301.166666666664;1.0119999999999998;23007.455833333337;4.627166666666667;0.21566666666666667;18.692666666666668;1.7218333333333333;0.7955;265.2916666666667;70937.05983333333;0.0;0.0;1309816.3146666668;-1273.0198333333335;241.3033333333333;9.587166666666667;0.4203333333333333;2.17985;0.0088;0.48128333333333334;-0.0008833333333333333;0.6951666666666666;0.07033333333333333;215.69775;-0.0015166666666666668;0.9722833333333333;0.0;27499.230183333333;53421.04666666667;4492.456783333334;232.94488333333334;143287.4;293.629575089776
2010-10-01;33316.833333333336;1.0096666666666667;23579.925;2.4475000000000002;0.21816666666666665;18.679166666666667;1.6818333333333335;0.8085;266.61133333333333;73494.44366666667;0.0;0.0;1333774.6535;-1539.0463333333335;246.62166666666667;9.520833333333334;0.43183333333333335;2.204616666666667;0.010199999999999999;0.48710000000000003;-0.0025166666666666666;0.697;0.06833333333333334;214.87771666666666;-0.0024666666666666665;0.96915;0.012416666666666668;31478.116599999998;60413.24041666667;5325.0198;20.167166666666667;157853.77333333335;349.5792627484741
2010-11-01;33328.0;1.0075;23324.14283333333;-1.1911666666666667;0.22;18.672833333333333;1.6543333333333334;0.8106666666666666;268.38866666666667;74605.53366666667;0.0;0.0;1363765.1861666667;-1425.2461666666668;241.62166666666667;9.809666666666667;0.4426666666666667;2.1949166666666664;0.011750000000000002;0.49285;-0.0019166666666666666;0.6995;0.067;215.28086666666664;-0.0031333333333333335;0.9661666666666667;0.031516666666666665;35413.53091666666;67327.14401666667;6148.908866666666;26.954183333333333;172201.185;403.8681460804086
2010-12-01;33339.833333333336;1.0075;23038.22266666667;-1.227;0.2215;18.663666666666668;1.6836666666666666;0.848;270.21616666666665;74342.79883333333;0.0;0.0;1398713.2933333332;-1936.5926666666667;240.90333333333334;10.3825;0.447;2.1924333333333332;0.01325;0.4977333333333333;3.3333333333333274e-05;0.7016666666666667;0.065;216.65533333333335;-0.004183333333333333;0.9662666666666667;0.024783333333333334;39331.429866666665;74089.7241;6962.091683333333;77.92773333333334;186116.63166666668;459.8149410194655
2011-01-01;33364.5;1.008;22828.31466666667;-0.9349999999999999;0.22366666666666668;18.648666666666667;1.6464999999999999;0.8744999999999999;271.65316666666666;78884.58033333333;0.0;0.0;1439588.79;-2594.915;250.1783333333333;10.345666666666666;0.4546666666666667;2.1603;0.015399999999999999;0.50225;0.00055;0.7040000000000001;0.06233333333333333;215.51623333333336;-0.0052833333333333335;0.9639666666666667;0.01753333333333333;43153.038250000005;80629.4311;7765.8562833333335;22.849616666666666;199775.1066666667;517.42636991866
2011-02-01;33386.5;1.008;23012.848833333333;0.7784999999999999;0.226;18.641666666666666;1.614;0.8875000000000001;273.5636666666667;78200.98916666667;0.0;0.0;1486720.7589999998;-2757.489;249.86166666666668;10.441333333333333;0.46166666666666667;2.1399666666666666;0.017866666666666666;0.50825;6.666666666666663e-05;0.706;0.059166666666666666;216.09966666666665;-0.006466666666666667;0.9605;0.022083333333333333;46964.35191666667;87090.94046666667;8576.170916666666;14.902099999999999;212872.25333333333;575.0882643686003
2011-03-01;33410.666666666664;1.008;23381.927833333335;1.564;0.22783333333333333;18.630333333333333;1.6091666666666666;0.9148333333333333;274.8536666666667;76838.91116666667;0.0;0.0;1540079.0316666665;-3267.1036666666664;251.77;10.841;0.4656666666666667;2.14885;0.019666666666666666;0.5118333333333334;-4.9999999999999996e-05;0.7075;0.0565;216.31185000000002;-0.007566666666666666;0.95905;0.029849999999999998;50826.17841666666;93586.3053;9399.103416666667;37.2958;225765.69166666665;636.7368752844151
2011-04-01;33435.166666666664;1.0081666666666667;23591.76833333333;0.8876666666666666;0.23;18.625666666666667;1.5945;0.931;276.66900000000004;80632.73433333333;0.0;0.0;1601055.6083333334;-3534.656166666666;249.33333333333334;10.990833333333333;0.47083333333333327;2.1275166666666667;0.022583333333333334;0.5157166666666667;-0.00021666666666666666;0.7088333333333333;0.05366666666666667;217.40661666666665;-0.0088;0.9567333333333333;0.033016666666666666;54707.93316666666;99850.36293333334;10229.781266666667;58.02323333333334;238209.3916666667;699.6687282840734
2011-05-01;33453.166666666664;1.0075;23888.66083333333;1.2358333333333333;0.23183333333333334;18.6165;1.6631666666666665;0.9461666666666666;278.204;82684.82666666668;0.0;0.0;1669371.6118333333;-3852.504833333334;247.90666666666667;11.321333333333333;0.4675;2.1270333333333333;0.025150000000000002;0.5194166666666667;-0.00015000000000000004;0.7111666666666666;0.050333333333333334;219.32173333333333;-0.009933333333333334;0.9582;0.05708333333333334;58869.6722;106090.24463333334;11070.668766666668;343.94278333333335;250421.42500000002;763.6266501405344
2011-06-01;33472.166666666664;1.007;24991.016333333333;4.372166666666667;0.23383333333333334;18.61466666666667;1.777;0.988;280.04333333333335;84947.61266666667;0.0;0.0;1746838.2375;-3838.3113333333336;244.7733333333333;11.896333333333333;0.461;2.2070833333333333;0.028016666666666665;0.5233833333333333;-0.0005833333333333333;0.7131666666666666;0.04750000000000001;222.44501666666667;-0.011183333333333332;0.9621833333333334;0.06138333333333334;63406.11896666667;112408.67118333332;11950.525116666666;621.9863166666667;262304.60333333333;829.1536565469787
2011-07-01;33479.333333333336;1.0068333333333335;25696.515499999998;2.7655;0.23550000000000001;18.605999999999998;1.8763333333333332;1.0035;282.04883333333333;86468.08099999999;0.0;0.0;1834370.0976666666;-3994.8101666666666;241.81166666666664;12.104166666666666;0.45616666666666666;2.2367666666666666;0.030583333333333334;0.5265666666666667;-0.00036666666666666667;0.715;0.044333333333333336;224.34071666666668;-0.01235;0.9621666666666666;0.06805;68000.62676666667;118694.83738333335;12854.612416666665;607.5359666666667;273846.02499999997;896.1054013683341
2011-08-01;33495.833333333336;1.0076666666666665;26600.724666666665;3.3898333333333337;0.23650000000000002;18.602833333333333;1.9533333333333331;1.0441666666666667;284.1315;92145.33899999999;0.0;0.0;1932181.2836666666;-4010.2875;234.845;12.665833333333333;0.4538333333333333;2.285266666666667;0.03415;0.5309333333333334;0.00085;0.717;0.041666666666666664;226.83561666666665;-0.013166666666666667;0.9621;0.07325;72862.12161666667;125003.42093333334;13791.088150000001;794.4799499999999;285021.42833333334;965.2076194414732
2011-09-01;33517.0;1.0078333333333334;27111.221166666666;1.8705;0.23850000000000002;18.602666666666668;1.9814999999999998;1.046;286.024;93907.67816666666;0.0;0.0;2040968.7803333334;-3949.220333333333;224.15666666666667;12.819333333333333;0.45483333333333337;2.2861666666666665;0.036616666666666665;0.5324333333333334;0.00028333333333333335;0.7186666666666666;0.03883333333333333;226.93026666666665;-0.012333333333333333;0.95885;0.06798333333333333;77346.59971666666;131309.83696666665;14745.371383333333;316.4753166666667;295933.12666666665;1033.726371014999
2011-10-01;33528.166666666664;1.0088333333333332;27687.90683333333;2.067833333333333;0.23966666666666667;18.602999999999998;2.0175;1.0445;288.2488333333333;98671.02083333333;0.0;0.0;2162505.256;-3752.5468333333333;220.53166666666667;12.770833333333334;0.4543333333333333;2.2989166666666665;0.040916666666666664;0.5307;0.0009833333333333332;0.7208333333333333;0.03916666666666666;227.9351;-0.011883333333333334;0.9583333333333334;0.06405;81941.80258333334;137624.9367;15719.5941;378.4549333333334;306500.24833333335;1103.6617912332968
2011-11-01;33524.0;1.0096666666666667;28037.563;1.2358333333333333;0.24083333333333332;18.600666666666665;2.040833333333333;1.0513333333333332;290.10583333333335;99978.06616666667;0.0;0.0;2297255.169333333;-3862.6786666666667;212.4316666666667;12.817833333333333;0.45516666666666666;2.28565;0.04305;0.5297333333333333;0.0006666666666666666;0.7231666666666666;0.03983333333333333;228.74726666666666;-0.011833333333333335;0.9581166666666667;0.0634;86428.96008333332;143942.31148333332;16706.73618333333;220.15324999999999;316888.36166666663;1173.8752142498786
2011-12-01;33511.333333333336;1.0096666666666667;28646.831333333335;2.124166666666667;0.24183333333333334;18.597666666666665;2.0668333333333333;1.0591666666666666;292.009;101447.56883333334;0.0;0.0;2448368.216666667;-3917.5628333333334;204.17166666666665;12.911666666666667;0.45516666666666666;2.2940666666666667;0.04595;0.5296500000000001;0.0003;0.7258333333333332;0.04066666666666666;230.26426666666666;-0.011833333333333335;0.9580500000000001;0.057716666666666666;91029.822;150210.65255;17715.215966666667;277.19509999999997;326994.33;1245.7988840946507
2012-01-01;33515.166666666664;1.01;29316.371166666668;2.273;0.24333333333333332;18.597166666666666;2.0829999999999997;1.0486666666666666;293.95633333333336;101251.91516666667;0.0;0.0;2616050.3485;-3814.1589999999997;196.8216666666667;12.782166666666667;0.456;2.304933333333333;0.051116666666666664;0.5286166666666666;6.666666666666668e-05;0.7278333333333333;0.04133333333333333;231.8396;-0.011766666666666667;0.9583333333333334;0.06608333333333333;95617.95333333332;156463.1061;18746.7144;183.20553333333336;336785.545;1319.4182398135292
2012-02-01;33516.666666666664;1.0105;29787.13266666667;1.5718333333333334;0.24433333333333332;18.597;2.0951666666666666;1.0423333333333333;296.2808333333333;103865.38283333334;0.0;0.0;2801703.5205;-3766.2165;185.56333333333336;12.798666666666668;0.45683333333333337;2.286566666666667;0.05435;0.5282333333333333;0.0007166666666666667;0.7303333333333333;0.042;231.83516666666665;-0.011766666666666667;0.9580000000000001;0.07098333333333333;100302.05121666666;162776.87911666665;19794.71138333333;236.58351666666667;346309.31;1392.7181812280705
2012-03-01;33517.5;1.0111666666666668;30671.770333333334;2.875666666666666;0.24533333333333332;18.599166666666665;2.1395;1.0721666666666667;298.507;106072.11283333333;0.0;0.0;3006140.8613333334;-4283.612;174.79333333333332;13.1105;0.45583333333333337;2.303733333333333;0.05931666666666666;0.5274833333333333;0.0005666666666666666;0.7324999999999999;0.042666666666666665;233.08705;-0.011750000000000002;0.95825;0.07098333333333333;105310.15483333333;169160.88908333334;20873.867150000002;480.04981666666663;355677.13999999996;1467.5505500949591
2012-04-01;33520.666666666664;1.0118333333333334;31407.989166666666;2.3465000000000003;0.24583333333333335;18.601;2.1261666666666668;1.0588333333333333;300.60583333333335;106668.21716666665;0.0;0.0;3233097.117666667;-3789.8013333333333;167.975;12.9395;0.459;2.3034333333333334;0.062;0.5274333333333333;0.0006166666666666667;0.7346666666666666;0.043166666666666666;233.59641666666667;-0.011750000000000002;0.9582;0.07316666666666667;110010.33238333334;175629.94735;21978.94975;44.34283333333334;364761.1566666667;1542.1788826991385
2012-05-01;33524.0;1.0114999999999998;32097.784166666665;2.1558333333333333;0.247;18.600166666666667;2.1428333333333334;1.0508333333333333;303.11016666666666;109930.55966666667;0.0;0.0;3484303.104333333;-3630.857666666667;159.275;13.152666666666667;0.45966666666666667;2.297266666666667;0.06826666666666666;0.5265666666666667;-0.00031666666666666665;0.7371666666666666;0.043666666666666666;234.06029999999998;-0.011733333333333333;0.9581333333333334;0.07586666666666667;115034.46685000001;182166.40545;23108.262716666668;311.79546666666664;373806.705;1617.044536128967
2012-06-01;33530.666666666664;1.0125;33223.09666666667;3.3783333333333334;0.24783333333333335;18.602833333333333;2.176833333333333;1.0703333333333334;305.23266666666666;110897.489;0.0;0.0;3761336.7238333337;-3608.0518333333334;147.49166666666667;13.088166666666666;0.45933333333333337;2.3124166666666666;0.07173333333333333;0.52805;0.00095;0.7393333333333333;0.044333333333333336;234.8826;-0.011683333333333332;0.9591333333333334;0.08826666666666667;120244.23305;188767.89118333333;24277.251350000002;365.6115333333334;382623.52;1692.6358942657043
2012-07-01;33533.833333333336;1.0134999999999998;34197.3535;2.8505000000000003;0.249;18.605333333333334;2.182166666666667;1.0454999999999999;307.6705;111632.71016666667;0.0;0.0;4067569.2301666667;-3584.2253333333333;140.14000000000001;13.130666666666665;0.461;2.3141333333333334;0.07723333333333333;0.52635;0.0009833333333333332;0.742;0.044833333333333336;235.52200000000002;-0.011666666666666667;0.9587;0.08431666666666666;125387.51218333334;195492.98083333333;25480.668666666665;155.8384333333333;391337.8;1771.0711416884278
2012-08-01;33529.833333333336;1.014;35492.87983333333;3.6413333333333333;0.25;18.603166666666667;2.1888333333333336;1.0490000000000002;309.87833333333333;113195.62983333333;0.0;0.0;4405995.6285;-3516.867;129.14166666666665;13.300166666666668;0.4628333333333334;2.3287166666666668;0.08025;0.5267000000000001;0.0005;0.7446666666666667;0.04516666666666667;237.61508333333333;-0.011683333333333332;0.9582833333333333;0.0796;130731.32533333334;202412.0181;26729.006433333332;204.19885;399833.215;1850.4358130651672
2012-09-01;33526.0;1.0143333333333333;36103.59016666667;1.6876666666666666;0.2511666666666667;18.602;2.1776666666666666;0.9964999999999998;312.1213333333333;113434.07633333333;0.0;0.0;4779687.180333334;-3673.6228333333333;114.77333333333333;12.768166666666666;0.4656666666666667;2.306566666666667;0.08339999999999999;0.5261333333333333;0.0004166666666666667;0.747;0.04566666666666667;239.4885833333333;-0.011683333333333332;0.9580000000000001;0.08211666666666667;136027.93765;209360.93318333334;27999.328666666668;60.740566666666666;408363.2766666667;1930.4498567164203
2012-10-01;33529.833333333336;1.0158333333333334;36573.415;1.2195;0.25216666666666665;18.604166666666668;2.1621666666666663;0.996;314.26366666666667;114607.42466666666;0.0;0.0;5193638.917833333;-3327.331166666667;92.815;13.1755;0.4693333333333333;2.2983;0.08983333333333333;0.5264833333333333;0.0014333333333333333;0.75;0.04583333333333334;240.81401666666667;-0.011666666666666667;0.9578166666666666;0.08153333333333333;141324.03323333335;216335.55895;29286.4047;15.090883333333332;416469.4533333333;2010.6237155866586
2012-11-01;33529.833333333336;1.0146666666666666;36281.98266666667;-1.374666666666667;0.253;18.604833333333335;2.154333333333333;0.969;316.85833333333335;114779.6565;0.0;0.0;5651607.416166667;-3366.2000000000003;73.74666666666667;13.049166666666666;0.472;2.291916666666667;0.09376666666666666;0.5273166666666667;-0.001216666666666667;0.7523333333333334;0.04650000000000001;241.37116666666668;-0.01165;0.9574833333333334;0.08524999999999999;146618.75365;223332.99733333333;30563.041016666666;60.13515;424497.6566666667;2087.173970110847
2012-12-01;33512.0;1.0108333333333333;34226.7805;-6.356166666666667;0.254;18.597166666666666;2.1454999999999997;0.9486666666666667;319.15683333333334;116298.2025;0.0;0.0;6160686.032333333;-3713.3061666666667;56.38666666666666;12.907166666666667;0.4748333333333333;2.2832666666666666;0.0973;0.5276833333333334;-0.0037833333333333334;0.7551666666666667;0.04650000000000001;242.85938333333334;-0.011633333333333334;0.9574833333333332;0.09155;151637.65951666667;229930.57266666667;31766.9422;69.30261666666667;432370.7816666667;2156.453974441803
2013-01-01;33514.5;1.0056666666666667;29759.901;-15.030333333333333;0.2551666666666667;18.5975;2.1343333333333336;0.9209999999999999;321.577;115979.33383333334;0.0;0.0;6728643.585833333;-4183.4664999999995;42.196666666666665;12.956166666666666;0.47700000000000004;2.2519833333333334;0.10226666666666667;0.52755;-0.005066666666666666;0.7571666666666667;0.04683333333333334;243.0390166666667;-0.011616666666666666;0.9573;0.08741666666666666;156040.72615;235826.05798333333;32826.74255;55.9724;440042.56666666665;2217.126744024937
2013-02-01;33513.0;1.0053333333333334;27303.233666666667;-9.428666666666667;0.256;18.598333333333333;2.124;0.9036666666666666;324.04;113947.848;0.0;0.0;7359703.127833333;-3953.7925;35.46666666666667;12.395333333333333;0.47866666666666663;2.261433333333333;0.1069;0.5278;-0.00038333333333333334;0.759;0.047499999999999994;244.66561666666666;-0.01155;0.9569;0.08825;160106.40125;241375.59869999997;33799.2542;56.34286666666666;447480.26333333337;2274.628795360334
2013-03-01;33522.166666666664;1.005;25946.998666666666;-5.0645;0.25666666666666665;18.605666666666668;2.112;0.8963333333333333;326.74133333333333;112237.54583333334;0.0;0.0;8058644.994166668;-3749.553;32.24666666666666;12.4;0.48016666666666663;2.23995;0.11355;0.5276166666666667;-0.00024999999999999995;0.7606666666666667;0.047499999999999994;245.65106666666668;-0.011533333333333333;0.9564499999999999;0.08588333333333333;163985.97713333333;246626.00723333334;34723.37398333333;55.34633333333333;454820.805;2331.658523613846
2013-04-01;33526.333333333336;1.0041666666666667;25033.274999999998;-3.6566666666666663;0.25783333333333336;18.608666666666668;2.0981666666666663;0.868;329.2076666666666;109290.99783333333;0.0;0.0;8832691.281499999;-3694.8058333333333;31.386666666666667;12.002666666666665;0.48133333333333334;2.2115833333333335;0.11649999999999999;0.52795;-0.0008333333333333332;0.7625000000000001;0.04766666666666666;245.51155000000003;-0.011516666666666666;0.9562166666666667;0.08588333333333333;167719.00461666667;251754.09336666667;35614.831450000005;35.6908;462025.24666666664;2387.6748739419877
2013-05-01;33529.0;1.0051666666666665;24983.32416666667;-0.19833333333333336;0.2588333333333333;18.616;2.097;0.8806666666666666;331.9583333333333;107953.85783333333;0.0;0.0;9688158.9445;-3631.2335000000003;26.263333333333332;12.190333333333333;0.48133333333333334;2.1786833333333333;0.12269999999999999;0.5283166666666667;0.0010333333333333334;0.7646666666666667;0.04783333333333333;246.09983333333335;-0.011466666666666667;0.9561666666666667;0.08588333333333333;171574.75375;256835.52148333332;36504.57235;195.04908333333333;469016.00166666665;2443.825522404466
2013-06-01;33537.166666666664;1.0053333333333334;24824.452666666668;-0.6565;0.2595;18.625666666666667;2.105;0.8703333333333333;334.98266666666666;106240.7255;0.0;0.0;10633518.6685;-3495.705;25.103333333333335;11.975833333333334;0.48066666666666663;2.1659;0.1285;0.5284333333333334;-1.6666666666666637e-05;0.7663333333333333;0.047999999999999994;247.36678333333336;-0.01145;0.9563;0.09853333333333332;175478.13641666668;261912.19955000002;37388.728800000004;282.41491666666667;475806.11166666663;2498.9510579996745
2013-07-01;33541.833333333336;1.0048333333333332;24562.677;-1.0998333333333334;0.2608333333333333;18.630166666666668;2.1365;0.8668333333333332;337.68683333333337;105344.59333333332;0.0;0.0;11678966.967666665;-3438.816833333333;23.231666666666666;11.771166666666666;0.47833333333333333;2.1194;0.13375;0.5283833333333333;-0.0003499999999999999;0.7678333333333334;0.048499999999999995;248.45916666666668;-0.011383333333333334;0.9574333333333334;0.11058333333333333;179653.90735;266840.48398333334;38263.5124;635.12835;482476.1166666667;2552.553822977134
2013-08-01;33543.166666666664;1.005;24517.652166666667;-0.18000000000000002;0.26183333333333336;18.638833333333334;2.1519999999999997;0.862;340.9325;104181.30383333332;0.0;0.0;12834175.898;-3358.2644999999998;22.136666666666667;11.841333333333333;0.47733333333333333;2.11145;0.13843333333333332;0.5286;0.00013333333333333334;0.7696666666666667;0.048666666666666664;249.26080000000002;-0.011366666666666666;0.9578666666666668;0.11420000000000001;183626.30315000002;271776.90238333336;39136.692749999995;423.6331333333333;488986.58;2605.5569463128
2013-09-01;33548.5;1.0045;24585.711166666664;0.25183333333333335;0.2625;18.644000000000002;2.1588333333333334;0.85;343.70416666666665;102996.91316666668;0.0;0.0;14110416.1285;-3265.3785000000003;18.375;11.513333333333334;0.4765;2.09365;0.14416666666666667;0.5284833333333333;-0.0004666666666666667;0.7716666666666666;0.04883333333333333;249.60145;-0.011366666666666666;0.95815;0.11843333333333333;187502.06213333333;276674.11073333333;40012.048683333334;312.33476666666667;495416.62333333335;2658.4130032942626
2013-10-01;33551.5;1.0045;24411.294333333335;-0.7206666666666667;0.26333333333333336;18.654833333333332;2.1563333333333334;0.8588333333333332;346.51950000000005;101972.92633333332;0.0;0.0;15520717.230166666;-3214.4780000000005;14.348333333333334;11.304666666666668;0.4765;2.0774833333333333;0.15009999999999998;0.5280166666666667;-0.00011666666666666665;0.7736666666666667;0.04883333333333333;250.48436666666666;-0.011349999999999999;0.95785;0.1135;191252.1727;281571.5728166667;40881.54266666667;204.36643333333333;501737.09;2711.2536562429673
2013-11-01;33551.0;1.0045;24090.757166666666;-1.3345;0.264;18.66;2.1513333333333335;0.8458333333333333;349.391;100888.70433333334;0.0;0.0;17078949.207833335;-3224.7318333333333;13.158333333333333;11.061833333333333;0.4765;2.057116666666667;0.15243333333333334;0.5289166666666667;1.6666666666666637e-05;0.7755000000000001;0.04883333333333333;251.40171666666666;-0.011316666666666668;0.9574666666666666;0.12363333333333333;194905.83271666666;286356.13915;41739.45416666667;149.75991666666667;508016.83;2762.8577233658148
2013-12-01;33553.5;1.0045;23770.506666666668;-1.3611666666666666;0.26466666666666666;18.671499999999998;2.1388333333333334;0.8341666666666666;352.1571666666667;99372.40666666666;0.0;0.0;18800576.596333332;-3357.611666666666;11.875;11.054499999999999;0.47733333333333333;2.029;0.15723333333333334;0.5285166666666666;0.00021666666666666668;0.777;0.048999999999999995;252.65911666666668;-0.011316666666666668;0.9575999999999999;0.12048333333333333;198438.15575;291057.29918333335;42585.90613333333;74.22351666666667;514078.3116666667;2813.8462609986054
2014-01-01;33536.333333333336;1.005;23740.1975;-0.13699999999999998;0.26366666666666666;18.666666666666668;2.1408333333333336;0.8283333333333333;354.36983333333336;98250.54616666667;0.0;0.0;20703246.472333334;-3285.9721666666665;9.495;10.785499999999999;0.4766666666666666;1.9951333333333334;0.16411666666666666;0.52925;0.0006;0.779;0.04933333333333333;253.73628333333332;-0.011283333333333333;0.9575999999999999;0.12931666666666666;202112.97296666668;295779.8705;43428.88365;245.5506333333333;520019.00499999995;2864.3270473877287
2014-02-01;33539.666666666664;1.0056666666666667;23813.21533333333;0.29916666666666664;0.26266666666666666;18.677333333333333;2.1305;0.8263333333333334;357.18533333333335;97545.38500000001;0.0;0.0;22804265.21166667;-3169.588;8.096666666666666;10.71;0.47733333333333333;1.9759;0.16763333333333333;0.52995;0.0003;0.7805;0.049499999999999995;254.62486666666666;-0.011283333333333333;0.9574166666666667;0.13186666666666666;205644.65783333333;300524.64623333333;44274.26728333333;82.84158333333333;525850.4716666667;2914.4042091710908
2014-03-01;33554.833333333336;1.0056666666666667;23586.607166666665;-0.9855;0.2615;18.687;2.120833333333333;0.8145000000000001;359.778;96945.58150000001;0.0;0.0;25126175.340499997;-3137.5303333333336;6.035;10.492166666666668;0.4775;1.9581166666666665;0.17406666666666668;0.5301666666666667;8.333333333333337e-05;0.7821666666666668;0.049499999999999995;255.36710000000002;-0.011250000000000001;0.9567833333333334;0.13388333333333333;209134.42890000003;305193.59301666665;45111.73006666667;77.43863333333333;531538.565;2964.070408435134
2014-04-01;33555.333333333336;1.0056666666666667;23444.375666666663;-0.6106666666666666;0.26;18.69183333333333;2.1155;0.7999999999999999;362.56850000000003;95736.553;0.0;0.0;27690541.774833333;-3157.0743333333335;5.213333333333334;10.243333333333334;0.47766666666666663;1.9318666666666668;0.17603333333333335;0.53085;0.00011666666666666665;0.7833333333333333;0.049666666666666665;256.35108333333335;-0.0112;0.9563833333333333;0.13696666666666665;212630.44628333332;309840.88756666664;45944.007600000004;111.49636666666667;537158.67;3013.3380981679584
2014-05-01;33565.0;1.0051666666666665;23612.594;0.657;0.2588333333333333;18.704833333333333;2.1263333333333336;0.8025000000000001;365.5156666666667;95097.94533333334;0.0;0.0;30522920.7245;-2980.6948333333335;4.513333333333333;9.995666666666667;0.4766666666666666;1.9137333333333333;0.1839333333333333;0.5298166666666667;-0.0005666666666666667;0.785;0.049833333333333334;257.6634;-0.0112;0.9570166666666666;0.14049999999999999;216361.8266;314474.1432333333;46782.298383333335;359.5746833333333;542634.7366666667;3062.311508248999
2014-06-01;33571.0;1.0045;23760.302;0.6084999999999999;0.25783333333333336;18.712500000000002;2.137166666666667;0.7928333333333333;368.56600000000003;93984.54266666668;0.0;0.0;33651261.53216667;-3049.2448333333336;2.1633333333333336;9.687666666666667;0.4755;1.8995666666666666;0.18715;0.5297499999999999;-0.0005166666666666667;0.7868333333333334;0.049833333333333334;259.09566666666666;-0.01115;0.9573833333333334;0.14098333333333332;220090.94388333336;319107.75271666667;47625.79091666667;341.3002333333333;548006.52;3111.272707202543
2014-07-01;33587.833333333336;1.006;23565.922166666667;-0.8641666666666667;0.25666666666666665;18.723166666666668;2.1788333333333334;0.781;371.3955;93193.6835;0.0;0.0;37107055.51833334;-2919.3111666666664;1.5266666666666666;9.528833333333333;0.4726666666666666;1.8698833333333333;0.1960833333333333;0.5307499999999999;0.0014;0.7879999999999999;0.049833333333333334;261.7365;-0.01115;0.9587666666666667;0.14266666666666666;224166.1941;323726.72393333336;48462.35925;764.2249;553253.5583333333;3159.305703601304
2014-08-01;33598.166666666664;1.0061666666666664;23612.123666666666;0.18966666666666665;0.25566666666666665;18.729666666666667;2.1983333333333337;0.7895;374.41366666666664;92415.97633333334;0.0;0.0;40924062.98166666;-3051.361833333333;0.31;9.244;0.47083333333333327;1.8567333333333333;0.19891666666666666;0.5308666666666667;0.00038333333333333334;0.7896666666666667;0.049833333333333334;263.7830666666667;-0.0111;0.9594499999999999;0.14325;228007.2205833333;328286.69933333335;49300.68221666667;502.38556666666665;558427.37;3207.4510000933874
2014-09-01;33604.0;1.0061666666666667;23782.875166666665;0.6994999999999999;0.25416666666666665;18.739500000000003;2.2038333333333333;0.7773333333333333;376.979;92473.01783333333;0.0;0.0;45139971.294999994;-3056.7566666666667;0.09833333333333333;8.993;0.4703333333333333;1.83245;0.20383333333333334;0.5305666666666667;-1.6666666666666674e-05;0.7915000000000001;0.049833333333333334;264.88595000000004;-0.011066666666666667;0.9596333333333332;0.14015;231658.53026666667;332851.3975166667;50145.14335;272.1674;563498.0716666667;3255.8710819717776
2014-10-01;33609.333333333336;1.0065;23986.222999999998;0.854;0.2531666666666667;18.750833333333333;2.22;0.7673333333333333;379.807;92342.77733333333;0.0;0.0;49796010.426;-2763.871333333333;0.0016666666666666668;9.001333333333333;0.46900000000000003;1.8148833333333334;0.20793333333333333;0.5315666666666666;0.00031666666666666665;0.7933333333333333;0.049999999999999996;265.8969666666667;-0.011066666666666667;0.9598333333333334;0.14593333333333333;235445.78143333332;337406.21691666666;50996.82011666667;401.52818333333335;568423.84;3303.535399144708
2014-11-01;33616.166666666664;1.0061666666666667;24210.537;0.9176666666666667;0.25166666666666665;18.7645;2.2238333333333333;0.7581666666666668;383.4518333333333;92181.22633333334;0.0;0.0;54938441.997;-2781.1883333333335;0.0;8.7005;0.46849999999999997;1.8084;0.2127;0.5315;-0.0005166666666666667;0.7946666666666667;0.049999999999999996;267.08855;-0.011049999999999999;0.9598666666666666;0.13621666666666668;239134.06074999998;342000.4118666667;51856.51398333334;262.6456;573291.9633333333;3351.263159973909
2014-12-01;33622.0;1.0065;24561.58366666667;1.3803333333333334;0.2505;18.774;2.2211666666666665;0.7458333333333332;386.5145;91817.96566666667;0.0;0.0;60617883.7645;-2833.6391666666664;0.0;8.490333333333334;0.4683333333333333;1.79915;0.21565;0.5316166666666667;0.0004;0.7965;0.050166666666666665;268.5543666666667;-0.011033333333333334;0.9594166666666667;0.14333333333333334;242758.08669999999;346656.6848666667;52728.536733333334;143.28818333333334;578108.44;3399.487107366898
2015-01-01;33627.833333333336;1.0065;24878.3815;1.2433333333333334;0.2515;18.780833333333334;2.2136666666666667;0.7334999999999999;389.00083333333333;90618.3895;0.0;0.0;66889972.377666675;-2798.3995;0.0;8.224666666666666;0.46866666666666673;1.7880166666666666;0.22111666666666666;0.5315833333333333;-1.6666666666666637e-05;0.7981666666666668;0.050166666666666665;270.32275;-0.011000000000000001;0.9593166666666667;0.1477;246345.1329333333;351363.44331666664;53611.60573333333;65.11398333333334;582751.75;3448.1445884182667
2015-02-01;33637.666666666664;1.007;25175.95583333333;1.1626666666666667;0.252;18.793166666666668;2.2066666666666666;0.7191666666666666;392.4983333333333;89828.20383333333;0.0;0.0;73818420.596;-2669.211333333333;0.0;8.089666666666666;0.4688333333333334;1.7565333333333335;0.22538333333333335;0.5321833333333333;0.0005;0.8001666666666667;0.050333333333333334;271.1741666666667;-0.010966666666666666;0.9591500000000001;0.14801666666666666;249972.10798333332;356083.3795333333;54505.43948333333;69.0839;587356.485;3497.196842138659
2015-03-01;33645.666666666664;1.0071666666666665;25555.949666666667;1.4961666666666666;0.25266666666666665;18.802;2.1985;0.6970000000000001;395.776;88815.55516666667;0.0;0.0;81468638.45483333;-2519.0335;0.0;7.822500000000001;0.46900000000000003;1.7342333333333333;0.23066666666666666;0.5320166666666667;0.00039999999999999996;0.8016666666666667;0.050333333333333334;271.58463333333333;-0.010983333333333333;0.9587833333333333;0.13906666666666667;253643.1653;360824.9213166667;55412.768116666666;68.84521666666667;591847.2716666666;3545.4772615449856
2015-04-01;33636.333333333336;1.0090000000000001;26099.563833333334;2.083833333333333;0.253;18.8085;2.2006666666666668;0.68;398.51116666666667;88712.93233333335;0.0;0.0;89918116.07249999;-2541.6188333333334;0.0;7.585999999999999;0.46849999999999997;1.7368833333333333;0.23501666666666665;0.5327666666666667;0.0015166666666666668;0.8036666666666666;0.050333333333333334;272.1820833333333;-0.01095;0.9584833333333332;0.13986666666666667;257495.83611666667;365622.0887833333;56339.24808333333;194.51200000000003;596277.3583333333;3594.4346186533367
2015-05-01;33640.5;1.009;26538.710166666668;1.6016666666666666;0.2535;18.814000000000004;2.2015;0.6675;401.42233333333337;88617.35833333334;0.0;0.0;99248961.932;-2593.422;0.0;7.287;0.4683333333333333;1.6996666666666667;0.24050000000000002;0.5341333333333333;0.00011666666666666667;0.8051666666666667;0.050166666666666665;272.77568333333335;-0.010916666666666667;0.9583166666666667;0.13961666666666667;261398.35713333334;370461.03021666664;57281.47681666666;187.74765000000002;600703.0;3643.765767398956
2015-06-01;33645.0;1.0086666666666666;26985.781000000003;1.6348333333333336;0.254;18.819333333333333;2.2055000000000002;0.6373333333333333;404.27850000000007;88768.827;0.0;0.0;109553776.1815;-2526.9053333333336;0.0;6.949166666666667;0.46799999999999997;1.67465;0.24583333333333335;0.5336;-0.0002833333333333333;0.8071666666666667;0.050333333333333334;273.68861666666663;-0.010933333333333335;0.9584833333333332;0.14215;265393.74305;375396.28253333335;58239.7904;229.55713333333333;605030.5016666666;3693.8419831463593
2015-07-01;33648.166666666664;1.0101666666666667;28235.826833333336;4.398;0.2545;18.822333333333333;2.222166666666667;0.619;406.8446666666667;88558.78216666666;0.0;0.0;120934460.42516667;-2373.408;0.0;6.749333333333333;0.467;1.713;0.25328333333333336;0.5344666666666666;0.0011666666666666668;0.809;0.050333333333333334;273.94;-0.0109;0.9591500000000001;0.14846666666666666;269749.1021166667;380495.1856166667;59242.19285;454.00693333333334;609246.36;3744.6184431431298
2015-08-01;33652.0;1.0098333333333334;28623.188333333335;1.346;0.255;18.8265;2.2563333333333335;0.5995;409.442;88301.00050000001;0.0;0.0;133502385.561;-2423.3101666666666;0.0;6.617333333333334;0.4648333333333334;1.6814666666666664;0.25835;0.5348499999999999;-0.00025;0.8108333333333334;0.050333333333333334;274.19003333333336;-0.010883333333333333;0.9599000000000001;0.15773333333333334;274414.01013333333;385640.37065;60258.47358333333;740.4667166666667;613513.4349999999;3796.753443576606
2015-09-01;33656.333333333336;1.0096666666666667;29422.466;2.7114999999999996;0.25566666666666665;18.831166666666665;2.2723333333333335;0.5601666666666666;412.3851666666667;88043.81333333334;0.0;0.0;147381972.7655;-2375.815666666667;0.0;6.299166666666667;0.464;1.6724833333333333;0.2641;0.5353333333333333;9.999999999999994e-05;0.8130000000000001;0.050499999999999996;273.8840833333333;-0.0109;0.9603833333333333;0.15715;278939.4590833333;390852.2898833333;61302.83805;474.8679833333333;617661.0650000001;3849.460368043545
2015-10-01;33665.5;1.0086666666666666;29073.0105;-1.4743333333333333;0.25616666666666665;18.840166666666665;2.2755;0.5263333333333333;414.9331666666667;87291.0555;0.0;0.0;162708943.06983334;-2575.610166666667;0.0;6.165833333333333;0.464;1.649066666666667;0.26561666666666667;0.5356;-0.00105;0.815;0.050499999999999996;274.53023333333334;-0.01085;0.9604499999999999;0.15526666666666666;283190.33905;395974.5928166667;62335.13161666667;219.14773333333332;621849.0266666667;3904.9235395527407
2015-11-01;33667.333333333336;1.0090000000000001;26957.436666666665;-8.637;0.2565;18.840666666666667;2.2655;0.4996666666666667;417.8913333333333;86550.8405;0.0;0.0;179636817.76316667;-2541.9183333333335;0.0;5.927333333333333;0.4648333333333334;1.6228333333333333;0.27385;0.5367833333333333;0.00039999999999999996;0.8166666666666665;0.050499999999999996;275.34451666666666;-0.010833333333333334;0.9601666666666667;0.15196666666666667;286995.0307666667;400775.2343666667;63292.20665;38.7253;625957.1166666667;3961.670493143127
2015-12-01;33671.833333333336;1.0083333333333333;20971.743833333334;-29.943;0.25733333333333336;18.846;2.2623333333333333;0.4638333333333333;420.88149999999996;85641.6685;0.0;0.0;198336507.77333334;-3525.9818333333333;0.0;5.508333333333333;0.4658333333333333;1.5000166666666666;0.2787;0.5385833333333333;-0.0009000000000000001;0.818;0.050666666666666665;275.43486666666666;-0.010816666666666667;0.9597833333333333;0.1603;290111.3955666667;404707.5791833333;64036.5155;160.0305;630018.345;4012.518286192087
2016-01-01;33680.666666666664;1.0081666666666667;17870.994833333334;-22.042833333333334;0.25766666666666665;18.854666666666667;2.252666666666667;0.4323333333333333;423.68816666666663;83059.41566666667;0.0;0.0;218991532.73516667;-3909.0955;0.0;5.1475;0.4658333333333333;1.4458333333333335;0.28745;0.5386833333333333;-0.00010000000000000005;0.8191666666666667;0.050666666666666665;276.05001666666664;-0.010766666666666667;0.9597000000000001;0.1622;292719.09165;408146.0149;64669.96576666667;80.26581666666667;633610.0516666666;4057.300785789969
2016-02-01;33678.166666666664;1.0065;16730.130833333333;-6.794666666666667;0.25833333333333336;18.85833333333333;2.2401666666666666;0.405;426.40766666666667;79418.08666666667;0.0;0.0;241803880.55216667;-3981.03;0.0;4.698833333333333;0.4663333333333333;1.3778;0.2946666666666667;0.53865;-0.0017166666666666667;0.8201666666666666;0.050499999999999996;275.79906666666665;-0.010633333333333333;0.9592166666666667;0.17128333333333334;295169.68206666666;411381.6288;65263.06813333333;83.38701666666667;637104.3683333333;4099.492721174613
2016-03-01;33670.0;1.0056666666666667;14538.244333333334;-13.826500000000001;0.25866666666666666;18.855166666666666;2.2568333333333332;0.391;428.80783333333335;76836.76816666666;0.0;0.0;266999793.89083335;-4085.9320000000002;0.0;4.7909999999999995;0.465;1.3701;0.3066333333333333;0.5390833333333332;-0.0006833333333333332;0.8213333333333334;0.050499999999999996;277.2677;-0.010583333333333333;0.9592166666666667;0.17083333333333336;297914.2309;414270.8820166667;65778.07091666666;755.2322333333333;640223.105;4135.485197507742
2016-04-01;33661.0;1.0053333333333334;13478.998333333335;-7.987833333333334;0.25933333333333336;18.852333333333334;2.2600000000000002;0.36366666666666664;431.32466666666664;74012.05500000001;0.0;0.0;294825908.7226667;-4294.263833333333;0.0;4.488166666666667;0.4643333333333333;1.3254666666666666;0.31088333333333334;0.54045;-0.00031666666666666665;0.8228333333333332;0.050666666666666665;278.0072;-0.010516666666666667;0.9591833333333333;0.18166666666666667;300273.10948333336;416991.41115;66255.57935;480.50831666666664;643419.2816666666;4169.400012745772
2016-05-01;33662.833333333336;1.0053333333333334;13691.766833333333;1.547;0.2595;18.856833333333334;2.2543333333333333;0.3706666666666667;433.8233333333333;71774.19733333333;0.0;0.0;325557362.8685;-3948.909166666667;0.0;4.3105;0.4638333333333333;1.3375166666666667;0.31888333333333335;0.5406;-6.666666666666663e-05;0.8241666666666666;0.050666666666666665;278.41249999999997;-0.010566666666666667;0.9593666666666666;0.1893;302563.86476666667;419709.7724833333;66740.61475;379.9393166666667;646491.5083333333;4203.302271347304
2016-06-01;33669.666666666664;1.0065;12855.211000000001;-6.476500000000001;0.26;18.87066666666667;2.272;0.3615;436.61733333333336;70976.68633333333;0.0;0.0;359496832.8225;-4326.435833333333;0.0;4.070333333333333;0.4623333333333333;1.2543499999999999;0.3241833333333333;0.5409166666666667;0.0011166666666666666;0.8248333333333333;0.050666666666666665;278.79305;-0.010549999999999999;0.9598;0.1980833333333333;305401.928;422315.79408333334;67195.83356666667;1114.01025;649639.9266666666;4236.553663413522
2016-07-01;33674.0;1.0058333333333334;13827.176166666666;6.941333333333334;0.26066666666666666;18.8755;2.2776666666666667;0.35883333333333334;439.31216666666666;70881.04483333333;0.0;0.0;396979435.3438334;-3661.824666666667;0.0;4.041833333333333;0.4613333333333334;1.3387499999999999;0.33271666666666666;0.5416333333333333;-0.0007000000000000001;0.826;0.050666666666666665;279.7754333333333;-0.010516666666666667;0.9600666666666666;0.1953;308157.44665;425057.0223333333;67685.68066666667;893.2028666666666;652451.2366666667;4270.425193156945
2016-08-01;33677.833333333336;1.006;13019.020666666665;-6.592833333333334;0.26133333333333336;18.88083333333333;2.2925;0.35833333333333334;442.4536666666666;70453.23933333333;0.0;0.0;438373697.6735;-4225.735833333333;0.0;4.2556666666666665;0.46016666666666667;1.2565;0.33454999999999996;0.54155;0.0002666666666666666;0.8273333333333333;0.050666666666666665;281.19509999999997;-0.010433333333333334;0.9607166666666666;0.19126666666666667;310982.39051666664;427676.3572166667;68146.95596666668;1074.3257999999998;655552.2000000001;4303.538998788469
2016-09-01;33667.333333333336;1.0054999999999998;12883.072;-1.163;0.262;18.8785;2.316333333333333;0.347;444.81;68927.21083333333;0.0;0.0;484088373.95449996;-4070.4588333333336;0.0;3.952833333333333;0.458;1.2483166666666665;0.34476666666666667;0.5435500000000001;-0.0003;0.8283333333333333;0.050666666666666665;283.09793333333334;-0.010416666666666666;0.9615666666666667;0.19765;313973.9002;430251.35905;68603.24538333334;1291.4692333333332;658479.0566666666;4335.760821792003
2016-10-01;33663.666666666664;1.006;12671.654999999999;-2.036166666666667;0.26266666666666666;18.8815;2.3303333333333334;0.3325;447.20733333333334;68108.9365;0.0;0.0;534576022.76183337;-4095.247;0.0;3.9086666666666665;0.4566666666666667;1.2271333333333334;0.3513;0.5437500000000001;0.0004;0.8294999999999999;0.050666666666666665;284.4667666666667;-0.01035;0.9618000000000001;0.20141666666666666;316663.39348333335;432803.7930333333;69052.09611666667;987.822;661360.265;4368.016784200072
2016-11-01;33675.833333333336;1.0065;12722.610166666665;0.04600000000000026;0.2631666666666667;18.89016666666667;2.3466666666666662;0.3333333333333333;450.113;67492.37716666666;0.0;0.0;590332590.61;-4006.6708333333336;0.0;3.7100000000000004;0.45533333333333337;1.2182833333333332;0.35790000000000005;0.54345;0.00033333333333333327;0.8303333333333333;0.050666666666666665;285.1501666666667;-0.010333333333333333;0.9620833333333333;0.20828333333333335;319329.7746;435348.95166666666;69502.91361666667;958.0931;664180.7316666667;4400.02900358959
2016-12-01;33688.5;1.0071666666666665;12515.738333333333;-1.8924999999999998;0.2631666666666667;18.904;2.3605;0.33066666666666666;453.3401666666667;66446.43133333333;0.0;0.0;651909372.4775001;-4065.604;0.0;3.6171666666666664;0.45416666666666666;1.1978833333333334;0.36251666666666665;0.5440833333333334;0.0007333333333333332;0.8306666666666667;0.050666666666666665;286.0063166666667;-0.010316666666666667;0.9622833333333333;0.21198333333333333;321901.13201666664;437868.37331666664;69946.26186666667;882.0666166666666;667012.7183333333;4431.979624714157
2017-01-01;33699.333333333336;1.0063333333333333;12256.002833333334;-2.417333333333333;0.2635;18.913833333333333;2.371;0.33266666666666667;456.08799999999997;66463.8905;0.0;0.0;719913747.3138334;-4262.422666666666;0.0;3.630166666666667;0.4531666666666667;1.1634833333333334;0.36833333333333335;0.5445666666666668;-0.0007666666666666667;0.8316666666666667;0.050666666666666665;286.9074166666667;-0.010299999999999998;0.9621;0.21591666666666667;324347.69591666665;440321.9742666667;70380.45456666667;784.43585;669826.1966666667;4463.712497977245
2017-02-01;33693.5;1.006;13034.284666666666;5.3065;0.26366666666666666;18.9135;2.3748333333333336;0.33549999999999996;458.8095;65734.53883333334;0.0;0.0;795016247.5075;-3799.7515;0.0;3.4776666666666665;0.4523333333333333;1.2401833333333334;0.37345;0.5451333333333334;-0.00045000000000000004;0.8329999999999999;0.050666666666666665;287.5489333333333;-0.010316666666666667;0.9621833333333333;0.2185;326625.78436666663;442915.2442166666;70842.18258333333;486.5157;672505.8883333333;4495.904589227351
2017-03-01;33698.166666666664;1.0068333333333332;11823.948166666667;-10.572833333333334;0.26433333333333336;18.921499999999998;2.386;0.33083333333333337;461.78883333333334;64780.50100000001;0.0;0.0;877956330.6546665;-4334.3795;0.0;3.3524999999999996;0.45116666666666666;1.1271166666666665;0.37736666666666663;0.5459999999999999;0.0006166666666666667;0.8338333333333333;0.050666666666666665;288.4650666666667;-0.010266666666666667;0.9629833333333333;0.22485;328952.26681666664;445380.21101666667;71260.92085000001;707.1898166666666;675453.88;4527.222028547515
2017-04-01;33709.0;1.0075;12325.810333333333;3.8234999999999997;0.26433333333333336;18.93433333333333;2.3926666666666665;0.3275;464.12916666666666;63508.63533333334;0.0;0.0;969554763.8305;-3912.94;0.0;3.362833333333333;0.4503333333333333;1.1656;0.3873333333333333;0.5478833333333334;0.0007499999999999999;0.8346666666666667;0.050666666666666665;289.37281666666667;-0.01025;0.9632000000000001;0.22708333333333333;331214.4399;447850.83091666666;71697.44758333334;576.5870666666666;678107.8983333333;4558.631192677022
2017-05-01;33711.666666666664;1.007;11987.3235;-3.442;0.265;18.942333333333334;2.3973333333333335;0.323;466.9928333333333;62397.028;0.0;0.0;1070713453.8258333;-4124.978166666667;0.0;3.3313333333333333;0.44966666666666666;1.1307166666666666;0.3887333333333333;0.5472833333333333;-0.0002833333333333333;0.8356666666666666;0.050833333333333335;290.1386333333333;-0.010233333333333332;0.9631333333333334;0.24465;333384.15923333337;450266.93583333335;72122.04043333333;516.6586166666667;680884.84;4589.78445076807
2017-06-01;33717.0;1.0058333333333334;11973.99;-0.08450000000000002;0.2655;18.95;2.4179999999999997;0.323;469.70416666666665;61939.635;0.0;0.0;1182430460.121;-4224.047333333333;0.0;3.345;0.44816666666666666;1.13185;0.39781666666666665;0.54975;-0.00125;0.8368333333333333;0.050833333333333335;290.9048;-0.010199999999999999;0.9638;0.24676666666666666;335957.337;452733.79925;72546.19755;971.9784666666666;683638.71;4621.54204450093
2017-07-01;33727.0;1.0058333333333334;11986.7995;-0.09633333333333338;0.26583333333333337;18.958666666666666;2.421;0.307;472.42316666666665;61560.729499999994;0.0;0.0;1305807448.7445;-4183.813166666667;0.0;3.1598333333333333;0.44783333333333336;1.1233166666666667;0.40381666666666666;0.5509499999999999;-0.00018333333333333334;0.8374999999999999;0.050833333333333335;291.58009999999996;-0.010183333333333334;0.96375;0.26303333333333334;338087.56288333336;455128.1573;72970.70863333333;481.41951666666665;686271.4183333333;4653.555612207732
2017-08-01;33726.0;1.0056666666666665;11903.740166666668;-0.7333333333333334;0.26616666666666666;18.959666666666667;2.4235;0.31016666666666665;475.0261666666667;61093.6465;0.0;0.0;1442062329.3896666;-4359.107666666667;0.0;3.1071666666666666;0.447;1.1148666666666667;0.4085666666666667;0.5514333333333333;-1.6666666666666674e-05;0.8383333333333333;0.051166666666666666;292.33251666666666;-0.0102;0.9639333333333333;0.27026666666666666;340208.86105;457524.7354333333;73392.21081666667;479.3033666666667;689005.5933333334;4685.499312908166
2017-09-01;33735.333333333336;1.0054999999999998;11607.485333333332;-3.185333333333333;0.2665;18.968999999999998;2.4231666666666665;0.3095;477.8206666666667;60632.265666666666;0.0;0.0;1592538818.8378334;-4324.831833333334;0.0;2.9851666666666667;0.4466666666666667;1.0829666666666666;0.41265;0.5526;-0.00021666666666666668;0.839;0.051166666666666666;292.8489666666667;-0.010066666666666666;0.9635333333333334;0.27148333333333335;342181.943;459883.95245;73803.02293333334;361.52358333333336;691671.4566666667;4717.294019342361
2017-10-01;33734.333333333336;1.0054999999999998;11523.110333333332;-0.7063333333333334;0.26666666666666666;18.972166666666666;2.4145;0.30666666666666664;479.9455;59417.15616666666;0.0;0.0;1758720908.2101667;-4503.567166666667;0.0;2.89;0.4466666666666667;1.0523333333333333;0.41758333333333336;0.55315;0.00021666666666666666;0.84;0.051166666666666666;293.2988666666667;-0.010083333333333333;0.9632999999999999;0.27266666666666667;343956.39005;462188.64783333335;74211.03181666667;157.05145000000002;694254.2516666666;4748.8287545057665
2017-11-01;33743.166666666664;1.0054999999999998;11403.485833333334;-1.5538333333333334;0.26766666666666666;18.980999999999998;2.4066666666666667;0.3;482.5263333333333;58267.05583333334;0.0;0.0;1942248281.5948334;-4520.6875;0.0;2.8185000000000002;0.4466666666666667;1.0436666666666665;0.4248166666666667;0.5545166666666667;-0.0002833333333333333;0.8403333333333333;0.051166666666666666;294.27875;-0.0101;0.9633666666666666;0.27568333333333334;345749.12895;464499.46911666665;74614.76585000001;195.17425;696830.5016666666;4780.288437556541
2017-12-01;33751.333333333336;1.0045;11677.204333333333;2.3626666666666662;0.26766666666666666;18.990666666666666;2.393666666666667;0.29916666666666664;485.151;57483.0845;0.0;0.0;2144931600.227167;-4166.847000000001;0.0;2.798166666666667;0.4466666666666667;1.0804333333333334;0.43093333333333333;0.5539333333333333;-0.0008333333333333334;0.8413333333333334;0.051166666666666666;294.8827833333333;-0.010083333333333333;0.96305;0.27276666666666666;347460.3726666667;466913.95915;75028.34316666667;66.06193333333333;699367.1083333334;4811.826859470136
2018-01-01;33762.333333333336;1.0046666666666666;10979.436;-6.400166666666666;0.26783333333333337;18.999;2.3876666666666666;0.2886666666666667;487.9215;56748.07;0.0;0.0;2368769303.0196667;-4565.293166666666;0.0;2.673166666666667;0.4466666666666667;0.9980500000000001;0.4331833333333333;0.5559;0.00028333333333333335;0.8416666666666667;0.051333333333333335;295.4053833333333;-0.01005;0.9628833333333334;0.27521666666666667;349202.53661666665;469150.4095;75417.1069;200.6137666666667;702000.1566666667;4842.537172630032
2018-02-01;33768.833333333336;1.0038333333333334;11606.622333333333;5.050166666666667;0.268;19.012833333333333;2.376333333333333;0.2916666666666667;491.251;55905.818999999996;0.0;0.0;2615970931.8783336;-4207.658333333334;0.0;2.7125;0.4466666666666667;1.0481166666666668;0.44036666666666663;0.5555333333333333;-0.00095;0.8421666666666666;0.051;295.85891666666663;-0.01005;0.96265;0.2853333333333333;350925.36481666664;471489.56766666664;75827.9931;94.99206666666667;704494.6200000001;4874.146335880728
2018-03-01;33773.666666666664;1.0045;11295.663666666667;-2.8846666666666665;0.26866666666666666;19.018;2.3743333333333334;0.295;494.13733333333334;55382.3805;0.0;0.0;2888972911.582834;-4545.840833333333;0.0;2.6833333333333336;0.44616666666666666;1.0363166666666668;0.4444166666666667;0.55565;0.0006333333333333333;0.8428333333333332;0.051166666666666666;296.29816666666665;-0.009933333333333334;0.9625499999999999;0.29218333333333335;352782.70166666666;473774.46403333335;76228.04341666667;282.35841666666664;707109.0299999999;4905.781866947369
2018-04-01;33781.166666666664;1.0046666666666666;11244.8215;-0.7018333333333334;0.269;19.027;2.370833333333333;0.295;496.7238333333333;55234.117;0.0;0.0;3190468165.1663337;-4523.987833333334;0.0;2.5548333333333333;0.446;1.0210833333333333;0.44921666666666665;0.5567166666666666;0.0002333333333333333;0.8433333333333333;0.051166666666666666;296.65341666666666;-0.009933333333333334;0.9622833333333333;0.2901666666666667;354563.9932833333;476109.28225;76626.3466;206.19446666666667;709718.465;4937.339128142285
2018-05-01;33790.166666666664;1.0056666666666667;11568.7085;2.7438333333333333;0.2695;19.031833333333335;2.3593333333333333;0.29833333333333334;499.135;54701.229166666664;0.0;0.0;3523432406.533833;-4332.1078333333335;0.0;2.5376666666666665;0.4463333333333333;1.0535166666666667;0.4528833333333333;0.5574;0.0010666666666666667;0.844;0.051166666666666666;297.35701666666665;-0.00985;0.9618166666666667;0.2984;356262.7446833334;478461.07266666665;77035.97313333333;70.08868333333334;712254.4700000001;4969.122017368217
2018-06-01;33788.333333333336;1.0065;10879.053;-6.589666666666666;0.26983333333333337;19.033166666666666;2.3466666666666667;0.2896666666666667;501.47183333333334;53697.867;0.0;0.0;3891148827.445667;-4729.090833333333;0.0;2.5595;0.44650000000000006;0.9900833333333333;0.45631666666666665;0.5579999999999999;0.0007;0.8448333333333333;0.051333333333333335;298.17334999999997;-0.009866666666666668;0.96165;0.2944;357861.08601666667;480672.7413833333;77420.96206666667;54.22645;714938.2216666667;5000.4582968295945
2018-07-01;33794.166666666664;1.0068333333333335;10831.595833333335;-0.6048333333333334;0.27033333333333337;19.038999999999998;2.339;0.29033333333333333;504.3403333333333;52474.823333333334;0.0;0.0;4297246105.8705;-4610.6331666666665;0.0;2.3676666666666666;0.4463333333333333;0.97585;0.4623333333333333;0.5576500000000001;0.00021666666666666668;0.8456666666666667;0.051333333333333335;298.68216666666666;-0.00985;0.9614333333333334;0.29611666666666664;359495.4197166667;482888.44435;77804.46581666666;109.0502;717459.9666666667;5031.736197147686
2018-08-01;33805.666666666664;1.0065;11017.115166666665;1.316166666666667;0.27066666666666667;19.052;2.343833333333333;0.2876666666666667;506.7878333333333;51947.1205;0.0;0.0;4745727982.9609995;-4261.922833333333;0.0;2.4353333333333333;0.4458333333333333;0.99375;0.46641666666666665;0.5569166666666666;-1.6666666666666674e-05;0.8458333333333333;0.051333333333333335;299.54333333333335;-0.009816666666666666;0.9614833333333334;0.2984833333333334;361432.0520833333;485101.3688666667;78194.45268333332;421.21655000000004;719949.8616666667;5063.053500194186
2018-09-01;33810.5;1.0063333333333333;11112.475166666665;0.5463333333333337;0.271;19.0535;2.3328333333333333;0.28983333333333333;509.6105;51325.63883333333;0.0;0.0;5241019162.6045;-4448.0199999999995;0.0;2.3443333333333336;0.446;1.0137666666666667;0.4679333333333333;0.5585833333333333;-0.0002833333333333333;0.8464999999999999;0.051333333333333335;299.6996666666667;-0.00975;0.9611166666666667;0.30623333333333336;363057.4280666667;487335.16123333335;78587.84396666667;57.673033333333336;722482.4633333334;5094.992120603189
2018-10-01;33819.833333333336;1.0054999999999998;10200.756333333333;-9.502166666666666;0.27133333333333337;19.062166666666666;2.3248333333333333;0.2846666666666667;512.4156666666667;50748.375166666665;0.0;0.0;5788005915.465167;-4944.312166666667;0.0;2.3476666666666666;0.446;0.9211166666666667;0.4743833333333333;0.5592;-0.0007166666666666667;0.847;0.0515;300.3324833333333;-0.009733333333333333;0.9611166666666667;0.3091833333333333;364555.6199;489421.6768166667;78949.06025;48.971133333333334;725067.0283333333;5126.155223865121
2018-11-01;33830.0;1.0051666666666665;10675.693333333333;4.152166666666666;0.27216666666666667;19.073333333333334;2.3313333333333333;0.2795;515.3445;50169.244999999995;0.0;0.0;6392082928.098834;-4507.736666666667;0.0;2.163;0.44533333333333336;0.9518;0.48310000000000003;0.5603;-0.0004;0.8476666666666667;0.0515;300.76118333333335;-0.0097;0.9613999999999999;0.3123833333333333;366415.15195;491610.3219333333;79327.06221666666;394.6399333333334;727409.6749999999;5157.320261644704
2018-12-01;33829.333333333336;1.0046666666666666;10485.5685;-1.8415;0.27233333333333337;19.077833333333334;2.3283333333333336;0.27166666666666667;517.9326666666667;50003.74133333333;0.0;0.0;7059209473.069;-4456.625166666668;0.0;2.1065;0.44533333333333336;0.9454666666666668;0.48510000000000003;0.5598;-0.0006833333333333332;0.8485;0.0515;301.40956666666665;-0.009633333333333334;0.9612666666666666;0.316;368079.59780000005;493723.9059666667;79698.39006666666;201.40626666666665;729817.2233333333;5188.289771268242
2019-01-01;33840.666666666664;1.0048333333333332;10522.011833333334;-0.4928333333333336;0.2728333333333333;19.0895;2.3215;0.2678333333333333;520.8753333333333;48950.555;0.0;0.0;7795966570.148;-4642.6355;0.0;2.1421666666666668;0.4451666666666667;0.9282;0.4907166666666667;0.5600666666666667;0.0002666666666666666;0.8488333333333333;0.051333333333333335;302.4302333333333;-0.009583333333333334;0.9609166666666668;0.3207333333333333;369670.7750166667;495848.982;80070.86626666666;115.81186666666667;732206.8283333333;5219.625442757635
2019-02-01;33838.833333333336;1.005;10222.890833333333;-2.8681666666666668;0.273;19.090333333333334;2.3103333333333333;0.26333333333333336;523.5151666666667;47994.22666666666;0.0;0.0;8609620851.246166;-4810.037;0.0;2.0395;0.44533333333333336;0.9087;0.49513333333333337;0.5607166666666666;0.0003333333333333333;0.8496666666666667;0.0515;302.85020000000003;-0.009466666666666667;0.9602166666666667;0.3292833333333333;371145.93405;497917.35943333333;80432.64381666666;28.547700000000003;734667.9116666666;5251.0187928827645
2019-03-01;33847.333333333336;1.0041666666666667;10599.2815;3.3165;0.274;19.096833333333333;2.2983333333333333;0.2678333333333333;526.118;47338.84;0.0;0.0;9508197983.6965;-4611.308166666667;0.0;2.0208333333333335;0.4455;0.9320333333333334;0.49923333333333336;0.5630333333333333;-0.00095;0.8504999999999999;0.0515;303.585;-0.009433333333333334;0.9598333333333334;0.3277833333333333;372687.44285;500040.9864;80807.94143333333;52.16815;736988.5033333333;5282.823729716695
2019-04-01;33851.333333333336;1.0041666666666667;10357.749333333333;-2.2183333333333337;0.27416666666666667;19.099666666666668;2.2886666666666664;0.2625;528.9653333333333;46943.75033333333;0.0;0.0;10500562839.806;-4642.091166666666;0.0;1.9838333333333333;0.44566666666666666;0.9256833333333333;0.5026;0.5632;-0.0001833333333333333;0.8508333333333332;0.0515;303.79296666666664;-0.00945;0.9597000000000001;0.33061666666666667;374202.02106666664;502139.75543333334;81174.71201666667;54.19466666666667;739393.5750000001;5314.422819317427
2019-05-01;33855.666666666664;1.0041666666666667;10177.270333333334;-2.646499999999999;0.275;19.1065;2.2865;0.25733333333333336;531.4250000000001;46675.74616666667;0.0;0.0;11596503079.3095;-4860.9365;0.0;1.8273333333333335;0.4455;0.8988333333333333;0.5085333333333334;0.5636333333333333;6.666666666666655e-05;0.8516666666666666;0.0515;304.20978333333335;-0.0094;0.9594333333333332;0.3292833333333333;375826.51125;504213.32286666665;81535.10816666666;205.39391666666666;741746.6866666666;5346.629239397785
2019-06-01;33854.333333333336;1.0046666666666666;9772.7955;-4.177;0.2751666666666667;19.108999999999998;2.285833333333333;0.2548333333333333;533.7605;46487.50166666667;0.0;0.0;12806830264.227167;-5196.374833333333;0.0;1.647;0.4451666666666667;0.8711000000000001;0.5172;0.5639;0.0005833333333333334;0.8525;0.0515;304.50736666666666;-0.009366666666666667;0.9594333333333332;0.3341166666666666;377434.3097833333;506211.6564;81880.94306666667;249.00218333333336;744080.41;5378.986491069666
2019-07-01;33862.0;1.0035;10385.783666666668;5.416999999999999;0.276;19.116666666666664;2.2826666666666666;0.2548333333333333;537.0105;46274.72816666667;0.0;0.0;14143482267.64;-4735.543333333333;0.0;1.7603333333333333;0.44483333333333336;0.9157333333333334;0.52115;0.56445;-0.0010833333333333335;0.8530000000000001;0.0515;305.17693333333335;-0.009383333333333334;0.9596;0.33759999999999996;379066.23046666663;508282.05638333334;82248.6773;191.55331666666666;746294.8533333334;5411.861150622721
2019-08-01;33870.833333333336;1.0001666666666666;9396.523833333335;-11.716333333333333;0.2765;19.124333333333333;2.2803333333333335;0.25433333333333336;539.7273333333334;45669.88416666666;0.0;0.0;15619644146.089666;-5403.002833333333;0.0;1.7371666666666667;0.4446666666666667;0.8497499999999999;0.5217666666666667;0.56645;-0.0034999999999999996;0.8533333333333334;0.0515;305.73308333333335;-0.0094;0.95985;0.33486666666666665;380570.6084;510250.2639166667;82581.36166666668;185.21328333333335;748712.81;5443.847401220567
2019-09-01;33871.166666666664;0.9968333333333333;10332.709666666668;8.450833333333334;0.27666666666666667;19.125;2.2798333333333334;0.24650000000000002;542.4258333333333;44475.00716666667;0.0;0.0;17249876137.831165;-4668.6630000000005;0.0;1.5810000000000002;0.4443333333333333;0.8970833333333333;0.5289333333333334;0.56625;-0.0035166666666666666;0.854;0.0515;306.2214333333333;-0.009349999999999999;0.95975;0.33605;382226.8295666667;512328.15233333333;82947.17353333333;229.96863333333332;750875.0716666667;5475.99202383538
2019-10-01;33886.833333333336;0.9935;9728.681333333332;-6.249166666666667;0.2771666666666667;19.138333333333332;2.2775;0.24333333333333332;545.451;44366.38333333333;0.0;0.0;19050260836.942333;-5067.3859999999995;0.0;1.4498333333333333;0.44416666666666665;0.872;0.5271833333333333;0.5666666666666668;-0.003316666666666667;0.8544999999999999;0.051333333333333335;307.14325;-0.009366666666666667;0.9596666666666667;0.32981666666666665;383773.80476666667;514303.2287833334;83291.63925;187.24890000000002;753216.1383333333;5508.321925276613
2019-11-01;33897.333333333336;0.9918333333333332;9826.386666666667;0.5783333333333331;0.2773333333333334;19.145666666666667;2.268666666666667;0.24366666666666667;547.757;43773.930499999995;0.0;0.0;21038556331.557167;-5006.443333333334;0.0;1.4206666666666667;0.44449999999999995;0.8721333333333333;0.5342333333333333;0.56755;-0.00175;0.8551666666666667;0.051333333333333335;307.7072166666667;-0.009316666666666666;0.9593833333333333;0.34508333333333335;385197.76340000005;516303.86503333336;83639.49608333333;42.16361666666666;755471.4716666667;5540.821163526946
2019-12-01;33899.833333333336;0.9898333333333333;9161.543666666666;-7.488666666666667;0.2773333333333334;19.154166666666665;2.260666666666667;0.23866666666666667;550.9578333333334;43497.234333333334;0.0;0.0;23234374068.050503;-5323.3341666666665;0.0;1.2863333333333333;0.44449999999999995;0.8044166666666666;0.5376333333333333;0.5663666666666667;-0.0021833333333333336;0.8555;0.051333333333333335;308.3831333333333;-0.0092;0.9589666666666666;0.34508333333333335;386535.48120000004;518197.7406166667;83963.82458333333;42.849983333333334;757738.9550000001;5572.91466363208
