date,sbpe,fgts,mortgage
2000-01-01,0.000000,,0.006758
2000-02-01,0.003729,,0.007525
2000-03-01,0.003745,,0.008260
2000-04-01,0.002270,,0.008377
2000-05-01,0.005775,,0.008620
2000-06-01,0.003991,,0.008586
2000-07-01,0.000000,,0.008155
2000-08-01,0.000000,,0.007531
2000-09-01,0.003007,,0.007598
2000-10-01,0.004595,,0.008474
2000-11-01,0.003686,,0.009001
2000-12-01,0.001545,,0.009009
2001-01-01,0.001746,,0.009051
2001-02-01,0.002347,,0.008774
2001-03-01,0.002850,,0.008640
2001-04-01,0.001126,,0.008506
2001-05-01,0.002145,,0.008171
2001-06-01,0.001029,,0.007928
2001-07-01,0.000000,,0.008160
2001-08-01,0.000331,,0.008668
2001-09-01,0.003632,,0.008626
2001-10-01,0.000000,,0.008049
2001-11-01,0.000000,,0.007723
2001-12-01,0.000000,,0.007673
2002-01-01,0.000817,,0.007714
2002-02-01,0.002172,,0.007798
2002-03-01,0.000081,,0.007614
2002-04-01,0.000000,,0.007431
2002-05-01,0.003166,,0.007598
2002-06-01,0.001579,,0.007682
2002-07-01,0.000000,,0.007798
2002-08-01,0.000000,,0.007840
2002-09-01,0.000000,,0.007472
2002-10-01,0.000000,,0.007073
2002-11-01,0.000000,,0.005172
2002-12-01,0.000000,,0.003974
2003-01-01,0.000000,,0.002548
2003-02-01,0.000000,,0.001547
2003-03-01,0.000000,,0.001026
2003-04-01,0.000000,,0.000886
2003-05-01,0.000000,,0.000553
2003-06-01,0.000000,,0.001028
2003-07-01,0.000000,,0.001849
2003-08-01,0.000000,,0.002106
2003-09-01,0.000000,,0.002056
2003-10-01,0.000000,,0.002902
2003-11-01,0.000000,,0.005107
2003-12-01,0.000000,,0.006414
2004-01-01,0.000000,,0.007646
2004-02-01,0.000825,,0.008444
2004-03-01,0.002569,,0.009077
2004-04-01,0.003863,,0.009579
2004-05-01,0.002831,,0.009662
2004-06-01,0.000522,,0.008941
2004-07-01,0.000000,,0.008348
2004-08-01,0.000000,,0.008055
2004-09-01,0.003040,,0.008431
2004-10-01,0.002040,,0.008305
2004-11-01,0.000000,,0.008013
2004-12-01,0.000000,,0.007729
2005-01-01,0.000504,0.000000,0.007879
2005-02-01,0.000441,0.000000,0.007896
2005-03-01,0.000165,0.000000,0.007779
2005-04-01,0.000000,0.000000,0.007362
2005-05-01,0.000722,0.000000,0.007379
2005-06-01,0.005385,0.000000,0.007990
2005-07-01,0.003786,0.000000,0.008541
2005-08-01,0.004856,0.000000,0.008976
2005-09-01,0.003407,0.000000,0.008959
2005-10-01,0.000000,0.000000,0.008700
2005-11-01,0.001673,0.000000,0.008817
2005-12-01,0.003601,0.000244,0.009235
2006-01-01,0.001761,0.000236,0.009227
2006-02-01,0.003345,0.000385,0.009377
2006-03-01,0.003335,0.000535,0.009528
2006-04-01,0.005637,0.001082,0.010081
2006-05-01,0.006840,0.001407,0.010408
2006-06-01,0.009472,0.001565,0.010568
2006-07-01,0.006332,0.001615,0.010618
2006-08-01,0.007549,0.001715,0.010719
2006-09-01,0.006391,0.001832,0.010837
2006-10-01,0.005783,0.002181,0.011189
2006-11-01,0.006143,0.002380,0.011390
2006-12-01,0.004687,0.002280,0.011290
2007-01-01,0.005131,0.002405,0.011415
2007-02-01,0.005106,0.002380,0.011390
2007-03-01,0.005715,0.002430,0.011441
2007-04-01,0.006639,0.002397,0.011407
2007-05-01,0.006249,0.002247,0.011256
2007-06-01,0.005838,0.001838,0.010843
2007-07-01,0.006115,0.001796,0.010801
2007-08-01,0.003930,0.001446,0.010448
2007-09-01,0.006268,0.001471,0.010473
2007-10-01,0.005336,0.001496,0.010498
2007-11-01,0.004640,0.001438,0.010440
2007-12-01,0.001554,0.001222,0.010222
2008-01-01,0.003065,0.001132,0.010138
2008-02-01,0.003422,0.001091,0.010096
2008-03-01,0.003410,0.000999,0.010004
2008-04-01,0.002602,0.000750,0.009753
2008-05-01,0.000267,0.000327,0.009326
2008-06-01,0.000284,0.000000,0.008941
2008-07-01,0.001714,0.000000,0.008698
2008-08-01,0.003862,0.000000,0.008857
2008-09-01,0.003955,0.000000,0.008790
2008-10-01,0.002318,0.000000,0.008665
2008-11-01,0.003051,0.000000,0.008681
2008-12-01,0.004070,0.000070,0.009066
2009-01-01,0.002528,0.000000,0.009116
2009-02-01,0.001920,0.000000,0.009066
2009-03-01,0.004941,0.000000,0.009301
2009-04-01,0.002769,0.000000,0.009359
2009-05-01,0.003115,0.000110,0.009627
2009-06-01,0.004307,0.000425,0.009945
2009-07-01,0.005505,0.000666,0.010188
2009-08-01,0.006332,0.000774,0.010297
2009-09-01,0.005631,0.000791,0.010314
2009-10-01,0.005454,0.000932,0.010457
2009-11-01,0.004376,0.000891,0.010415
2009-12-01,0.004619,0.000816,0.010339
2010-01-01,0.001366,0.000374,0.010113
2010-02-01,0.000937,0.000184,0.009921
2010-03-01,0.002742,0.000000,0.009653
2010-04-01,0.002269,0.000000,0.009577
2010-05-01,0.003417,0.000000,0.009611
2010-06-01,0.007144,0.000176,0.009913
2010-07-01,0.007257,0.000367,0.010107
2010-08-01,0.007111,0.000459,0.010199
2010-09-01,0.003667,0.000285,0.010023
2010-10-01,0.000887,0.000000,0.009630
2010-11-01,0.000000,0.000000,0.009278
2010-12-01,0.001278,0.000000,0.009061
2011-01-01,0.000000,0.000000,0.008994
2011-02-01,0.000000,0.000000,0.008977
2011-03-01,0.000000,0.000000,0.008752
2011-04-01,0.000000,0.000000,0.008784
2011-05-01,0.002842,0.000000,0.009546
2011-06-01,0.005104,0.000000,0.009221
2011-07-01,0.005137,0.000000,0.009393
2011-08-01,0.003112,0.000000,0.009017
2011-09-01,0.001454,0.000000,0.008552
2011-10-01,0.002515,0.000000,0.008820
2011-11-01,0.001579,0.000000,0.008482
2011-12-01,0.001607,0.000000,0.008292
2012-01-01,0.001354,0.000000,0.008518
2012-02-01,0.002361,0.000000,0.008611
2012-03-01,0.004516,0.000000,0.008797
2012-04-01,0.000640,0.000062,0.008209
2012-05-01,0.001847,0.000153,0.006906
2012-06-01,0.003101,0.000212,0.005670
2012-07-01,0.000000,0.000000,0.005246
2012-08-01,0.000373,0.000000,0.005610
2012-09-01,0.000000,0.000000,0.006075
2012-10-01,0.000000,0.000000,0.006041
2012-11-01,0.000000,0.000000,0.006074
2012-12-01,0.000000,0.000000,0.005434
2013-01-01,0.000000,0.000000,0.005085
2013-02-01,0.000000,0.000000,0.004861
2013-03-01,0.000000,0.000000,0.004345
2013-04-01,0.000000,0.000000,0.004420
2013-05-01,0.000000,0.000000,0.004213
2013-06-01,0.000025,0.000000,0.003963
2013-07-01,0.002427,0.000000,0.004596
2013-08-01,0.000896,0.000000,0.004737
2013-09-01,0.000363,0.000000,0.005120
2013-10-01,0.000000,0.000000,0.005336
2013-11-01,0.000000,0.000000,0.006281
2013-12-01,0.000000,0.000000,0.006074
2014-01-01,0.000498,0.000000,0.007228
2014-02-01,0.000000,0.000000,0.006655
2014-03-01,0.000000,0.000000,0.007872
2014-04-01,0.000000,0.000000,0.007076
2014-05-01,0.000036,0.000000,0.005906
2014-06-01,0.000159,0.000000,0.005491
2014-07-01,0.003518,0.000000,0.005806
2014-08-01,0.001441,0.000000,0.005599
2014-09-01,0.000000,0.000000,0.005117
2014-10-01,0.000000,0.000000,0.005142
2014-11-01,0.000000,0.000000,0.005167
2014-12-01,0.000000,0.000000,0.004388
2015-01-01,0.000000,0.000000,0.004015
2015-02-01,0.000000,0.000000,0.003973
2015-03-01,0.000000,0.000000,0.003940
2015-04-01,0.000000,0.000000,0.003708
2015-05-01,0.000000,0.000000,0.004270
2015-06-01,0.000000,0.000000,0.004343
2015-07-01,0.000000,0.000000,0.003933
2015-08-01,0.000000,0.000000,0.003760
2015-09-01,0.000000,0.000000,0.004083
2015-10-01,0.000000,0.000000,0.003750
2015-11-01,0.000000,0.000000,0.003434
2015-12-01,0.000000,0.000000,0.002591
2016-01-01,0.000000,0.000000,0.003260
2016-02-01,0.000000,0.000000,0.003228
2016-03-01,0.000000,0.000000,0.004362
2016-04-01,0.000000,0.000000,0.004247
2016-05-01,0.000000,0.000000,0.004809
2016-06-01,0.000000,0.000000,0.005077
2016-07-01,0.000000,0.000000,0.005358
2016-08-01,0.000000,0.000000,0.004976
2016-09-01,0.002301,0.000000,0.005360
2016-10-01,0.000938,0.000000,0.005231
2016-11-01,0.002661,0.000000,0.006519
2016-12-01,0.002095,0.000000,0.006870
2017-01-01,0.002195,0.000516,0.007611
2017-02-01,0.002907,0.000989,0.007888
2017-03-01,0.003376,0.001138,0.007640
2017-04-01,0.004166,0.001529,0.007435
2017-05-01,0.003760,0.001919,0.008526
2017-06-01,0.007676,0.002404,0.007916
2017-07-01,0.003999,0.002637,0.007950
2017-08-01,0.003888,0.002845,0.007261
2017-09-01,0.004221,0.002778,0.007394
2017-10-01,0.001932,0.002645,0.007160
2017-11-01,0.003046,0.002561,0.007176
2017-12-01,0.001014,0.002445,0.006261
2018-01-01,0.002525,0.002410,0.006636
2018-02-01,0.002135,0.002418,0.006445
2018-03-01,0.003944,0.002552,0.006379
2018-04-01,0.002840,0.002485,0.006312
2018-05-01,0.001089,0.002410,0.005938
2018-06-01,0.000000,0.001172,0.004397
2018-07-01,0.000017,0.001098,0.004222
2018-08-01,0.003519,0.001331,0.004357
2018-09-01,0.000000,0.001065,0.003890
2018-10-01,0.000000,0.001040,0.003865
2018-11-01,0.004435,0.001449,0.004275
2018-12-01,0.001806,0.001690,0.004517
2019-01-01,0.000265,0.001660,0.004293
2019-02-01,0.000000,0.001569,0.004400
2019-03-01,0.000000,0.001020,0.003851
2019-04-01,0.000000,0.000729,0.003459
2019-05-01,0.001074,0.000954,0.003585
2019-06-01,0.003069,0.001991,0.004624
2019-07-01,0.001669,0.002107,0.004641
2019-08-01,0.001981,0.001940,0.004275
2019-09-01,0.003532,0.002374,0.004609
2019-10-01,0.002546,0.002665,0.004702
2019-11-01,0.000000,0.002065,0.003901
2019-12-01,0.000000,0.001235,0.002870
2020-01-01,0.000640,0.000000,0.002962
2020-02-01,0.000790,0.000000,0.003112
2020-03-01,0.001355,0.000557,0.003778
2020-04-01,0.002088,0.001290,0.004314
2020-05-01,0.002515,0.001716,0.004841
2020-06-01,0.002306,0.001508,0.004632
2020-07-01,0.002165,0.001366,0.004291
2020-08-01,0.002056,0.001258,0.004082
2020-09-01,0.001490,0.000692,0.003515
2020-10-01,0.000859,0.000062,0.002982
2020-11-01,0.000545,0.000000,0.002767
2020-12-01,0.000380,0.000000,0.002602
2021-01-01,0.000347,0.000000,0.002269
2021-02-01,0.000000,0.000000,0.001863
2021-03-01,0.000000,0.000000,0.001347
2021-04-01,0.000000,0.000000,0.000532
2021-05-01,0.000000,0.000000,0.000000
2021-06-01,0.000000,0.000000,0.000000
2021-07-01,0.000000,0.000000,0.000000
2021-08-01,0.000000,0.000000,0.000000
2021-09-01,0.000000,0.000000,0.000000
2021-10-01,0.000000,0.000000,0.000000
2021-11-01,0.000000,0.000000,0.000000
2021-12-01,0.000000,0.000000,0.000000
2022-01-01,0.000000,0.000000,0.000000
2022-02-01,0.000000,0.000000,0.000000
2022-03-01,0.000000,0.000000,0.000000
2022-04-01,0.000000,0.000000,0.000000
2022-05-01,0.000000,0.000000,0.000000
2022-06-01,0.000000,0.000000,0.000000
2022-07-01,0.000000,0.000000,0.001064
2022-08-01,0.000000,0.000000,0.002188
2022-09-01,0.000000,0.000000,0.002997
2022-10-01,0.000000,0.000000,0.003444
2022-11-01,0.000000,0.000000,0.003992
2022-12-01,0.000000,0.000000,0.004581
2023-01-01,0.000000,0.000000,0.004689
2023-02-01,0.000000,0.000000,0.004034
2023-03-01,0.000274,0.000000,0.005683
2023-04-01,0.000646,0.000000,0.006057
2023-05-01,0.000845,0.000048,0.006856
2023-06-01,0.001469,0.000671,0.007384
2023-07-01,0.000800,0.000002,0.006910
2023-08-01,0.000307,0.000000,0.006116
2023-09-01,0.000000,0.000000,0.005256
2023-10-01,0.000139,0.000000,0.005349
2023-11-01,0.000247,0.000000,0.005657
2023-12-01,0.000297,0.000000,0.005308
2024-01-01,0.000388,0.000000,0.005400
2024-02-01,0.000397,0.000000,0.005209
2024-03-01,0.000853,0.000056,0.005967
2024-04-01,0.001044,0.000247,0.005959
2024-05-01,0.000853,0.000056,0.005867
2024-06-01,0.000611,0.000000,0.005724
2024-07-01,0.000395,0.000000,0.005407
2024-08-01,0.000603,0.000000,0.005616
2024-09-01,0.000454,0.000000,0.005366
2024-10-01,0.000188,0.000000,0.005298
2024-11-01,0.000097,0.000000,0.005206
2024-12-01,0.000130,0.000000,0.005638
2025-01-01,0.000346,0.000000,0.006653
2025-02-01,0.000000,0.000000,0.005856
2025-03-01,0.000000,0.000000,0.006617
2025-04-01,0.000000,0.000000,0.006575
2025-05-01,0.000000,0.000000,0.007041
2025-06-01,0.000000,0.000000,0.007115
2025-07-01,0.000000,0.000000,0.007315
2025-08-01,0.000000,0.000000,0.007391
2025-09-01,0.000000,0.000000,0.007358
2025-10-01,0.000250,0.000000,0.007751
2025-11-01,0.000424,0.000000,0.007827
2025-12-01,0.000582,0.000000,0.007986
2026-01-01,0.000441,0.000000,0.007744
2026-02-01,0.000944,0.000147,0.007853
2026-03-01,0.000679,0.000000,0.007785
2026-04-01,0.000480,0.000000,0.007585
2026-05-01,0.000215,0.000000,0.007317
2026-06-01,0.000281,0.000000,0.007384
2026-07-01,0.000439,0.000000,0.007543
2026-08-01,0.000615,0.000000,0.007720
2026-09-01,0.001600,0.000802,0.001850
2026-10-01,0.001600,0.000802,0.001850
2026-11-01,0.001600,0.000802,0.001850
2026-12-01,0.001600,0.000802,0.001850
2027-01-01,0.001600,0.000802,0.001850
2027-02-01,0.001600,0.000802,0.001850
2027-03-01,0.001600,0.000802,0.001850
2027-04-01,0.001600,0.000802,0.001850
2027-05-01,0.001600,0.000802,0.001850
2027-06-01,0.001600,0.000802,0.001850
2027-07-01,0.001600,0.000802,0.001850
2027-08-01,0.001600,0.000802,0.001850
2027-09-01,0.001600,0.000802,0.001850
2027-10-01,0.001600,0.000802,0.001850
2027-11-01,0.001600,0.000802,0.001850
2027-12-01,0.001600,0.000802,0.001850
2028-01-01,0.001600,0.000802,0.001850
2028-02-01,0.001600,0.000802,0.001850
2028-03-01,0.001600,0.000802,0.001850
2028-04-01,0.001600,0.000802,0.001850
2028-05-01,0.001600,0.000802,0.001850
2028-06-01,0.001600,0.000802,0.001850
2028-07-01,0.001600,0.000802,0.001850
2028-08-01,0.001600,0.000802,0.001850
2028-09-01,0.001600,0.000802,0.001850
2028-10-01,0.001600,0.000802,0.001850
2028-11-01,0.001600,0.000802,0.001850
2028-12-01,0.001600,0.000802,0.001850
2029-01-01,0.001600,0.000802,0.001850
2029-02-01,0.001600,0.000802,0.001850
2029-03-01,0.001600,0.000802,0.001850
2029-04-01,0.001600,0.000802,0.001850
2029-05-01,0.001600,0.000802,0.001850
2029-06-01,0.001600,0.000802,0.001850
2029-07-01,0.001600,0.000802,0.001850
2029-08-01,0.001600,0.000802,0.001850
2029-09-01,0.001600,0.000802,0.001850
2029-10-01,0.001600,0.000802,0.001850
2029-11-01,0.001600,0.000802,0.001850
2029-12-01,0.001600,0.000802,0.001850
2030-01-01,0.001600,0.000802,0.001850
2030-02-01,0.001600,0.000802,0.001850
2030-03-01,0.001600,0.000802,0.001850
2030-04-01,0.001600,0.000802,0.001850
2030-05-01,0.001600,0.000802,0.001850
2030-06-01,0.001600,0.000802,0.001850
2030-07-01,0.001600,0.000802,0.001850
2030-08-01,0.001600,0.000802,0.001850
2030-09-01,0.001600,0.000802,0.001850
2030-10-01,0.001600,0.000802,0.001850
2030-11-01,0.001600,0.000802,0.001850
2030-12-01,0.001600,0.000802,0.001850
2031-01-01,0.001600,0.000802,0.001850
2031-02-01,0.001600,0.000802,0.001850
2031-03-01,0.001600,0.000802,0.001850
2031-04-01,0.001600,0.000802,0.001850
2031-05-01,0.001600,0.000802,0.001850
2031-06-01,0.001600,0.000802,0.001850
2031-07-01,0.001600,0.000802,0.001850
2031-08-01,0.001600,0.000802,0.001850
2031-09-01,0.001600,0.000802,0.001850
2031-10-01,0.001600,0.000802,0.001850
2031-11-01,0.001600,0.000802,0.001850
2031-12-01,0.001600,0.000802,0.001850
2032-01-01,0.001600,0.000802,0.001850
2032-02-01,0.001600,0.000802,0.001850
2032-03-01,0.001600,0.000802,0.001850
2032-04-01,0.001600,0.000802,0.001850
2032-05-01,0.001600,0.000802,0.001850
2032-06-01,0.001600,0.000802,0.001850
2032-07-01,0.001600,0.000802,0.001850
2032-08-01,0.001600,0.000802,0.001850
2032-09-01,0.001600,0.000802,0.001850
2032-10-01,0.001600,0.000802,0.001850
2032-11-01,0.001600,0.000802,0.001850
2032-12-01,0.001600,0.000802,0.001850
2033-01-01,0.001600,0.000802,0.001850
2033-02-01,0.001600,0.000802,0.001850
2033-03-01,0.001600,0.000802,0.001850
2033-04-01,0.001600,0.000802,0.001850
2033-05-01,0.001600,0.000802,0.001850
2033-06-01,0.001600,0.000802,0.001850
2033-07-01,0.001600,0.000802,0.001850
2033-08-01,0.001600,0.000802,0.001850
2033-09-01,0.001600,0.000802,0.001850
2033-10-01,0.001600,0.000802,0.001850
2033-11-01,0.001600,0.000802,0.001850
2033-12-01,0.001600,0.000802,0.001850
2034-01-01,0.001600,0.000802,0.001850
2034-02-01,0.001600,0.000802,0.001850
2034-03-01,0.001600,0.000802,0.001850
2034-04-01,0.001600,0.000802,0.001850
2034-05-01,0.001600,0.000802,0.001850
2034-06-01,0.001600,0.000802,0.001850
2034-07-01,0.001600,0.000802,0.001850
2034-08-01,0.001600,0.000802,0.001850
2034-09-01,0.001600,0.000802,0.001850
2034-10-01,0.001600,0.000802,0.001850
2034-11-01,0.001600,0.000802,0.001850
2034-12-01,0.001600,0.000802,0.001850
2035-01-01,0.001600,0.000802,0.001850
2035-02-01,0.001600,0.000802,0.001850
2035-03-01,0.001600,0.000802,0.001850
2035-04-01,0.001600,0.000802,0.001850
2035-05-01,0.001600,0.000802,0.001850
2035-06-01,0.001600,0.000802,0.001850
2035-07-01,0.001600,0.000802,0.001850
2035-08-01,0.001600,0.000802,0.001850
2035-09-01,0.001600,0.000802,0.001850
2035-10-01,0.001600,0.000802,0.001850
2035-11-01,0.001600,0.000802,0.001850
2035-12-01,0.001600,0.000802,0.001850
2036-01-01,0.001600,0.000802,0.001850
2036-02-01,0.001600,0.000802,0.001850
2036-03-01,0.001600,0.000802,0.001850
2036-04-01,0.001600,0.000802,0.001850
2036-05-01,0.001600,0.000802,0.001850
2036-06-01,0.001600,0.000802,0.001850
2036-07-01,0.001600,0.000802,0.001850
2036-08-01,0.001600,0.000802,0.001850
2036-09-01,0.001600,0.000802,0.001850
2036-10-01,0.001600,0.000802,0.001850
2036-11-01,0.001600,0.000802,0.001850
2036-12-01,0.001600,0.000802,0.001850
2037-01-01,0.001600,0.000802,0.001850
2037-02-01,0.001600,0.000802,0.001850
2037-03-01,0.001600,0.000802,0.001850
2037-04-01,0.001600,0.000802,0.001850
2037-05-01,0.001600,0.000802,0.001850
2037-06-01,0.001600,0.000802,0.001850
2037-07-01,0.001600,0.000802,0.001850
2037-08-01,0.001600,0.000802,0.001850
2037-09-01,0.001600,0.000802,0.001850
2037-10-01,0.001600,0.000802,0.001850
2037-11-01,0.001600,0.000802,0.001850
2037-12-01,0.001600,0.000802,0.001850
2038-01-01,0.001600,0.000802,0.001850
2038-02-01,0.001600,0.000802,0.001850
2038-03-01,0.001600,0.000802,0.001850
2038-04-01,0.001600,0.000802,0.001850
2038-05-01,0.001600,0.000802,0.001850
2038-06-01,0.001600,0.000802,0.001850
2038-07-01,0.001600,0.000802,0.001850
2038-08-01,0.001600,0.000802,0.001850
2038-09-01,0.001600,0.000802,0.001850
2038-10-01,0.001600,0.000802,0.001850
2038-11-01,0.001600,0.000802,0.001850
2038-12-01,0.001600,0.000802,0.001850
2039-01-01,0.001600,0.000802,0.001850
2039-02-01,0.001600,0.000802,0.001850
2039-03-01,0.001600,0.000802,0.001850
2039-04-01,0.001600,0.000802,0.001850
2039-05-01,0.001600,0.000802,0.001850
2039-06-01,0.001600,0.000802,0.001850
2039-07-01,0.001600,0.000802,0.001850
2039-08-01,0.001600,0.000802,0.001850
2039-09-01,0.001600,0.000802,0.001850
2039-10-01,0.001600,0.000802,0.001850
2039-11-01,0.001600,0.000802,0.001850
2039-12-01,0.001600,0.000802,0.001850
2040-01-01,0.001600,0.000802,0.001850
2040-02-01,0.001600,0.000802,0.001850
2040-03-01,0.001600,0.000802,0.001850
2040-04-01,0.001600,0.000802,0.001850
2040-05-01,0.001600,0.000802,0.001850
2040-06-01,0.001600,0.000802,0.001850
2040-07-01,0.001600,0.000802,0.001850
2040-08-01,0.001600,0.000802,0.001850
2040-09-01,0.001600,0.000802,0.001850
2040-10-01,0.001600,0.000802,0.001850
2040-11-01,0.001600,0.000802,0.001850
2040-12-01,0.001600,0.000802,0.001850
2041-01-01,0.001600,0.000802,0.001850
2041-02-01,0.001600,0.000802,0.001850
2041-03-01,0.001600,0.000802,0.001850
2041-04-01,0.001600,0.000802,0.001850
2041-05-01,0.001600,0.000802,0.001850
2041-06-01,0.001600,0.000802,0.001850
2041-07-01,0.001600,0.000802,0.001850
2041-08-01,0.001600,0.000802,0.001850
2041-09-01,0.001600,0.000802,0.001850
2041-10-01,0.001600,0.000802,0.001850
2041-11-01,0.001600,0.000802,0.001850
2041-12-01,0.001600,0.000802,0.001850
2042-01-01,0.001600,0.000802,0.001850
2042-02-01,0.001600,0.000802,0.001850
2042-03-01,0.001600,0.000802,0.001850
2042-04-01,0.001600,0.000802,0.001850
2042-05-01,0.001600,0.000802,0.001850
2042-06-01,0.001600,0.000802,0.001850
2042-07-01,0.001600,0.000802,0.001850
2042-08-01,0.001600,0.000802,0.001850
2042-09-01,0.001600,0.000802,0.001850
2042-10-01,0.001600,0.000802,0.001850
2042-11-01,0.001600,0.000802,0.001850
2042-12-01,0.001600,0.000802,0.001850
2043-01-01,0.001600,0.000802,0.001850
2043-02-01,0.001600,0.000802,0.001850
2043-03-01,0.001600,0.000802,0.001850
2043-04-01,0.001600,0.000802,0.001850
2043-05-01,0.001600,0.000802,0.001850
2043-06-01,0.001600,0.000802,0.001850
2043-07-01,0.001600,0.000802,0.001850
2043-08-01,0.001600,0.000802,0.001850
2043-09-01,0.001600,0.000802,0.001850
2043-10-01,0.001600,0.000802,0.001850
2043-11-01,0.001600,0.000802,0.001850
2043-12-01,0.001600,0.000802,0.001850
2044-01-01,0.001600,0.000802,0.001850
2044-02-01,0.001600,0.000802,0.001850
2044-03-01,0.001600,0.000802,0.001850
2044-04-01,0.001600,0.000802,0.001850
2044-05-01,0.001600,0.000802,0.001850
2044-06-01,0.001600,0.000802,0.001850
2044-07-01,0.001600,0.000802,0.001850
2044-08-01,0.001600,0.000802,0.001850
2044-09-01,0.001600,0.000802,0.001850
2044-10-01,0.001600,0.000802,0.001850
2044-11-01,0.001600,0.000802,0.001850
2044-12-01,0.001600,0.000802,0.001850
2045-01-01,0.001600,0.000802,0.001850
2045-02-01,0.001600,0.000802,0.001850
2045-03-01,0.001600,0.000802,0.001850
2045-04-01,0.001600,0.000802,0.001850
2045-05-01,0.001600,0.000802,0.001850
2045-06-01,0.001600,0.000802,0.001850
2045-07-01,0.001600,0.000802,0.001850
2045-08-01,0.001600,0.000802,0.001850
2045-09-01,0.001600,0.000802,0.001850
2045-10-01,0.001600,0.000802,0.001850
2045-11-01,0.001600,0.000802,0.001850
2045-12-01,0.001600,0.000802,0.001850
2046-01-01,0.001600,0.000802,0.001850
2046-02-01,0.001600,0.000802,0.001850
2046-03-01,0.001600,0.000802,0.001850
2046-04-01,0.001600,0.000802,0.001850
2046-05-01,0.001600,0.000802,0.001850
2046-06-01,0.001600,0.000802,0.001850
2046-07-01,0.001600,0.000802,0.001850
2046-08-01,0.001600,0.000802,0.001850
2046-09-01,0.001600,0.000802,0.001850
2046-10-01,0.001600,0.000802,0.001850
2046-11-01,0.001600,0.000802,0.001850
2046-12-01,0.001600,0.000802,0.001850
2047-01-01,0.001600,0.000802,0.001850
2047-02-01,0.001600,0.000802,0.001850
2047-03-01,0.001600,0.000802,0.001850
2047-04-01,0.001600,0.000802,0.001850
2047-05-01,0.001600,0.000802,0.001850
2047-06-01,0.001600,0.000802,0.001850
2047-07-01,0.001600,0.000802,0.001850
2047-08-01,0.001600,0.000802,0.001850
2047-09-01,0.001600,0.000802,0.001850
2047-10-01,0.001600,0.000802,0.001850
2047-11-01,0.001600,0.000802,0.001850
2047-12-01,0.001600,0.000802,0.001850
2048-01-01,0.001600,0.000802,0.001850
2048-02-01,0.001600,0.000802,0.001850
2048-03-01,0.001600,0.000802,0.001850
2048-04-01,0.001600,0.000802,0.001850
2048-05-01,0.001600,0.000802,0.001850
2048-06-01,0.001600,0.000802,0.001850
2048-07-01,0.001600,0.000802,0.001850
2048-08-01,0.001600,0.000802,0.001850
2048-09-01,0.001600,0.000802,0.001850
2048-10-01,0.001600,0.000802,0.001850
2048-11-01,0.001600,0.000802,0.001850
2048-12-01,0.001600,0.000802,0.001850
2049-01-01,0.001600,0.000802,0.001850
2049-02-01,0.001600,0.000802,0.001850
2049-03-01,0.001600,0.000802,0.001850
2049-04-01,0.001600,0.000802,0.001850
2049-05-01,0.001600,0.000802,0.001850
2049-06-01,0.001600,0.000802,0.001850
2049-07-01,0.001600,0.000802,0.001850
2049-08-01,0.001600,0.000802,0.001850
2049-09-01,0.001600,0.000802,0.001850
2049-10-01,0.001600,0.000802,0.001850
2049-11-01,0.001600,0.000802,0.001850
2049-12-01,0.001600,0.000802,0.001850
2050-01-01,0.001600,0.000802,0.001850
2050-02-01,0.001600,0.000802,0.001850
2050-03-01,0.001600,0.000802,0.001850
2050-04-01,0.001600,0.000802,0.001850
2050-05-01,0.001600,0.000802,0.001850
2050-06-01,0.001600,0.000802,0.001850
2050-07-01,0.001600,0.000802,0.001850
2050-08-01,0.001600,0.000802,0.001850
2050-09-01,0.001600,0.000802,0.001850
2050-10-01,0.001600,0.000802,0.001850
2050-11-01,0.001600,0.000802,0.001850
2050-12-01,0.001600,0.000802,0.001850
