2010-01-01;47518.643033509026;1.001;8692.454345471453;100.0;0.1889428490581234;15.417303170270744;0.10073225778464397;0.052057130678338386;313.4986911480871;153298.80858523035;0.0;0.0;2251197.5524849053;108.0215266192155;61.08469182381325;0.36205643181524816;0.49579784890262124;0.13689034307234754;0.09046772848500867;0.5289270541579074;0.0;0.7276994622256553;0.08098316324759439;269.0619913000954;0.013747228452923303;0.20032284190220886;0.0;2388.8759926339726;7266.788497098474;410.0990450112145;0.0;20924.74355259869;98.93124858844624
2010-02-01;47631.49322862935;1.0067888543819996;12871.724528489547;36.704360217568386;0.20598330720996716;15.16852759940041;0.28893888728230827;0.1860731549451334;312.18104388926275;14283.912659288551;0.0;0.0;2255507.1247734013;120.89250277607715;93.37721245362327;1.7358384694357682;0.5479733066131998;0.4909339479838452;0.0293250202731225;0.5325307867638089;0.005455293477721308;0.7279663264951888;0.07767221197208482;258.20117683378146;0.011097080023909573;0.7851165607674472;0.0;5531.584328555956;17091.868179229303;1015.8047501071323;0.49931794730231593;45136.99588371048;226.62937835018448
2010-03-01;47736.03353174574;1.0107772536221094;17676.78837499496;30.995262987854836;0.21533999556147163;15.049908916826046;0.5398991284118873;0.3178260996416422;313.51804580207175;17371.717690286263;0.0;0.0;2266306.2708271234;-71.12463145091652;116.56570298896365;3.2562116382946646;0.5077370365608601;0.8220726155659005;0.012856184172236699;0.5417905670316403;0.004312580449250769;0.7295976176963404;0.07519089023002067;253.6479036595033;0.010142258457335076;0.9090076009813401;0.0;9371.905919695959;26344.22164742096;1847.1199913423764;51.596138965043124;69594.58057455873;387.21638940370417
2010-04-01;47802.28769204082;1.010966326495189;19520.35519304201;11.931075669515801;0.22213322147525044;14.975597508721505;0.6000506333683375;0.363673195217186;314.54792471489327;40305.44659293797;0.0;0.0;2283875.2980973776;-46.25147487965137;138.54332793522047;3.7745444829954407;0.5290287628091156;0.9475194303465573;0.013608614931591136;0.5515046158466149;0.0027866617790706255;0.7307772536221093;0.07219089023002064;245.84582526800588;0.009384902580007678;0.9216937428198193;0.0;13557.923085430175;36604.82416300498;2758.9944095919577;180.033835856624;93877.73490270227;548.4533811772678
2010-05-01;47891.71797893641;1.0130887869499445;22628.627903269913;15.028244761706745;0.2279428490581234;14.952232135070387;0.7808634031703051;0.4356963853453956;316.9223294870438;49084.76058808316;0.0;0.0;2306308.9600897986;-475.48584809130966;160.83914639064164;4.712405283160133;0.5108340425371393;1.1847045924724697;0.010979922479455534;0.5550866225729998;0.003874889378365107;0.7315298221281348;0.07025680975041805;246.32176533440887;0.007862850528338652;0.9407481933578205;0.0;18283.899970790633;46728.99861203721;3823.3921485562514;388.7969835654611;118110.25306113237;733.7345120634318
2010-06-01;47938.876739130355;1.013611469515404;27677.390489547462;20.179414240541483;0.2319428490581234;14.931595813723412;1.1624172282103398;0.556422873879525;319.6753022030729;53183.06759803628;0.0;0.0;2335014.6970749814;-200.81191950296147;174.55742522362172;6.117292086661327;0.47205436342100043;1.6218521021805052;0.00912487732198142;0.5595870141390928;0.002452120336310938;0.7315047570555666;0.06793265299037757;254.87099856350196;0.006249113874353249;0.9641524486639581;0.0;23835.854147325677;58058.237350216994;5121.497857227125;551.4417056457788;141897.74768184472;930.6248630806848
2010-07-01;48027.36840891155;1.0152917682916753;31697.821790578746;18.531126021165306;0.23682221191506017;14.918463887489922;1.4872297022843806;0.674819391601278;322.6028313714784;69410.48000262804;0.0;0.0;2371937.7264478663;-776.010376663955;187.5777774877281;7.569618312751088;0.45583399998222324;1.9354137304266528;0.008918102737138483;0.5666819845494552;0.002393492592456904;0.7329663264951888;0.06534442394416966;248.00634566367887;0.005217327908669576;0.9763309222057157;0.0;30188.081935745708;69828.36145375691;6552.537186483455;999.7957147486766;165638.92503817336;1141.7727723609219
2010-08-01;48103.637493350914;1.0115993196570443;37481.315544210185;16.917675330346324;0.24079285308902093;14.910501449267754;1.7374705431719315;0.7680090598518058;326.18858216930596;108652.82094117791;0.0;0.0;2418050.664711143;-639.9108246346557;181.93649407004236;8.582385839972469;0.4493137084989848;2.2285454407749814;0.008978496238865782;0.5719479961778999;0.0013840163169726802;0.7347888543819998;0.06379473319220205;249.660708712158;0.0036209973788513703;0.9820973301418298;0.0;37602.65417731126;81713.79505255437;8132.627679505507;1579.9707987125644;188768.20045721208;1352.462026869362
2010-09-01;48164.46152903469;1.0091908902300204;39437.66325906664;8.663461383978955;0.24379285308902093;14.914068493770136;1.8042402905426058;0.7616172783567762;329.02453567296067;119672.91140789347;0.0;0.0;2473022.018436763;-912.7768408288562;182.52763303492048;8.802644467709358;0.4556234470026755;2.3642683769954673;0.010433370370065543;0.5778584868139213;0.001401034298314999;0.7368284271247462;0.06273286382647969;248.17935355524884;0.002555698568555186;0.9821455528535061;0.025168979138416453;44412.72115738796;94144.6269251126;9926.679314852137;377.29960292271653;211054.1603084408;1567.9939489885355
2010-10-01;48225.00841372402;1.0091908902300204;37495.05246641124;4.587438099929781;0.24679285308902094;14.905786572412513;1.7582971715331743;0.7668098350745011;333.10521871396804;122615.35499157227;0.0;0.0;2536163.9931443217;-1008.5982001541222;185.67304626470727;8.908095932478766;0.46735374328443585;2.347151603134485;0.011551571627983313;0.5816180337242391;0.0025794636718106064;0.7396114695154037;0.061656854249492375;243.26664950811346;0.0014584569538417759;0.973799096141169;0.024579081189859818;50725.003321328804;106418.6852357221;11684.800626039581;33.053284056729794;232835.41652858397;1797.65459651281
2010-11-01;48253.510783106714;1.0086994622256553;36460.98350560298;4.946222781324921;0.24906630035524124;14.906427144263121;1.7248506928601985;0.7616122735544923;336.58507139998966;121975.67259819759;0.0;0.0;2608070.745723212;-1345.2346805623188;188.21110624324353;9.070063636354641;0.4761124918725583;2.275715083436161;0.01578336569564036;0.5843643411772201;0.0027920875923343465;0.7409326529903776;0.058594987462885946;242.77891878970485;0.0009826907781089692;0.9715193692872681;0.03305935824846371;56906.231459768926;118194.99203216488;13391.927720572765;45.982516473770666;254124.66635709925;2068.952073746889
2010-12-01;48326.977416612855;1.0093388786387516;36719.12726571661;4.832170329934134;0.2516155834610079;14.930791708853302;1.7394323744082965;0.780781633255441;340.27669475568;119510.15786053445;0.0;0.0;2690674.3071503984;-1179.7686390446706;191.49724548771204;9.39039069552623;0.4789681816877676;2.2669443785323242;0.01623641799102844;0.5893273645814268;0.0016914021704740867;0.7409663264951888;0.056112222105287775;245.90765953821995;-8.120538944427456e-05;0.9712455698641335;0.05184429281722349;63130.359365376215;129890.3376102944;15110.591155072965;124.75373110646015;274815.1287015534;2381.7818400797923
2011-01-01;48347.2954177896;1.0111714237222331;37695.64016066712;3.5978843812149535;0.2537898582437439;14.935446479843316;1.6931128861600115;0.7995959253343036;345.057308957389;127065.84583078482;0.0;0.0;2785106.3547385302;-1256.1031907822335;194.10863222088858;9.524857451506145;0.48772527725278453;2.2956551563483876;0.019237777558968966;0.5877032682555378;0.0021027239001672176;0.7441714237222332;0.0558202564049143;246.80866391279423;-0.0010977649997191904;0.9679334351258181;0.050296228112661254;69404.38207414975;141499.52654306643;16933.302274109872;36.71875350107689;295495.06551351876;2625.3206887706
2011-02-01;48369.64395391812;1.0122568097504179;38194.05377342448;5.314126674900488;0.25507499458170557;14.937520143751389;1.659676565359644;0.8143162414304583;349.66806349818285;126582.90770129755;0.0;0.0;2892688.159393809;-839.0791412878748;199.2086283803889;9.372418519745956;0.495916869916684;2.288038868459373;0.02152574776766556;0.5912629555656939;0.002098648546040342;0.7467554536166114;0.05531998663993314;244.6424584474047;-0.002210823810235919;0.967913411260963;0.049155448328731685;75669.85258103961;152889.37016325543;18766.838113131405;23.062000489386975;315560.6661589918;2952.837352242947
2011-03-01;48383.146037713734;1.013714913767469;38104.029456285876;4.912662730105839;0.2566155834610079;14.935107004299708;1.6398834994259806;0.8068569386401684;353.8294854699844;123546.8100928542;0.0;0.0;3013531.8601694074;-1397.4505697065692;200.0515910860438;9.86248749390136;0.5008911108772423;2.2359899245394335;0.024266774191683604;0.5944609083831297;0.002548674125420194;0.7493991868709227;0.05473878442834155;245.37601923773042;-0.003270565259348013;0.9655566142628597;0.04724921259593007;81935.22711974895;163726.94773717906;20603.957637995525;61.14510312946491;335099.9700698118;3254.748237452978
2011-04-01;48370.81756334629;1.0125331501776207;38129.558010769055;4.483465266465597;0.258210375489903;14.937480261512633;1.6139698521086745;0.808730026002561;358.08581317163845;129425.12597027083;0.0;0.0;3149751.089872573;-1496.4501640890871;200.20848757231067;9.650119644906766;0.506653474794879;2.2117980619999993;0.027458565367480897;0.5955043596843296;0.0008521980673998823;0.7515298221281347;0.05280948317881879;243.7850174832779;-0.004491783582905636;0.9657057337996755;0.049226589946259725;88201.71423225428;174736.3538272593;22443.17372161838;104.7500595784047;354255.39795947174;3545.4623995125494
2011-05-01;48369.8119799909;1.011732257784644;39483.627720149445;5.171764170097916;0.258740414657621;14.934826638335657;1.6763493662751416;0.8391065720200379;361.7829111241627;131317.5226895552;0.0;0.0;3302030.2611364527;-1311.8397996723752;197.5329682044625;10.231536924202763;0.5035233082591052;2.2566602475086754;0.029305425828079056;0.5973569750196086;0.001924807680927192;0.7551690468097503;0.05169439319375748;242.30800081660257;-0.005399239515890128;0.9652014558204758;0.07920744711862368;94938.89871633088;185712.2784951124;24343.982693318878;564.7252157215285;372879.1843623237;3844.494627262412
2011-06-01;48363.434467950174;1.0115047570555666;41086.98538214438;7.574039854794647;0.26008369564075945;14.930331531520563;1.7725622252409017;0.873399919224503;365.5136934619106;134082.82650128327;0.0;0.0;3473199.698750544;-1361.0028566885617;193.85239881738406;10.440691579905966;0.4954657276529594;2.290564279177452;0.034058440169769506;0.60111925532304;0.0010494687714346484;0.757256809750418;0.048513619500836096;248.97097303100307;-0.0038051469170269376;0.9658775676393005;0.08509027414458414;102195.8981571096;196370.23438498058;26310.718448716038;944.293194451575;391343.94362090353;4144.187953584289
2011-07-01;48346.08768894555;1.0130213633723317;42066.005034371985;6.050581633993993;0.262210375489903;14.941886061774845;1.867813023910275;0.8726127555277419;369.1108052318168;135151.1685930914;0.0;0.0;3664106.3943571877;-1692.8949793385013;192.85688853138484;11.260122473488995;0.48905569985448294;2.3194823934022737;0.03679418215835442;0.6028260684153057;0.001701346938716484;0.7602781361820703;0.04593265299037757;251.29675002391204;-0.0038522186080139006;0.9657712565409443;0.11715966122571023;109608.96474763395;207257.19969778875;28342.44765172161;903.5336293012988;408922.8575174511;4449.893942344134
2011-08-01;48312.081424272714;1.0133904640116718;43648.51933863393;5.449078329653249;0.263572670690062;14.944912438767128;1.9460746733048835;0.8888391604829824;372.8325960684568;145279.96960985797;0.0;0.0;3877513.711419478;-1343.9660990710968;189.92356083488613;11.197128320924179;0.48521457089323977;2.378304643004255;0.038733741919328143;0.6005919516574897;0.0018870547503104947;0.7627772536221094;0.04759931965704424;250.3388401294779;-0.0038668997697496113;0.9659069862980898;0.09920632809419094;117460.41871687936;218053.7017541575;30449.229839708045;1272.7272717142134;426238.0387075143;4753.9519541681
2011-09-01;48288.13625814612;1.0123991868709226;43581.60992691055;4.8618700164150335;0.26536851828043007;14.947834717601609;1.9706668686867448;0.8828666537567758;376.35207617849653;147032.96406238351;0.0;0.0;4114790.2746427213;-1578.4421689958237;190.83520960777372;11.69312005152549;0.48487489205454315;2.3330076188172764;0.043474003524466995;0.5996375438021272;0.0018784962388657827;0.7642996598285222;0.04859931965704424;250.44249258425197;-0.00380033682358334;0.9661741122224927;0.11235074409660908;124622.40741344659;228626.50001511414;32551.32971654839;463.22381453132243;443031.46922672127;5084.53877614942
2011-10-01;48259.3418807541;1.0135331501776206;44013.31289545545;4.240635449173193;0.2663685182804301;14.960271940557394;1.9963588457277297;0.890941520361254;381.2439927192646;153843.0112982328;0.0;0.0;4378250.605588776;-1586.6477456295356;187.9527009735647;11.77900689920405;0.48487489205454315;2.3049874506168666;0.04641738933431429;0.5995169396818297;0.0028316660151158765;0.7680658535375894;0.049786335345031005;251.74843073682877;-0.0037327777938519525;0.9654981875826709;0.1182184361930256;131928.96140909303;238936.46184329342;34675.89961352655;560.3203549000834;459358.02065163286;5435.2831825706
2011-11-01;48244.68620442851;1.0148363623852061;45334.15857160065;3.181685555021574;0.26721037548990295;14.951462722219517;2.0086909072698136;0.8699332404826425;385.1566101448205;154879.77044320686;0.0;0.0;4671255.9563351115;-1926.0038484249335;176.19852047297942;11.746499567001969;0.48573305784653553;2.3280479588572978;0.049959680179228916;0.599873169455159;0.002257425864975718;0.7701908902300207;0.050344423944169665;251.9720198334223;-0.0037653311036791887;0.9661538148239415;0.13263589748516622;139128.3195002169;249637.28902629224;36854.16903375597;330.68568197168094;475482.088141424;5814.246786275113
2011-12-01;48244.42884914845;1.0157947331922021;47179.642911004026;5.08636049238847;0.26807499458170553;14.965487399749243;2.0259509477512005;0.8808851354252755;389.1907377871842;156170.9431723773;0.0;0.0;4995455.326741984;-1288.5932869670899;169.50393393333124;11.575156582703116;0.486;2.38085001492929;0.055368661731572386;0.5994349682083276;0.0034375690945177783;0.7732568097504181;0.05153315017762061;250.29211630430953;-0.003789092648761233;0.9658949627136635;0.13124245192462064;146605.82263112592;259928.52488481926;39113.09278663364;395.8396748829814;491087.3410742568;6178.776559775982
2012-01-01;48240.08893000683;1.015786335345031;48031.02023951759;5.234462116045945;0.2702229390308074;14.94627281105231;2.030141470759135;0.8781495436063226;391.7170077060238;156208.04747706247;0.0;0.0;5355679.610865553;-1450.9843730804084;164.0092923601237;11.829444752487188;0.48720822538787656;2.3344728780810637;0.06055137671270701;0.6010422533704586;0.002282962924851173;0.776256809750418;0.05234442394416965;250.28793907274616;-0.003720558282822802;0.9659372509455921;0.13112705208727682;154096.030914829;270809.1763315275;41325.28639180888;310.97897232540276;506602.06146132824;6565.83520351207
2012-02-01;48231.74387517765;1.0154916536049834;49182.556503831525;5.631543846977695;0.27136851828043007;14.971321185940477;2.032294502833612;0.8859452836426578;396.1842823046702;161753.66488034913;0.0;0.0;5754361.271410764;-1408.4384794604823;156.37423611178235;11.745687935061587;0.4880351849470967;2.3162232604612427;0.0647297737215694;0.6003818135481002;0.0024807021652491507;0.7790658535375893;0.053344423944169654;249.57724643584638;-0.003721266378220579;0.965981071672511;0.15755018345747596;161729.2391994194;281218.4454070777;43562.11677702829;399.38857225870487;522102.75147858367;6996.7383637245275
2012-03-01;48230.94111894488;1.0172416573867737;50293.07536643249;5.01505099526447;0.27256290224625385;14.974364482580812;2.0737586749563937;0.8721020180294851;400.8013903286536;165930.85751527792;0.0;0.0;6194837.39320597;-762.3463846882482;147.43996951911683;11.781300156204582;0.4869282032302755;2.3127567407651917;0.07030527777419068;0.6002422057284861;0.00286688170924221;0.7811714237222335;0.05377725362210928;251.77281379113953;-0.003721266378220579;0.9667374840674935;0.15756103695963525;169882.345614155;291804.6110346763;45876.39205186394;758.4019321080146;537024.1037997089;7388.7021239494425
2012-04-01;48235.195766555276;1.01827813618207;52031.08909521124;4.93403183828092;0.27373878442834154;14.981475914983735;2.052425146718714;0.8715244294107685;404.1645065227392;165436.1982580032;0.0;0.0;6682756.82572852;-1086.986775168804;144.82184867977872;11.299285354000416;0.49069439319375746;2.2986830881809905;0.07324534404712792;0.601505801533108;0.0032159365069366645;0.7851690468097504;0.05425680975041804;253.76847746752895;-0.003713753358894286;0.9666329824517224;0.15755018345747596;177570.37971916122;302540.25129047746;48250.26694431923;69.07635749076157;551856.9475884003;7782.449821106105
2012-05-01;48238.78012974209;1.0203817804600415;53646.06540953752;3.4682422343609147;0.27473878442834154;14.987292597769256;2.0649543784960547;0.8982020107383581;408.68261878108973;170136.2893321471;0.0;0.0;7221318.681709299;-1291.862802393124;144.48656585898777;11.658551721679222;0.4916943931937574;2.2755392068427347;0.07890970061441699;0.6009432468117568;0.0024731584484203213;0.7878357134764171;0.05561146951540368;257.1457340010085;-0.0037055494007146514;0.9664057321011963;0.1514054698262396;185685.85510811346;313401.37727444846;50669.55582209254;491.17870674892436;566122.1807539429;8181.316383833479
2012-06-01;48259.09018502469;1.019835713476417;56162.40772835322;5.956434856805242;0.27687489205454324;15.000371873475341;2.1020132860960823;0.8700666228646329;414.367856914585;170364.91477914737;0.0;0.0;7817348.632968887;-1119.746002803568;133.83338032485455;11.118040234850039;0.4916943931937574;2.3511145633692028;0.08485259257199472;0.6023106382258245;0.002052687623436382;0.790835713476417;0.055777253622109293;263.44930545050016;-0.0037294823284835677;0.9665907469284997;0.14097609592594984;194254.3363976356;324567.64353617193;53233.02571510572;586.6510666758576;580012.2321623057;8604.772823474113
2012-07-01;48257.65540596447;1.0210213633723317;58024.89700626242;5.729233404901447;0.27790402194264224;15.004057695584192;2.1017336139432814;0.8629320326525248;417.97951660830114;170794.70951206377;0.0;0.0;8475171.31039205;-1246.8158091457778;117.45572430850811;11.062548630002308;0.4940964942016052;2.3443215503738037;0.0899267381538813;0.6015924046188502;0.0025696718061571336;0.792824986938317;0.056533150177620624;267.1399543710347;-0.0037294823284835677;0.9660353787205571;0.1418444587813597;202762.45731216573;336052.2896792562;55875.33598357082;242.1087588968865;593618.0448144665;8997.88753426521
2012-08-01;48264.01609120998;1.022215361924162;59478.52772085321;5.02485464539641;0.27873878442834155;15.002416150622361;2.106284287344733;0.8418416657987918;422.4608926393652;172122.87034986925;0.0;0.0;9203290.934392303;-325.2835319036137;102.78718700151222;11.022309133146578;0.4950271817105002;2.3502655613675607;0.09485214222689178;0.60059224010555;0.005043566238271804;0.796256809750418;0.056777253622109294;268.2019931807646;-0.0037443362114635177;0.965179291860904;0.13327842019225278;211584.683088532;347721.4445369621;58599.39220140657;354.6106254146549;606787.5934863725;9409.211306951132
2012-09-01;48252.83227175862;1.0151332214752504;62004.40127125601;6.1090230394056855;0.2807704292512541;15.015661070445313;2.09609123299829;0.8421405106504839;425.896165870632;174167.9540197209;0.0;0.0;10017570.724066366;-240.18342386724817;73.3161954205937;10.976233899438192;0.49878092802334345;2.3285037499992347;0.09567915734823977;0.6026298916823751;-0.0017784464555279308;0.799256809750418;0.057533150177620625;272.7772695907339;-0.0037452725730801623;0.9641414021233419;0.14880092888270183;220446.1650417911;359496.5269302747;61389.002088711335;98.18770903025185;619987.6029312545;9894.009620126135
2012-10-01;48264.13177366042;1.0096114695154037;52784.06139908477;-2.039070172316311;0.2818748920545433;15.027383892405206;2.075412410932901;0.8204435745293301;431.39554221492523;179330.14116320753;0.0;0.0;10925255.543350771;-811.8538373940999;57.5253995000245;10.846237724865306;0.5020060581037455;2.3428495579889517;0.10061101528644006;0.6028790830995173;-0.00047646979546545195;0.8025993196570442;0.057777253622109295;275.6795254311776;-0.0035434315782285116;0.9640327683480563;0.1421032056399263;227681.2172616007;369597.6503219375;63654.32407597819;23.385605377028686;633067.0247974277;10240.261374835805
2012-11-01;48189.65855397898;1.0075047570555666;45008.77672084637;-7.954598596423308;0.2833071007255279;15.033521426971724;2.0607423858636253;0.7836404864783013;435.36802223020624;177152.1150075427;0.0;0.0;11933573.410907786;-449.07226084923377;54.03714102785483;10.575410521735494;0.5033199866399332;2.287635576171204;0.10788129178089145;0.6033436449249727;0.0014341835259535731;0.8049326529903776;0.058533150177620626;277.57613063721584;-0.0035893956107842465;0.9631348724205896;0.13791086889280008;233931.6817843068;378647.3877512489;65556.77387219085;87.14993108367754;646162.9081285697;10619.974139031423
2012-12-01;48229.64546967591;1.0066722119720848;39821.69615437693;6.963300081375577;0.2847704292512541;15.049275071575376;2.0447565903856613;0.7790833717357776;439.2893033140702;175536.81693265427;0.0;0.0;13051177.019584954;-497.2514763464469;54.61143504659755;10.340799312739042;0.5043346152582053;2.320409733676274;0.11417883579980033;0.6045506080457592;0.0008549869109050659;0.8073991868709227;0.058533150177620626;279.7083818348179;-0.0036064837057375714;0.9620657600228614;0.1357789891757099;240008.87021410372;387379.7183914244;67401.22714621483;108.53391411447333;658631.3995829514;11002.381648833603
2013-01-01;48258.03509645106;1.009;40434.86169388171;2.7820966545940746;0.2857704292512541;15.05327257053284;2.0297501497005093;0.7701145298133879;443.77089670485964;169892.8273673855;0.0;0.0;14287427.043126069;-1124.9052934067658;51.84180425078678;10.324941637047548;0.5053346152582052;2.2865407916761495;0.1214813029366096;0.6033478937660511;0.0033500343640785564;0.8097772536221094;0.059611469515403685;281.80952119969885;-0.0036064837057375714;0.9614036229166424;0.14753703464244305;246145.37684479394;396244.21666723414;69307.18885590803;105.60363560709047;670753.4988054672;11358.482025215395
2013-02-01;48268.77528018439;1.0075298221281346;39855.58056791972;2.684395037349148;0.28706641221003354;15.072933564769382;2.0180712647443224;0.8023717568191113;448.02710888458535;165685.99160987802;0.0;0.0;15654252.99265411;-1064.086018427621;50.161129809078346;10.231373702202806;0.5063199866399333;2.245529578160299;0.1250900559700762;0.6037106186129468;0.00211047295658268;0.8117772536221094;0.05953315017762062;283.3508249176135;-0.00353582488813221;0.961329803218304;0.13934232375390282;252182.63715063164;404986.6192021931;71174.06029292816;119.81528528579506;682896.4342579923;11715.389488138359
2013-03-01;48286.94878572157;1.008065853537589;39928.814298310725;1.832525856243366;0.28806641221003354;15.088717400655886;2.0008683982562294;0.7667937887291262;451.87071600115013;163076.51393307716;0.0;0.0;17165129.833621047;-1325.0042589964771;47.638985656570206;10.128490049210157;0.5073199866399332;2.227113070127269;0.13406064098311107;0.6029653427740601;0.0018208829631701537;0.8133444239441696;0.05949165360498359;284.3531524228599;-0.0035277959927315083;0.9617041077913491;0.14219166521940482;258253.0596451578;413737.1430831904;73056.86818867741;108.2314702499537;694756.2256073661;12068.81019318291
2013-04-01;48296.929136715204;1.0086777572775032;40004.67764594239;2.1543631902911926;0.28933176086632784;15.10965466139636;1.9845383937337417;0.7928681922501297;456.9698344007627;160523.63898329224;0.0;0.0;18834810.84516919;-1448.6142400540418;46.64619041599271;9.886667348600296;0.508319986639933;2.2059194376734084;0.13589024357371032;0.6027762802962328;0.001862150864961262;0.8160213633723317;0.060611469515403686;282.69795392106573;-0.0035672478055427826;0.9616683932279357;0.14155727938337528;264235.0859478242;422512.61008174374;74926.67397615135;78.81341221865561;706607.4320810061;12444.59256884322
2013-05-01;48311.05686224628;1.0081105869554425;40410.5760923577;2.7116245493519266;0.29002529494328394;15.126216085305561;1.9838589348386075;0.771552587702365;461.32360110694214;161609.2725053087;0.0;0.0;20680433.208001327;-1276.1327706064205;44.02904369368537;9.78790315312283;0.508163332499583;2.1877248942330496;0.14379501970094183;0.6029664578309312;0.0014879637823662683;0.8180213633723316;0.06083571347641699;284.18653298977455;-0.003574927055985189;0.9621008847414498;0.16121330684826993;270534.3908620155;431022.7109139064;76828.55445108347;367.6090776730576;717964.3763125946;12813.631619540954
2013-06-01;48308.597101435436;1.0082568097504179;39196.195902244865;2.9265341770702316;0.29181479572353825;15.144915153712615;1.9910022633534046;0.7593590613712111;465.9436246788528;159514.11274092336;0.0;0.0;22720557.03769668;-1096.2157655844164;44.34479544402788;9.428952259566584;0.5073199866399332;2.121525375979343;0.1465092230873017;0.6036214244731424;0.003108571044753177;0.8202781361820702;0.060677757277503;287.518159263114;-0.003568528900007204;0.9635061297283349;0.17422480811064975;276662.667797307;439543.12545151723;78659.19524590853;479.07807953767974;729426.2980043405;13155.027604188623
2013-07-01;48323.21891738701;1.006966326495189;40094.41112284586;3.706779403629715;0.29281479572353825;15.156783493389808;2.0244998188404457;0.7465366554698044;470.34817979607817;159133.61562892204;0.0;0.0;24974764.235957548;-419.15186922577163;41.86548588892967;9.36650731300594;0.5044498061986389;2.150572262539987;0.15433068769181046;0.6023587288911657;0.0013875496298368206;0.8223466401061362;0.06082842712474618;290.4368889452113;-0.0035757477415533333;0.9635829444381427;0.19278407169770956;283356.2384184539;448032.86946271;80548.1751428679;1043.6115469870597;740160.8945049244;13522.744539487334
2013-08-01;48332.93311753481;1.0075047570555666;39706.55430402143;2.4911234050163658;0.2935790442358108;15.160060286487443;2.043258178644601;0.7719817345291771;474.9570810344616;156777.12537200048;0.0;0.0;27465339.55481739;-972.7400564978682;38.710774833399356;9.320285619944631;0.5025545072442186;2.1354281075929094;0.1605118505707331;0.6050243085116336;0.0016241956092168622;0.824677757277503;0.06161146951540368;293.0582777206602;-0.0036357902712680808;0.9634999519691606;0.1928349745532863;289662.34185771405;456508.9937907196;82418.85986496593;624.3504994290397;751088.1114546276;13883.573467062539
2013-09-01;48360.89495163066;1.0062649110640671;39665.691150772;1.8618684145934818;0.29533176086632784;15.209276820978662;2.0532087786559963;0.7580037973770881;479.28067286748137;155179.78630674013;0.0;0.0;30218399.191071663;-412.5419550536508;39.12267782010159;9.172107191580604;0.5024498061986389;2.1226807898680136;0.16310888171257912;0.6042630380631415;0.0013321856339859686;0.8267772536221093;0.061835713476416976;290.76838637484684;-0.0035747654185001865;0.9635144240138109;0.1928349745532863;295879.0388762872;465011.059669887;84287.02999697115;456.2416808653293;761679.9729017575;14250.352919803194
2013-10-01;48363.98337837019;1.007173320053068;39188.82953105738;2.1628984451949522;0.2953071007255278;15.226560524795692;2.0540462503181;0.75496071698004;484.3566827055388;154234.00833528469;0.0;0.0;33259938.06243567;-894.9891496261432;38.150268389071684;9.025175564566368;0.5015545072442187;2.0806077411161903;0.16928324085227792;0.6036050550651826;0.001205861058611795;0.8287772536221093;0.06193265299037757;293.72995997309476;-0.0035747654185001865;0.9636230032500224;0.20799044513299775;301939.9018195543;473384.18592168007;86135.50454732432;341.06978303781614;772144.938826015;14631.88075359634
2013-11-01;48369.55193449975;1.007133050827167;39142.81342560903;1.8995428290363898;0.2963071007255278;15.251647430243983;2.0460420173865854;0.7135489984239117;489.1224975504604;153014.4353020691;0.0;0.0;36620513.66653803;-192.4104055777566;36.51018283792494;8.45835920269188;0.5011122221052878;2.0418439137130977;0.17459064457757079;0.6041627610123842;0.0010637623079136668;0.8308249869383169;0.06149165360498358;297.3642341568078;-0.0035747654185001865;0.9638244417214051;0.20851396154811605;307873.0589097069;481503.2118062553;87979.62407881158;218.6295211731902;782452.1545899286;15013.440974516752
2013-12-01;48371.5508839174;1.006173320053068;38071.729100662305;2.858602023573393;0.2970993826925266;15.25545263632254;2.033270588174718;0.7327914970499438;492.8773344096273;151683.53343165;0.0;0.0;40332458.7071674;-129.71086350781047;35.13785271460606;8.698161912805176;0.5018291650377897;1.995288633580396;0.18005528119910097;0.6024634194958953;0.0005764285466321498;0.8346538271322718;0.061828427124746184;297.9727183631384;-0.003525759857164393;0.9638235509716194;0.20851396154811605;313560.60249928356;489481.1694501537;89770.77359015786;115.94849552338201;792642.0242030002;15388.540136175561
2014-01-01;48361.57520434765;1.007173320053068;39250.01496566214;3.851030378649465;0.2963071007255278;15.26979592271435;2.0367045957958743;0.7353431366895737;495.90962586830165;149315.51912718985;0.0;0.0;44432734.055172205;-237.39483445202336;30.830643937078438;8.365221730729282;0.5011317070751785;1.9872726993869037;0.18561533568545172;0.6017165195771755;0.002024677570041377;0.8364645155692878;0.061824986938316916;295.88123287658703;-0.003525759857164393;0.9640681817203671;0.21335744461763329;319467.4583680196;497457.38274045615;91604.93425528843;353.62507809210354;802175.1158889792;15763.579102524902
2014-02-01;48376.160344780605;1.0073989244513106;38604.56123391837;2.494987056916065;0.29633176086632784;15.27221955398343;2.0258962408127634;0.712308813999342;500.5070104539634;148914.30254046762;0.0;0.0;48962175.38689153;-468.45580999475465;31.994278753080557;8.437489707152782;0.5017983737418451;1.9684373745409403;0.18931002291221313;0.6010875503296205;0.0019938003725283844;0.8402616541295526;0.061824986938316916;295.1789676495814;-0.00359030568195641;0.9631483332107663;0.2028350566640884;325190.7018483015;505517.05669606;93415.5917138582;126.87737392248002;811776.373217108;16137.371185907392
2014-03-01;48338.63719748989;1.0072996598285222;38999.715058954556;2.1583467661849713;0.2953578079016963;15.277736741190868;2.0175870265236955;0.7242771235129964;505.2886914891385;146872.00522679047;0.0;0.0;53965823.69574245;-831.4547858362087;25.703795880004296;8.0543095887778;0.5021317070751784;1.981993674004812;0.19331128803907124;0.6040777033148915;0.002120786644972002;0.8426499738766339;0.06225680975041804;295.76046102783204;-0.00359030568195641;0.9633384258735688;0.19760924087260123;330950.22539017943;513527.20587546204;95245.43341264839;115.72429696378961;821265.079207283;16516.66475190102
2014-04-01;48312.23280953168;1.0087772536221093;38442.621955036855;3.52343847757518;0.2943071007255278;15.30197994274521;2.0171936035845786;0.6796779208442547;510.3006727982799;146100.9634230726;0.0;0.0;59491939.48457794;-541.9469626872146;22.174514543634977;7.912584242870815;0.5021317070751784;1.9337886960882338;0.19911819244727688;0.6023120881891388;0.0025749037162434247;0.8448291650377897;0.06293265299037758;297.4168893868552;-0.003538468844370885;0.9620320838780057;0.1994259418736961;336672.567386218;521313.41996208637;97048.64974396738;165.7813119786402;830421.6484257777;16880.345818660797
2014-05-01;48299.414028411156;1.009786335345031;38227.61648958688;1.895521939136966;0.29442188320927815;15.303005841858429;2.0304939158812556;0.6857035700647683;514.278231591018;145708.99947095904;0.0;0.0;65596044.76710631;-369.5812257260204;20.806877419222957;7.586093587640612;0.5011317070751785;1.8896005288762368;0.20658880575588479;0.6016613293337646;0.0022962499521182863;0.8479489167943413;0.06327813618207034;301.8635352435248;-0.003538468844370885;0.9633524292505256;0.19342144265721356;342633.63872172;529116.9607548357;98837.14221196358;553.8436091037918;839589.6885166927;17246.37992060752
2014-06-01;48278.66265661894;1.0100571306783384;38852.15502171554;4.034721261148465;0.2935790442358108;15.302712571212822;2.0473940161104496;0.6798487259267283;518.5978723523422;145883.61895132536;0.0;0.0;72338657.9432472;-448.49530874836364;18.630120108404487;7.308292732666809;0.4990095141111334;1.8922715039085953;0.2103769593925158;0.6014828304215749;0.002112818023399081;0.8496155834610079;0.06357770876399967;305.6733717551274;-0.003655566722508446;0.9626354865205214;0.19258431033559908;348685.96434834116;537042.3270177788;100668.74951070448;541.8940343446412;848552.8261111634;17603.472243203338
2014-07-01;48278.99580465254;1.0112491495713052;38948.995819381904;6.023187648424845;0.2934218832092781;15.313815548961898;2.0886620217763032;0.6771157472281196;523.3084499334915;145000.63935810872;0.0;0.0;79785649.30123462;-166.91106070450974;17.180396698892825;7.0927825588919555;0.49611222210528777;1.9115505774415795;0.21899244938722262;0.5999962605407589;0.0028322577846439556;0.8520749945817057;0.06306585353758923;307.96494767085005;-0.003655566722508446;0.9633684470573078;0.19215077033098527;355154.3566879255;545040.6655000142;102470.09650291599;1189.4112510065459;857157.0831561695;17966.244051360194
2014-08-01;48258.148101556646;1.0116538271322717;39375.427184969754;8.044653354693029;0.2925790442358108;15.295518254386202;2.1126861997365474;0.6965743488645406;528.1539024707853;142595.4548547486;0.0;0.0;88010130.40574215;49.41174465152312;13.54551365345208;7.031154342258093;0.4937328638264798;1.8652323373266706;0.22119816056332425;0.5994550019384288;0.0017479360283891323;0.8560630681604756;0.06306585353758923;310.33332258916136;-0.003448575532352406;0.9641777830954368;0.20027179549576807;361298.958354098;552834.7950581734;104302.25503807736;725.4211619111904;865823.633286704;18348.5524156146
2014-09-01;48267.87565579046;1.0122905372401192;39445.110211636675;3.9258550369219707;0.2915790442358108;15.311435205160791;2.1208564098673497;0.6734749956582146;531.3446450008277;143510.80346297476;0.0;0.0;97093672.94587386;-95.01165296130534;12.73631245550476;6.846207857449087;0.49273286382647974;1.890864108405905;0.22359837629769758;0.6019120585635865;0.002494103384427731;0.8580630681604755;0.06306585353758923;315.0281036882197;-0.003448575532352406;0.9642311618632133;0.1862497641583367;367365.0762280232;560750.9657434697;106156.20847076696;487.95290961098857;874113.6339228767;18722.24963424545
2014-10-01;48220.309256600354;1.0115607017003965;40393.74643811961;4.992125577886915;0.29087681400564247;15.31457272456653;2.140322061893122;0.6696863112256745;536.3348792011595;144011.50266006004;0.0;0.0;107125699.83654197;-220.69298992726021;12.525208974878417;6.7043526952768575;0.4914665467610384;1.873389688951564;0.23087296323214773;0.6021322967001123;0.0017546031690566597;0.8603260835287172;0.06306585353758923;319.2897211538324;-0.003448575532352406;0.9639228515373447;0.19602044291146545;373747.1105727884;568775.1333747796;108041.99755413088;731.4982991768172;882354.3594053474;19106.787583096877
2014-11-01;48224.607243645085;1.0130596442562694;41029.900103137494;2.155169856261676;0.2905790442358108;15.328424011030693;2.1469126871809356;0.6347259733664474;540.6102331699933;145210.5614523507;0.0;0.0;118205242.14550462;-479.96927109493663;9.878547639473888;6.515715518154369;0.49073286382647974;1.8528360686761238;0.23468568198112494;0.5996905714284823;0.002820828693386971;0.8623260835287173;0.06306585353758923;320.9189963288086;-0.0034345362586472687;0.9637746333839834;0.19724079565288127;379935.8527330615;576790.5422586343;109962.17014465739;436.8232435183289;890411.8420059948;19503.9806487623
2014-12-01;48210.434270120044;1.0127998881419171;41317.41475678763;4.673640543970226;0.28987681400564247;15.334980348501789;2.1427067902552093;0.6387613500169592;543.9016051298612;144384.5489488808;0.0;0.0;130441534.48525417;-423.2356228459455;5.748257638460061;6.402661548930411;0.49073286382647974;1.843427278651176;0.24111490232214752;0.6024215153573116;0.0022908513701242164;0.8644833147735477;0.06306585353758923;323.4236937816048;-0.0035177528752724212;0.9633917692642768;0.20098562815650756;385958.10450966476;584660.7022816631;111889.60970412815;214.7772405543166;898410.727382036;19876.034773713513
2015-01-01;48225.15735981936;1.0116777572775029;42881.04853634206;4.872326553394847;0.29087681400564247;15.33535794479525;2.140443060499224;0.6119043665099724;547.0332965435072;143782.97297564303;0.0;0.0;143955208.99308032;-320.89937725168556;2.51241809534463;6.2218659627634985;0.49073286382647974;1.8618876125429074;0.24399528774644785;0.6021076364232176;0.0032207113643608148;0.8664833147735478;0.06393265299037758;325.8535995074681;-0.003514565467771463;0.9625443016651793;0.21949481810306945;392072.18087561964;592895.642251225;113878.97341551643;114.16276062015453;906109.6711685597;20274.697600285774
2015-02-01;48220.36849182963;1.0138306444616096;43415.74711720968;5.457496962581329;0.29199120790479727;15.351649316980263;2.1344108257934553;0.5942926165349739;551.3208741086698;142379.72139562492;0.0;0.0;158879438.31054404;-398.4281467861879;0.0;6.076039750326018;0.4918291650377897;1.7985543725024158;0.24994890355828642;0.6019883299209599;0.00351273698049669;0.8685706886093089;0.0643466401061363;328.75879906988143;-0.003429374317445248;0.9626178849806976;0.2147343465373808;398187.5746091628;601021.9702214496;115873.10579435059;112.89247493544707;913732.3740738435;20659.989177516043
2015-03-01;48229.19955068769;1.0123466401061363;44553.232023679215;5.6989495462550295;0.2921575424574796;15.369071658837496;2.1265870231186215;0.5630407100498489;555.2470597456347;141164.4278274242;0.0;0.0;175361282.58238712;40.01662734754518;0.0;5.819433921638583;0.49179988814191705;1.7757750556875371;0.2560347416660506;0.6028526299618338;0.0026947692286323896;0.8706943931937575;0.06461146951540368;331.481400017533;-0.003434905977770842;0.962327840719126;0.2129640285475271;404401.8949470211;609230.7176089816;117898.1637568939;105.32254385932858;921028.5200044335;21044.546709920516
2015-04-01;48275.422088567;1.0141952353926806;46599.43106315718;7.017201549220241;0.29276356092008265;15.395011322888303;2.1303499989985175;0.5513304346456133;559.9283984553934;140664.57825960204;0.0;0.0;193564305.00003463;-168.9430400852907;0.0;5.674921076520592;0.49213170707517845;1.7934239585687304;0.2605455114430769;0.6050106006346041;0.003370905008286435;0.8725629022462538;0.06461146951540368;333.65162766326245;-0.0031598106218656465;0.9626434615376406;0.20182066073797092;411122.33548941324;617835.1267899771;120055.41572281487;305.38064004487546;928205.6179797149;21422.670120589653
2015-05-01;48269.45820979061;1.0138284271247462;46785.18855121828;7.1769819816974785;0.2936703696086048;15.410379197091142;2.132911996918415;0.5205611105264388;563.6529349086615;140842.3091141977;0.0;0.0;213667004.3280194;-205.3477980412449;0.0;5.4798824636693135;0.49197722557505164;1.7306523105424907;0.268023626304766;0.6039033254393613;0.0031160218067494204;0.8745629022462537;0.06461146951540368;332.7645409881384;-0.00325008967268009;0.9621777119799189;0.20077361681218958;417867.1957689755;626344.3897915765;122226.69894296632;306.0580979128878;935626.2342926112;21801.047312193616
2015-06-01;48282.19776077961;1.015449683531626;46930.602172899846;6.932253355290111;0.2943076542645438;15.412620905915974;2.137397379023574;0.5142983981690591;568.2898665951575;140954.76436957173;0.0;0.0;235867317.07573184;-896.4677280740624;0.0;5.599508744615463;0.49194284905812335;1.6770080200794175;0.2706906169764713;0.6036338349592765;0.003254844919157531;0.8770427267446635;0.06457770876399967;335.53891581900217;-0.003042047953171475;0.9627461760830615;0.20722586276743107;424545.977746629;634756.9089925651;124358.73224612704;343.857734730758;942592.7459302109;22166.792608662574
2015-07-01;48251.46395496512;1.0137554536166113;49220.511615425705;7.371972342079309;0.2956703696086048;15.420303131954151;2.157017542755289;0.4775047614189524;572.7524190762242;140163.66812140984;0.0;0.0;260383292.5671914;-57.90267696251931;0.0;5.161822130993247;0.4903399955614717;1.6486966192094719;0.27959106292178515;0.6037211821975785;0.0027989136587783666;0.8793380936195007;0.06461146951540368;335.6979190932903;-0.003132905124154454;0.9632279769039638;0.20699822807524024;431715.38888059364;643392.2636981632;126564.18399853387;722.4668122620592;949494.352768912;22501.646618678613
2015-08-01;48273.660505726904;1.0139326529903774;52120.86978660113;9.676918199274073;0.2955013332266837;15.436181532320203;2.194047837604415;0.45657934052844074;577.7843774229162;138717.04887053568;0.0;0.0;287462805.16177464;-489.08884536272217;0.0;5.0580510474208555;0.48744061877995326;1.6457460628282872;0.28618877150532146;0.604667211353659;0.0009832051234634639;0.883;0.06461146951540368;338.5395537104932;-0.0030567799120840775;0.9634763839708681;0.22467985793192402;439351.1770253039;652327.7079262915;128841.66438227036;1234.5048625341426;956425.567639227;22839.652833847133
2015-09-01;48274.354299140614;1.0133904640116718;50463.32195788379;5.640814805326681;0.2968768140056424;15.433667226890098;2.211679607486541;0.45621946483540027;582.025101524438;137728.07904281883;0.0;0.0;317372921.13555634;-88.1779235817603;0.0;4.935320340903565;0.48659943498766733;1.7062939233463197;0.2901826947934022;0.6039008124266448;0.0029395800408705164;0.8843380936195007;0.06409838667696593;340.94288155859783;-0.002895152519555959;0.9643883266426324;0.23182981177594314;446748.97555106546;661000.632649988;131084.11765851997;762.6140911188;962973.5001065115;23177.209233581918
2015-10-01;48274.46302519267;1.0128351848043025;41214.41064534898;9.379411676534353;0.29824774114690494;15.448056730066737;2.2121427273906233;0.42747657533272104;586.054102502532;136003.53989929883;0.0;0.0;350403842.6924299;-1443.501398568455;0.0;4.897485024652477;0.48659943498766733;1.633790455319381;0.2963445925982559;0.6042996301619906;0.005290457634179804;0.8863380936195006;0.06409838667696593;339.226198577376;-0.0028261760592007065;0.9649232452295389;0.23195976548109665;452405.67531929153;668040.9954815583;132852.3249872293;403.18653038459763;969808.0216642392;23526.978416005666
2015-11-01;48280.83059658542;1.0080213633723318;34471.6410035483;-10.34310795713002;0.2985434806723091;15.474738944005201;2.196467319535257;0.39259559290210033;590.0220212502416;133165.39433128736;0.0;0.0;386893574.5038004;-2016.7080831408687;0.0;4.625124487197833;0.48746451556928794;1.5328762820603983;0.30575867901774917;0.605791071312645;-0.0005561697382940279;0.888532203308668;0.06409838667696593;332.2553253921423;-0.0028067444809657133;0.964624922205355;0.24857058877464466;457162.7750581714;674176.4478861374;134400.59070220948;70.8614865296924;976118.1429279684;23858.349366695347
2015-12-01;48303.40191238146;1.005732257784644;25085.38631095627;4.042540221546343;0.2995434806723091;15.48873584521479;2.186498484839789;0.36206658354101784;593.8010346326427;131882.33918261513;0.0;0.0;427196629.8309909;-2514.11088891961;0.0;4.2352950390499196;0.48746451556928794;1.5196476087908417;0.3140863481869475;0.6047419861940653;0.0014434689882359426;0.8889565407529229;0.06409838667696593;333.7088150110579;-0.0028274244944104243;0.9642722141867524;0.24229726437259907;460947.47480667534;679254.5743882881;135550.6800106071;307.85942259559005;981749.3906448261;24160.89406256231
2016-01-01;48266.83224385556;1.0075030290518727;24366.029217230425;4.34753564855541;0.3008463543882979;15.490612246249047;2.1696039215080516;0.3427870934157275;597.9575199514388;126506.23486917469;0.0;0.0;471706618.11735797;-1863.4410563258944;0.0;4.086568644935681;0.48744968353162627;1.4691188164363285;0.3204315853961842;0.6071629204437068;0.003054912687154127;0.8899565407529229;0.06409838667696593;333.4651912990953;-0.0028274244944104243;0.9640926123193593;0.23412936939661788;464278.33862859703;683931.5363913447;136614.64146769722;148.99018852209116;987249.8676322871;24481.59561241693
2016-02-01;48181.525671099254;1.0063989244513107;25485.022667297122;11.57725201711803;0.30199858746916836;15.472006320918641;2.1571338540288614;0.335398581520149;601.5524060214125;120927.01354145019;0.0;0.0;520862949.0710638;-2334.9229066171947;0.0;4.124573825857259;0.4875994349876674;1.5182487351130955;0.3244352079879764;0.6074278362572776;0.0024672399211310364;0.8933904707853614;0.06409838667696593;334.52584197372124;-0.002822753403017882;0.9632340204910272;0.23418329658791054;467562.7964533666;688474.4194307174;137680.440886783;166.96695791087132;992313.9901079382;24783.648158836055
2016-03-01;48211.976260747346;1.006732257784644;24093.37520522426;11.537993063385823;0.3032761860629321;15.479258133807992;2.1784389314706414;0.33644628908716884;605.0901319371335;116979.40982746064;0.0;0.0;575151140.8717586;-1354.025929030483;0.0;3.6384353100424223;0.4861952353926806;1.4889179573998756;0.33712818561119584;0.6063676051694422;0.00169083309234623;0.8945013332266838;0.06409838667696593;337.5015111257298;-0.0026756565662116195;0.9636772853354127;0.24727276079947322;471860.90242852666;693016.5307450468;138733.08039397222;1357.260699723582;997221.2038384383;25102.38135137919
2016-04-01;48207.40361926407;1.0063388786387515;23608.211351901482;9.847626780846328;0.3042761860629321;15.49120441511426;2.183970148703042;0.33483365695640355;609.2247563660036;113313.0278422275;0.0;0.0;635106426.6806706;-2329.0050578351143;0.0;3.7411148760684694;0.48526610165433404;1.3976478087077693;0.33972337813291853;0.6065019044973277;0.0018977764043395385;0.8959616783205226;0.06409838667696593;339.9357202421394;-0.0026015341843489744;0.9636149676022505;0.2562093188971337;475702.74403457507;697615.6957257509;139792.9031493735;893.7427877908407;1002214.505633123;25406.003819377496
2016-05-01;48220.99376820535;1.007256809750418;24022.032828296436;5.437035550666611;0.30411249187255834;15.511761590370602;2.1814712553417097;0.3266479947704043;614.027103166171;111292.21150124384;0.0;0.0;701320735.2591063;-1651.0462634965488;0.0;3.442703707368922;0.48416904680975026;1.4256764733496268;0.34614267962055;0.607574668512404;0.002428102561965723;0.8961988699753347;0.0635047570555667;341.6129241526375;-0.002422121453740716;0.9636531989915909;0.2756222734199922;479251.6234380551;701976.6304824473;140809.7578991174;666.6050251797734;1007229.2655031332;25729.70359201936
2016-06-01;48239.59528662483;1.008836362385206;22973.55712576604;3.531890458506466;0.3046856948889334;15.537918195790887;2.196598221572109;0.3193399463957789;618.8962412752057;111795.78620924526;0.0;0.0;774446014.0773592;-2057.8585235068194;0.0;3.4719872200767696;0.48227813618207027;1.3871084291814044;0.3550121969044049;0.6104099312970341;0.0016299947753267675;0.8975706886093089;0.06409838667696593;342.4296669581556;-0.002391242204112496;0.9643303170270744;0.29598333989093645;483943.7642504649;706146.5133929665;141794.2440402107;2176.8267263748826;1012039.5335373919;26044.501634288496
2016-07-01;48277.31866869267;1.0081690468097504;23401.932496729274;11.085535275968082;0.3057979589711327;15.52943631187634;2.206778880256042;0.3119456849784999;622.8856972640549;112888.887531447;0.0;0.0;855205703.7461598;-1986.5793739975788;0.0;3.394868106108477;0.4810213633723318;1.3869052960450867;0.3635154608371458;0.6094826464346328;0.0005019028222266763;0.899;0.0635047570555667;344.6512357707023;-0.0018316839002032303;0.9647143116722019;0.31578526105277105;488192.32358990854;710503.546558097;142823.0159863444;1456.5962770863025;1016757.5219065427;26358.781520135475
2016-08-01;48284.103554258676;1.0077554536166113;22966.1438884251;9.81878853327702;0.3058463543882978;15.554274942374231;2.2219138852154634;0.3153860436805399;627.2634872343164;110167.6108312604;0.0;0.0;944393964.6534365;-1466.6909396064707;0.0;3.3888557505142023;0.4793466401061363;1.3884417277364811;0.37279533954223465;0.6098684189368495;0.0020389652095427328;0.9002209149195813;0.0635047570555667;346.5181088288104;-0.001566632996690253;0.9647656045733315;0.3312717624223576;492276.4397149777;714729.4854608922;143807.68788696936;1497.031717754693;1021596.5232011075;26676.89173289695
2016-09-01;48319.27640153457;1.0083904640116717;23319.048666252373;9.758713777299684;0.3066869472622847;15.571995914450364;2.248672897248181;0.30442949037536393;631.4730972620428;107976.72205091422;0.0;0.0;1042891843.6802684;-2570.166330522572;0.0;3.265754236098615;0.4773466401061363;1.3892061129888913;0.3755195624446343;0.6112120120863682;0.001850908903157966;0.9008875815862483;0.0635047570555667;346.8464688773732;-0.001587665367614892;0.964945858822273;0.33028859158570434;496811.7054052142;718894.3930120252;144785.14665680673;1944.3858717922708;1026274.0059405898;26958.83676308006
2016-10-01;48354.96363990973;1.0098358966777354;22197.60969915744;6.3804896831572995;0.3087811222187271;15.608151051336055;2.262457888757196;0.29725510696599783;636.0285857075261;106893.12114543095;0.0;0.0;1151670459.4055965;-2003.5584722741933;0.0;3.1902935693797803;0.4760571306783383;1.3529434094890367;0.38643023872337934;0.6121087185188642;0.0028664178965925632;0.9023740078740118;0.0635047570555667;345.40342508703543;-0.0016499887005714635;0.9651278605197403;0.33028859158570434;500618.7312503271;722828.0615843389;145710.4370329669;1422.392739957625;1030866.8587691723;27244.97551930938
2016-11-01;48376.59391311628;1.006133050827167;22928.304252346526;12.686521829275533;0.30858354700620566;15.61975025114144;2.2834250778581233;0.30385677994302146;640.3475696822122;105248.50989882908;0.0;0.0;1271803828.8454218;-2354.164437830455;0.0;3.1061191312725596;0.47409838667696586;1.3470249627818378;0.38904569271756806;0.6117785112285048;0.0008524526472622744;0.9043578079016964;0.0635047570555667;346.5680080392495;-0.0013912883888677584;0.9663104830729652;0.340433550344326;504691.77910693915;726897.4381310253;146665.49476897978;1624.6223197043305;1035276.2332956385;27517.90040704338
2016-12-01;48365.100255536556;1.0072781361820704;21975.886176548483;5.6973058896930215;0.31003992031840893;15.620067910821874;2.30049743080395;0.3014941926040232;644.1610488754928;104710.23777430048;0.0;0.0;1404476654.4939268;-2108.8064814502413;0.0;3.080192216648868;0.4721105869554426;1.3195160741039798;0.3957346093210852;0.6136387736420897;0.001651514525936385;0.9064114850351727;0.0635047570555667;348.22925658825596;-0.0012705158862171915;0.9664713242920465;0.356508991831749;508401.3046275;730717.8610741118;147564.64393741317;1535.9100410382428;1039708.4966654952;27796.40172577389
2017-01-01;48371.311508270526;1.006786335345031;22885.085221427413;9.198161393972837;0.31083852326547234;15.625385359341383;2.314417075965288;0.2987191050566265;648.032679957678;104466.36635248613;0.0;0.0;1550997232.956919;-2096.425196924045;0.0;2.8728686245158253;0.4711105869554426;1.3380813383400723;0.4032776436091219;0.6121435178729443;0.0018083171205612013;0.9071486993241759;0.0635047570555667;348.6558234380584;-0.001207331047217354;0.9664164119568998;0.3491970197087876;512122.7370435541;734591.8249518495;148469.18211291364;1325.3708941028885;1043865.193822435;28080.422236295693
2017-02-01;48394.153759804;1.0065047570555667;22766.143825786286;7.560177471541576;0.3112664429505009;15.63056370997394;2.316442732747733;0.3051196718729852;651.3317600797824;104718.32259587156;0.0;0.0;1712811189.4223273;-1600.1083815604816;0.0;2.973050101185584;0.47025680975041806;1.335712412406233;0.40661578111676205;0.6117604349691288;0.0016669230516410556;0.9100796211539357;0.0635047570555667;348.14132750809824;-0.001263809535163073;0.9662089492559577;0.34077767705192513;515674.30338581686;738454.7963267573;149398.44541301325;975.3298067623606;1048274.3693955472;28376.175946407988
2017-03-01;48380.30053655011;1.006133050827167;22009.275106568035;9.828611136282367;0.31226644295050093;15.640405661839843;2.3285679092319937;0.2924312316067852;655.9176616711196;102432.56941657451;0.0;0.0;1891515163.0660357;-2179.6243153448177;0.0;2.855372570078257;0.4691105869554426;1.2905807976933215;0.4164774095583397;0.6138880023071672;0.0023166010488516724;0.9110796211539357;0.0635047570555667;348.92923118847716;-0.0012331469132597205;0.9670106938293886;0.35197397649636813;519321.24378182425;742440.4145344142;150324.5885685396;1130.107650271499;1052571.1668916142;28666.415688508212
2017-04-01;48419.407774628555;1.007786335345031;22066.5159636433;3.784501998066709;0.3135525545279266;15.651984990831703;2.334831768697491;0.29158481084373944;660.4356722821224;100407.59362482732;0.0;0.0;2088871937.9864683;-2158.3422182691775;0.0;2.853353514626308;0.4680658535375893;1.2896636001724098;0.4222830401872397;0.6130762985148492;0.0025195237599309663;0.9118266644429618;0.0635047570555667;349.3732663850244;-0.001165411876296549;0.9670697759648579;0.3769019145734186;522709.4020534852;746330.4401421599;151236.14515613051;932.9902045242603;1056885.915534016;28944.38563994234
2017-05-01;48439.07320570228;1.0071105869554426;22428.93577272407;4.160253989735676;0.3143537432844358;15.663754605148826;2.343034047424508;0.2961995260636894;664.751257441656;100626.51079012036;0.0;0.0;2306827849.4533515;-2048.1235489666506;0.0;2.925385340391784;0.467256809750418;1.3180949578380379;0.42383678308755585;0.6136012499847416;0.0019063065000703575;0.9134307238483242;0.0635047570555667;350.95788369523996;-0.001104702592755153;0.9677861446167477;0.3784176946552925;526161.0834879418;750051.7533409996;152129.4135556133;936.5671848157062;1061040.3380671872;29232.856403530663
2017-06-01;48442.6115212681;1.0061714237222332;22339.61041971393;9.7135148257824;0.3155525545279266;15.678025744209215;2.3675310617862126;0.30560214650318357;669.5083168738705;100354.74928800436;0.0;0.0;2547533324.622803;-2547.6270396965883;0.0;2.703696523250002;0.4651908902300207;1.305613771265974;0.4396304680096711;0.6142321862196177;0.0010748015748023622;0.9144307238483242;0.0635047570555667;353.5369485330749;-0.0011104262367536838;0.9685117527316882;0.378658876687339;530089.9551994948;753791.1952423074;153015.95540209019;1872.6752094016788;1065127.9001648612;29515.358224926196
2017-07-01;48439.653270860326;1.008266101654334;21490.209579589544;8.395171730635768;0.31635374328443583;15.69261176902083;2.3690208820437246;0.27989135687185707;673.9803531692511;99433.58448583986;0.0;0.0;2813362757.054527;-2366.5040470474705;0.0;2.878931596667732;0.4652568097504181;1.274593885580764;0.438068012725239;0.6174860074422635;0.0047798960726557855;0.9151980390271854;0.0635047570555667;355.88074912733174;-0.0010298460786341505;0.9686262476465488;0.3880699453559249;533444.3490680744;757677.3420644039;153946.1807927244;854.0523061352264;1069087.5193679428;29802.567884359665
2017-08-01;48454.275563835996;1.0095199601592042;21373.08445483402;5.0518971731352735;0.31667840851999957;15.70520419670242;2.373487550387784;0.2869722126896962;677.4517574400522;98850.01478470577;0.0;0.0;3106937962.070559;-2196.9617852261795;0.0;2.8826009947133535;0.4643991868709226;1.2360782588665824;0.4424269378345726;0.6176412029433135;0.0014236743013288872;0.9165228921019013;0.0635047570555667;358.33578306445304;-0.0009422105192279043;0.968722132446862;0.39802709028901984;536746.5369399713;761507.7712486603;154830.20249153604;855.9439230703017;1073344.0819748265;30088.82421283109
2017-09-01;48426.60271067091;1.0085777087639995;21221.841533727016;8.303302932347853;0.3172664429505009;15.705429084479418;2.3772485065422724;0.28360273707735123;680.9303837605959;98726.77625829783;0.0;0.0;3431155283.7393208;-2408.157574495819;0.0;2.7509670766588585;0.4631908902300207;1.2457983307076834;0.4478534916797975;0.6178615011158705;0.0027392306427541516;0.9163808315196469;0.06352982212813471;360.3749696717711;-0.0009638095351630731;0.9685645567507083;0.4026263788583793;540048.9156347237;765410.2708953351;155772.4486228519;645.873614335435;1077411.215473916;30372.906343596493
2017-10-01;48439.366792106746;1.0085777087639995;20605.570791344766;6.21948713417406;0.31782666444296176;15.719504274317552;2.367263861888349;0.2732574776766556;684.7184254453214;95961.42878305804;0.0;0.0;3789213715.1105895;-2724.923092049511;0.0;2.663805912584787;0.4631908902300207;1.2059573207249534;0.4592957392773179;0.6194089862055833;0.0009066412210033502;0.9184262351294803;0.06352982212813471;361.54379009593276;-0.001001493109604408;0.9678656192252332;0.3833035208148996;542880.1717964212;769272.1418729769;156659.00337483475;262.175059878353;1081441.6399764512;30660.52571663149
2017-11-01;48454.76274651628;1.009266101654334;19078.20890921991;9.985002388631822;0.31801902822226674;15.743711731527762;2.357889431332005;0.25661871208194287;690.1779306187057;94430.63078587949;0.0;0.0;4184643928.031343;-2602.768180929671;0.0;2.5195422517173465;0.4631908902300207;1.114031853472968;0.45837953963815;0.6217256930990309;0.002494103384427732;0.9197054838045938;0.06403749729085277;362.6785642610017;-0.000808701332332554;0.9682664670640789;0.41447817571163215;545753.9286263718;773106.4613848738;157551.27934043712;362.65280584642596;1085441.3269798434;30957.180947814748
2017-12-01;48465.585588319;1.0083466401061363;19422.426080900714;2.440430843631721;0.3192775252492642;15.74790091893574;2.344809969822091;0.2676985341669598;693.1754444377659;92785.86160579877;0.0;0.0;4621346348.189064;-2604.9626274978227;0.0;2.543405413684065;0.4631908902300207;1.148880277042146;0.46615350452941906;0.6211446688564237;0.0009521980673998824;0.9210272390016722;0.06403749729085277;363.68426616407066;-0.0004650810281998097;0.9679218580161925;0.41726999681949806;548437.2143897666;776844.5154617388;158426.894530822;124.60993616238135;1089330.7612167567;31242.075492271255
2018-01-01;48440.91897589861;1.0082416573867738;20398.793786552375;8.661531558420295;0.3190190282222668;15.755399859501189;2.337016238189407;0.2706824834999155;696.1743975207959;91990.33905815099;0.0;0.0;5103629451.824527;-2640.2014993731473;0.0;2.520432010538327;0.4634916536049836;1.2116760023285051;0.4684930407315407;0.6215351666351573;0.0026301798013320075;0.9217811222187272;0.06403749729085277;365.02833979951674;-0.0004532478222319513;0.9680292930213655;0.4207456438427841;551194.8549169004;780515.1776715072;159275.02527058666;379.90203715752455;1093326.5238876604;31538.08611486167
2018-02-01;48422.05027703429;1.0078357134764169;19573.33396893096;10.897295574294354;0.32001902822226674;15.778715148070106;2.327792627519986;0.25325584095891207;700.5750361464327;91127.80799231633;0.0;0.0;5636250240.901716;-2258.703480680734;0.0;2.4819038103308055;0.4634916536049836;1.1491981922231471;0.47226529504590126;0.6213353068453682;0.0012667241367921326;0.9219985874691684;0.06352982212813471;366.46265187993464;-0.0002682647806958073;0.9670964932244128;0.4187270971879708;553800.9213641159;784207.4039970374;160119.72760355237;168.6765090578727;1097004.5632853576;31832.96744595434
2018-03-01;48433.50865024904;1.0070658535375892;20267.948888049745;13.339710510342444;0.3209445751624941;15.800287398964754;2.3261104626523705;0.25197665644939127;705.7742925725737;88798.05427422115;0.0;0.0;6224463162.191991;-2487.5831507066096;0.0;2.492537895979006;0.4634916536049836;1.1895300488312264;0.4810034232914536;0.620843729639535;0.0027033823524994713;0.9241899749257719;0.06352982212813471;367.7573976484342;-0.00018042503250490123;0.9666222265205237;0.43016477525268737;556896.0851290394;787956.3607573991;161034.64396263933;558.0824920290216;1100739.8395045304;32124.607923457115
2018-04-01;48465.27296610157;1.0065298221281347;18794.27601890028;6.425626055490461;0.3220796211539357;15.814210128113155;2.3213794194688635;0.24765781447068422;710.6377204960087;89077.80048939721;0.0;0.0;6874069671.990258;-3582.0682189220997;0.0;2.356425489308665;0.462732257784644;1.1110813030197686;0.4862082135327888;0.6235451872254659;0.001279170634914636;0.9260408807565415;0.06352982212813471;367.0345335167333;0.000213456693832147;0.9666887499340091;0.4338683908506104;559671.9618953872;791612.451690205;161885.0906197145;353.37873039143545;1104646.3175100454;32412.058432271544
2018-05-01;48469.531713166325;1.0071105869554426;18360.668440014226;9.638977746284525;0.3219445751624941;15.83431107413679;2.3099171185819047;0.23911964214393486;716.4362128056645;86850.29527444167;0.0;0.0;7591477535.91341;-3066.625727614156;0.0;2.343114587339838;0.4634916536049836;1.0387050830856217;0.49142641555213706;0.6272741200194634;0.0017695770643696852;0.926724972160322;0.06352982212813471;366.894982883298;0.0002723441866867172;0.9666291103680512;0.43966890911360235;562257.4885038489;795218.710858867;162736.0093013574;147.19166247619123;1108421.7967253525;32710.57247303417
2018-06-01;48469.38981025651;1.006299659828522;19160.606782394203;14.645648472436841;0.32285523790472376;15.850878483383225;2.2950004705289784;0.24729552201394853;722.0970504182862;84884.67280632145;0.0;0.0;8383764189.268631;-2778.7436115110363;0.0;2.36140121291108;0.4634916536049836;1.1132278040331802;0.49581003875967306;0.6273792751548369;0.003420273959751037;0.9274542568506211;0.06352982212813471;366.44679694854284;0.0002456305806085284;0.965588661552765;0.4282162349719138;564869.4743076671;798880.773829241;163605.6345340926;106.18261902404996;1112010.6357442732;33005.26477086666
2018-07-01;48486.56512634531;1.007599319657044;18439.31409966519;3.1830650922705797;0.3238552379047238;15.860956992341078;2.28779007048495;0.2553643441793963;726.3079499924942;85411.53323827381;0.0;0.0;9258744166.220152;-3410.3481785414588;0.0;2.321762671767118;0.4634916536049836;1.073576950854343;0.5007989833534202;0.6271842682607863;0.0018293615937333616;0.9289931905290137;0.06352982212813471;367.2907637824371;0.0003049008453840617;0.9655050510686598;0.42005925019163504;567449.3447962896;802367.2448416925;164434.04591545375;264.3038349755493;1115642.7460589458;33301.641466071655
2018-08-01;48455.30870575734;1.0067772536221093;19170.49418553809;16.07473022150194;0.32424963126121703;15.871202300985765;2.2959992156835605;0.24456426969210446;728.8211174001583;84816.36556778458;0.0;0.0;10225048851.951937;-2569.813891541443;0.0;2.290919231101029;0.4628284271247462;1.0450642029039015;0.5050217121009961;0.6265921197355793;0.0006254823744964367;0.9287451006817818;0.06352982212813471;366.08604577848615;0.0002769560838645803;0.965052701845662;0.42189197259106764;570390.6227872545;806192.5443326449;165262.4341580093;720.239856605351;1119353.4729827272;33581.32648885068
2018-09-01;48468.87498336221;1.0078351848043023;18567.023784620593;19.776045451007874;0.3246869472622847;15.893411622825653;2.283989999555516;0.23879922479455534;733.7712706799791;81750.61376859716;0.0;0.0;11292210095.226013;-3186.055021658497;0.0;2.3029065560397104;0.4628284271247462;1.052370615912861;0.5014223844963902;0.6254471464277525;0.0016555050498528508;0.9303056815161576;0.06352982212813471;365.6045324611961;4.8300935583982935e-05;0.9641378172679241;0.4153534237004625;572920.4691787796;809834.2616227177;166111.91864087133;99.71590165111347;1123116.5576908672;33862.80468936266
2018-10-01;48476.63601355978;1.0083399955614716;18830.860337093385;14.764218629339998;0.3255835470062057;15.92201025624168;2.2721291227798344;0.23488971032108627;739.1950664942801;79558.33876995192;0.0;0.0;12470754402.433432;-3625.1947705621496;0.0;2.2562978845067447;0.4628284271247462;1.034921838282222;0.5124600744878313;0.6246467565395455;0.0018088373858266048;0.9297811222187272;0.06352982212813471;365.4463558530379;-1.8480073811126888e-05;0.9632212402355531;0.42573740834949014;575419.8289290043;813615.0963835858;166945.77449246493;89.33819876685165;1126785.3510022908;34165.23489783639
2018-11-01;48497.53344790402;1.006599319657044;17703.43918157787;9.089369324313193;0.32575878779799056;15.937928293802234;2.2815849452211183;0.23245347079004597;742.7986858843286;78720.48347191726;0.0;0.0;13772306482.498735;-3502.216089122066;0.0;2.1886437816147253;0.4623444239441697;0.984664637020845;0.5190199736261286;0.6270126850661297;0.0026246716953971893;0.9315801090337471;0.06352982212813471;365.3558558361464;2.70230272548036e-05;0.9635074230147945;0.4357111824337655;578334.7137071663;817194.9458931055;167762.98795839737;778.948607317885;1130522.877770662;34458.78658972273
2018-12-01;48504.070097167976;1.0055298221281346;16975.3228452816;16.09003493834841;0.32691688033953903;15.955769917284288;2.276363551735778;0.23459370560105844;746.9907538831806;77247.09130264804;0.0;0.0;15209705576.137096;-2341.0822898813303;0.0;2.2147863437916033;0.4618284271247462;0.980848251238578;0.5192445400917669;0.6271075279784177;0.000783744522870497;0.9319367827643966;0.06352982212813471;366.0291645692236;2.70230272548036e-05;0.9637936487304127;0.43877732238762057;580982.8609020956;820777.9742124545;168571.79542921143;350.4483805711474;1134113.1846914864;34740.95731152111
2019-01-01;48524.64833032056;1.007241657386774;17624.274135745534;9.194256296992727;0.3274657276529594;15.996285890670219;2.2678429766733097;0.22315936506936662;751.5186437086146;77561.08353666932;0.0;0.0;16797129696.426348;-3782.474521723814;0.0;2.139585146971974;0.4618284271247462;0.9839581116629729;0.5224736043268432;0.6277219438353812;0.0021599723754798027;0.9335238882327104;0.06352982212813471;366.4001449253525;2.1659942914505417e-05;0.9630201533797165;0.45332653153796987;583449.4191351605;824273.0968820628;169367.46838418228;221.10365580400813;1137586.2286734406;35030.875576050836
2019-02-01;48547.78257673708;1.005732257784644;17169.28925029769;13.940912659681649;0.32883852326547236;16.01538536434218;2.2583913120895796;0.22391863949345486;755.1830430256541;76425.06485338927;0.0;0.0;18550238131.971485;-3584.9597049657305;0.0;2.0818771092367956;0.4618284271247462;0.9726261903252585;0.5276156323687295;0.6284843618241222;0.0027853500744473136;0.9340758369027903;0.06352982212813471;366.8011377303662;2.1659942914505417e-05;0.9628836852944364;0.45680390993218156;585852.1599759009;827814.2679937521;170176.80537441786;60.173309023332635;1140916.1885566218;35337.24353350056
2019-03-01;48555.59019767238;1.0071105869554426;16554.986079314902;9.469169484105892;0.3293188421313967;16.024578702809336;2.2469818166789404;0.22635544565536753;757.9455920772533;75974.24483112675;0.0;0.0;20486323443.893444;-3360.325013984855;0.0;2.0839078290733726;0.4621105869554426;0.9461497086730736;0.5303081531476701;0.6306230690530704;0.0024044820285692063;0.9345931013969515;0.06352982212813471;367.43246473461613;9.618859388243854e-05;0.9627390108533533;0.4842718093477049;588218.0350240313;831205.3665253946;170961.14615664593;107.89096977763114;1144619.978665688;35628.16157038406
2019-04-01;48559.38697600772;1.0057322577846441;17887.791518514117;15.730004266753111;0.33031884213139673;16.036795715870415;2.2388358509279738;0.2195622444374542;761.9684060932843;74440.12009751152;0.0;0.0;22624483343.831593;-3563.4163137163637;0.0;1.998332638888261;0.462786335345031;0.9780111844297021;0.5381435109319085;0.6301645485168866;0.0019938003725283844;0.9355931013969516;0.06352982212813471;368.8233653941441;8.126976129495256e-05;0.9615218600848953;0.4940833291822333;590648.8926115504;834840.7991502109;171773.76638519662;105.10071354098041;1148156.3083560853;35924.07016284713
2019-05-01;48500.93378932426;1.0051733200530681;17251.64585927516;11.769181828014133;0.33074628782060234;16.012031850494314;2.235762343330165;0.22512636725386323;763.5820693266779;72791.33151957103;0.0;0.0;24985808902.000732;-3467.9644121856377;0.0;2.059238663746814;0.4623708306241861;0.9528673875396563;0.5361163746210681;0.6304654357822685;0.0013360356690702542;0.9350218144664455;0.06317142372223336;369.6437407293133;0.000280914745936358;0.9617505769070759;0.4940833291822333;593305.9973418724;838375.9102157089;172587.77443256436;361.0485409260463;1151750.6180238398;36213.97096528034
2019-06-01;48473.890259556334;1.0068284271247463;16975.774540237722;6.992840434946114;0.3318385232654724;16.017228110007053;2.23494072447413;0.22402855686616774;767.2513740296439;72637.19846752014;0.0;0.0;27593591677.59233;-3750.1273270856545;0.0;2.0358357480641676;0.46139918687092263;0.9055157498608332;0.5475356434983062;0.6308399950194139;0.003841864658784893;0.9358594871654382;0.06317142372223336;369.9892216201951;0.00027447067914749407;0.9619018093679137;0.49349428717166544;595939.6164204252;841757.9880223812;173364.58736588244;440.2141485013528;1155211.3171661443;36525.22887897617
2019-07-01;48460.33357058121;1.006835713476417;16950.684089913942;4.4745115805678015;0.3329880884817015;16.016420522173675;2.2335055554126733;0.22837704016099256;770.6850126063752;70754.35012480403;0.0;0.0;30473556537.83908;-3600.1179780849943;0.0;1.9889605836172775;0.46139918687092263;0.9013154834708712;0.5468755999102703;0.6310968170609348;0.0011473528113617988;0.9370218144664454;0.06352982212813471;370.03130474550437;0.0004106242352368665;0.9625405646998826;0.5222674373346597;598450.3246099454;845184.9045771053;174152.3287846983;356.04694395495363;1158706.6373037044;36836.00194879392
2019-08-01;48474.26539161974;1.0077149137674692;15958.559750966386;10.422373563288174;0.33283852326547236;16.014857925556782;2.231742017109099;0.2135919305041113;775.7721693414959;71170.46634301901;0.0;0.0;33654110645.463745;-3903.834431798698;0.0;1.96683291770552;0.4608284271247462;0.8999491613174143;0.5437749258582665;0.6310202253037205;0.0022199971313805493;0.9379985874691684;0.06352982212813471;369.5567901807664;0.0004887342983479741;0.9628992769732164;0.5105544299498234;600941.8345906427;848529.1357661047;174914.8997724086;326.51554399755645;1162046.338457784;37152.16403471208
2019-09-01;48507.28121063422;1.0086238705734523;16135.401348175259;6.6932601066997;0.3338385232654724;16.032195535959335;2.2346955911748356;0.21120309389976616;780.4104472949255;69814.56713362603;0.0;0.0;37166627694.11988;-4423.481254968221;0.0;1.8861536305731326;0.4610374972908528;0.8661756757624566;0.5569798176817877;0.6348715500841915;0.0025799082549501934;0.9399308046566159;0.06352982212813471;371.5412931254293;0.0005067704592057604;0.9626678754737678;0.5293879592800581;603356.9337127262;851805.1326757268;175649.30832633507;400.42794585866477;1165372.999772867;37444.355340341295
2019-10-01;48533.61484763211;1.0066777572775027;16361.744198011604;16.81438009590148;0.3352959652520556;16.056540175124212;2.2333393311262064;0.20665530630820148;784.1570975652016;69405.14996131013;0.0;0.0;41045754929.73218;-3679.624824313585;0.0;1.8883462182781237;0.46011058695544266;0.8809641528582118;0.5550562502706181;0.6342837374935273;0.002057846149631422;0.938959919678391;0.06352982212813471;372.1354117226329;0.000488756728110577;0.9626557498927655;0.5350191298009226;605715.4543672497;855007.0878112367;176370.76224827665;436.41998058664706;1168602.2474941306;37746.21399803833
2019-11-01;48537.304145155074;1.0063991868709226;15996.398297227006;5.1535638589352954;0.33551890837435266;16.06126271905145;2.2228690863304688;0.20917807951534695;788.650890536471;67283.03233783653;0.0;0.0;45329756723.18775;-3951.161936636171;0.0;1.943816182920973;0.460677757277503;0.9120485142819812;0.5604883139035849;0.6349987799946913;0.001475587807375967;0.9401192885125389;0.06349165360498359;372.7804456854707;0.0006201533797163105;0.9621755016714008;0.5370540491015086;607778.0606839582;858024.1198696162;177068.4570345388;73.84482487715863;1171718.1403200473;38045.872748504065
2019-12-01;48509.15848168709;1.0055976176963404;16197.18262243242;10.13426921695753;0.33629596525205563;16.055692962254714;2.2133672090098835;0.20752238957189734;793.2935672259279;66830.3971999179;0.0;0.0;50060890850.75249;-3899.4635640403167;0.0;1.90436542612064;0.460677757277503;0.9053642030885833;0.5635767808636827;0.636476954373682;0.002690389609013532;0.9407462878206023;0.06349165360498359;373.8523519294567;0.0006048475878337629;0.9625164232184765;0.541918016021685;609991.0589120223;861230.536311121;177818.65344191538;76.98452204547061;1174598.5170649767;38339.83107735739
