2010-01-01;47495.5;1.001;7869.3845;100.0;0.18333333333333335;15.312333333333333;0.09866666666666668;0.04833333333333333;312.1295;152714.42816666668;0.0;0.0;2247228.9784999997;97.793;57.41;0.32683333333333336;0.4916666666666667;0.13598333333333332;0.07843333333333334;0.4585166666666667;0.0;0.7266666666666666;0.08016666666666666;254.2585;0.00545;0.19281666666666666;0.0;2300.1107500000003;6689.904299999999;370.77605;0.0;20177.196666666667;64.58147505500058
2010-02-01;47588.833333333336;1.005;11950.898333333333;34.1755;0.20066666666666666;15.052166666666666;0.2793333333333334;0.171;309.8043333333333;13797.692166666668;0.0;0.0;2253541.4528333335;-403.9648333333333;89.26666666666667;1.6563333333333334;0.5346666666666667;0.4627333333333333;0.022816666666666666;0.4698333333333333;0.0039833333333333335;0.7263333333333333;0.07616666666666666;209.7092;0.0035166666666666666;0.7460333333333334;0.0;5359.191699999999;16286.456883333332;932.8907833333333;0.43383333333333335;43699.63333333333;161.6830299027449
2010-03-01;47668.833333333336;1.0078333333333334;16622.514166666664;28.1065;0.21033333333333334;14.933333333333332;0.5086666666666667;0.29133333333333333;310.4633333333333;15549.737;0.0;0.0;2264095.714166667;-496.0036666666667;113.15333333333332;3.0736666666666665;0.49333333333333335;0.7782333333333334;0.009816666666666666;0.47951666666666665;0.0028666666666666667;0.7275;0.073;206.14916666666667;0.0020333333333333336;0.8557833333333332;0.0;9084.206683333334;25736.538066666664;1715.3835;41.2674;67615.27;279.4252925405707
2010-04-01;47742.666666666664;1.0093333333333334;18389.0165;9.6015;0.21716666666666665;14.867666666666667;0.5581666666666667;0.3313333333333333;311.97566666666665;34566.12616666667;0.0;0.0;2279605.237;-849.2861666666668;131.95666666666668;3.5839999999999996;0.5125000000000001;0.8960166666666667;0.009983333333333332;0.48668333333333336;0.0016499999999999998;0.7278333333333333;0.06999999999999999;208.88283333333334;0.0008166666666666666;0.8735166666666667;0.0;13144.9756;35275.88823333333;2581.4848166666666;164.46321666666668;91283.09833333333;401.80547171660646
2010-05-01;47829.166666666664;1.0106666666666666;21396.0215;14.057166666666667;0.22233333333333336;14.829833333333333;0.7236666666666666;0.4025;313.71866666666665;46481.83466666667;0.0;0.0;2300034.737166667;-1154.401;148.41;4.4105;0.4951666666666667;1.1174666666666668;0.0084;0.49448333333333333;0.00105;0.729;0.0675;209.61105;-0.0004333333333333333;0.9030333333333332;0.0;17717.31505;45464.76356666667;3587.737183333333;302.7472666666667;114820.01666666666;537.0705010911339
2010-06-01;47905.833333333336;1.0101666666666667;26336.67683333333;18.762833333333333;0.22633333333333336;14.803666666666667;1.0696666666666668;0.5113333333333333;316.24600000000004;51621.0245;0.0;0.0;2326320.0723333335;-1244.9099999999999;160.875;5.788666666666667;0.4583333333333333;1.5191666666666668;0.007483333333333334;0.49876666666666664;-0.00011666666666666662;0.7291666666666666;0.06466666666666666;208.01260000000002;-0.0016499999999999998;0.9402833333333334;0.0;23104.019383333332;56573.12228333333;4826.436083333333;494.3546666666667;138195.705;681.6635845493173
2010-07-01;47976.666666666664;1.0101666666666667;30461.466;13.520000000000001;0.23083333333333333;14.783333333333333;1.3573333333333333;0.6116666666666667;318.93850000000003;64086.27383333333;0.0;0.0;2359767.9765000003;-1834.8261666666667;166.615;7.0675;0.44333333333333336;1.8330166666666667;0.007466666666666667;0.5062166666666666;-8.33333333333333e-05;0.7313333333333333;0.06233333333333333;204.86811666666665;-0.003016666666666666;0.9573;0.0;29371.478766666667;67854.74038333334;6257.491283333334;896.2995166666666;161369.14333333334;852.3188021932684
2010-08-01;48039.666666666664;1.0083333333333333;33576.6205;9.0935;0.23450000000000001;14.7725;1.5828333333333333;0.6934999999999999;322.2051666666667;98066.22416666667;0.0;0.0;2400885.3475;-1947.4211666666667;168.44333333333333;7.911333333333334;0.438;2.05615;0.00735;0.5132833333333333;-0.0016666666666666668;0.733;0.06;205.90705;-0.0042;0.9653166666666667;0.0;36576.47015;79257.19878333334;7836.421816666666;1509.7722166666665;184061.00833333333;1032.3077137094795
2010-09-01;48108.666666666664;1.007;34659.852;3.033333333333333;0.23750000000000002;14.769333333333334;1.6356666666666666;0.7091666666666666;325.2065;110629.37449999999;0.0;0.0;2450178.3976666667;-2008.9886666666669;166.06833333333333;8.335666666666667;0.4443333333333333;2.1199999999999997;0.008183333333333334;0.5190833333333333;-0.0015000000000000002;0.734;0.057999999999999996;206.74656666666667;-0.005299999999999999;0.9647833333333334;0.004266666666666667;42826.02416666666;90726.23108333333;9464.60635;338.8192666666667;206004.00333333333;1216.9307051478515
2010-10-01;48156.333333333336;1.007;33850.169499999996;-2.362666666666667;0.24050000000000002;14.758666666666668;1.5901666666666667;0.718;328.19149999999996;113969.928;0.0;0.0;2508521.5518333334;-2077.3610000000003;170.20166666666668;8.555166666666667;0.457;2.0909166666666668;0.009783333333333333;0.5243166666666667;8.333333333333333e-05;0.7361666666666666;0.055999999999999994;206.06588333333332;-0.006350000000000001;0.9584333333333334;0.004166666666666667;48662.56068333334;101888.09055000001;11054.816383333333;29.1211;227449.75666666668;1410.9131193623907
2010-11-01;48205.333333333336;1.0076666666666665;33962.57433333333;0.3781666666666667;0.243;14.762;1.5566666666666666;0.7183333333333333;331.8725;113904.23583333334;0.0;0.0;2575874.8755;-1877.1396666666667;171.65;8.559666666666667;0.46649999999999997;2.0853;0.01235;0.5294666666666666;0.0003666666666666666;0.7376666666666667;0.05316666666666667;208.42825000000002;-0.007533333333333333;0.9544666666666667;0.00805;54510.795033333336;113112.59909999999;12650.19055;42.49935;248766.045;1614.119056012781
2010-12-01;48234.0;1.0078333333333334;34800.977666666666;2.4276666666666666;0.24533333333333332;14.753833333333333;1.572;0.7408333333333333;335.82733333333334;112397.49166666665;0.0;0.0;2653418.741;-1932.1513333333332;174.31500000000003;8.985333333333333;0.4701666666666667;2.101366666666667;0.013533333333333333;0.5344333333333333;0.0003;0.7393333333333333;0.050833333333333335;210.5249666666667;-0.00875;0.9538166666666666;0.011683333333333332;60500.916666666664;124119.12045;14285.526833333335;113.15859999999999;269561.5833333333;1839.1324619411828
2011-01-01;48245.333333333336;1.0088333333333332;34832.366;0.03633333333333333;0.24716666666666667;14.758333333333333;1.5296666666666667;0.7438333333333333;339.8521666666666;117918.219;0.0;0.0;2742137.5433333335;-2069.758;175.89;9.083499999999999;0.4788333333333333;2.0690333333333335;0.016416666666666666;0.5351166666666666;0.001;0.7418333333333332;0.049666666666666665;211.51221666666666;-0.0096;0.94965;0.011266666666666668;66380.65731666666;135019.67011666668;15972.028466666665;32.54575;289651.51666666666;2038.8539858006616
2011-02-01;48248.333333333336;1.0094999999999998;35413.3425;1.6328333333333334;0.24866666666666667;14.765;1.4946666666666666;0.7486666666666667;343.62083333333334;116806.113;0.0;0.0;2843141.5503333337;-2020.6163333333334;176.04833333333332;9.0595;0.48566666666666664;2.069733333333333;0.018600000000000002;0.53985;0.0005166666666666667;0.7443333333333334;0.048666666666666664;211.7087;-0.010633333333333333;0.9476666666666667;0.011016666666666666;72289.35055;145737.30258333334;17684.793933333334;20.4567;309245.375;2270.341518262828
2011-03-01;48241.5;1.0098333333333331;35792.401333333335;1.0648333333333333;0.25033333333333335;14.767666666666665;1.4801666666666666;0.7588333333333334;347.14983333333333;114863.55966666667;0.0;0.0;2957314.4599999995;-2302.0308333333337;178.66166666666666;9.280333333333333;0.49033333333333334;2.0498;0.021166666666666667;0.5425;0.0004333333333333333;0.7466666666666667;0.04750000000000001;212.3179;-0.011683333333333332;0.9460500000000001;0.010666666666666666;78256.03693333334;156182.5067;19417.039566666666;53.70468333333333;328522.2166666667;2503.1403386130437
2011-04-01;48234.666666666664;1.0095;36328.147;1.4835;0.25183333333333335;14.774666666666667;1.4606666666666666;0.7576666666666667;351.27133333333336;121173.39166666666;0.0;0.0;3086005.305166667;-2291.101833333333;180.49333333333334;9.2215;0.4955;2.0490166666666667;0.02401666666666667;0.5456833333333333;-0.0004;0.749;0.04583333333333334;213.09956666666668;-0.012866666666666665;0.9437666666666668;0.013816666666666666;84297.49496666667;166638.56221666667;21175.238416666667;92.99248333333333;347293.52999999997;2735.782297953742
2011-05-01;48225.166666666664;1.0096666666666667;37438.128333333334;2.9545;0.2531666666666667;14.777166666666666;1.5183333333333333;0.779;355.27500000000003;124385.352;0.0;0.0;3230572.625833333;-2329.9405;178.285;9.4705;0.49266666666666664;2.07;0.027116666666666667;0.5487833333333333;0.0003;0.7516666666666666;0.04416666666666667;213.59173333333334;-0.013983333333333334;0.9454333333333333;0.031400000000000004;90820.16191666666;177076.74866666668;22986.85325;495.66003333333333;365663.5466666667;2977.7128701276647
2011-06-01;48218.5;1.0091666666666665;38941.73216666667;3.845833333333333;0.25433333333333336;14.782333333333334;1.6163333333333334;0.8115;359.2426666666667;127627.58716666668;0.0;0.0;3392783.014;-2471.9666666666667;177.465;9.940833333333334;0.486;2.1298666666666666;0.029183333333333335;0.5508666666666667;-0.00046666666666666666;0.7545000000000001;0.043000000000000003;217.74676666666667;-0.014100000000000001;0.9464166666666666;0.0415;97874.51545;187558.15918333337;24871.357933333333;897.8385333333334;383556.16333333333;3217.134810745316
2011-07-01;48219.333333333336;1.0094999999999998;40060.14316666667;2.785833333333333;0.25583333333333336;14.791666666666666;1.7091666666666665;0.824;363.132;129295.049;0.0;0.0;3574176.7946666665;-2584.715333333333;175.43499999999997;10.317;0.4805;2.15505;0.03161666666666667;0.5493;0.00013333333333333334;0.7568333333333334;0.042666666666666665;218.7944666666667;-0.013416666666666667;0.9482666666666666;0.04526666666666667;105009.86953333333;197933.41671666666;26809.57775;853.41035;401087.14999999997;3481.6742772455905
2011-08-01;48205.5;1.0096666666666667;41508.401999999995;3.483166666666667;0.257;14.791666666666666;1.7801666666666665;0.8411666666666666;366.4725;137675.76516666668;0.0;0.0;3776869.7835000004;-2128.6765;172.6;10.376833333333334;0.4766666666666666;2.2088;0.03356666666666667;0.54925;0.0001833333333333334;0.7598333333333334;0.044333333333333336;219.04666666666665;-0.0134;0.9503333333333334;0.05508333333333334;112563.14918333333;208328.59836666667;28817.573633333333;1147.4164;418032.63666666666;3746.9265175552077
2011-09-01;48200.0;1.0096666666666667;42290.013333333336;1.8568333333333333;0.25816666666666666;14.797333333333334;1.8056666666666665;0.8398333333333333;370.4123333333334;140463.02716666667;0.0;0.0;4002534.2181666666;-2227.976166666667;170.96333333333334;10.679166666666667;0.4768333333333333;2.2070000000000003;0.03691666666666667;0.5472;0.00025;0.7626666666666667;0.04533333333333334;219.0934;-0.013366666666666666;0.9511166666666666;0.05725;119552.16226666667;218760.23548333332;30864.99485;420.37736666666666;434685.8016666667;4023.4465713018694
2011-10-01;48175.166666666664;1.0105;43205.09216666667;2.119333333333333;0.2591666666666667;14.809;1.8343333333333334;0.8508333333333332;374.8141666666667;147599.92799999999;0.0;0.0;4253609.303333334;-2330.772;167.045;10.632333333333333;0.4768333333333333;2.20975;0.040766666666666666;0.5470166666666666;0.0007;0.7653333333333334;0.04650000000000001;219.5326;-0.013333333333333334;0.9517666666666665;0.0599;126737.64281666667;229044.25451666667;32955.55676666667;532.5114666666667;450964.43166666664;4295.59192106832
2011-11-01;48167.333333333336;1.0111666666666668;44158.369666666666;2.154;0.2608333333333333;14.814;1.8473333333333333;0.846;379.26;150005.01316666667;0.0;0.0;4532477.229666666;-2339.3125;161.6;10.636666666666667;0.47766666666666663;2.208766666666667;0.04355;0.5466833333333333;0.0005666666666666666;0.7680000000000001;0.04733333333333334;220.18701666666666;-0.013333333333333334;0.9518;0.06924999999999999;133821.38411666665;239405.33719999998;35092.47465;304.88033333333334;466834.8833333333;4575.537212601803
2011-12-01;48162.166666666664;1.012;45317.748166666664;2.5416666666666665;0.26166666666666666;14.826166666666666;1.869;0.8476666666666667;382.8446666666667;152094.95066666667;0.0;0.0;4841912.9225;-2538.434333333333;156.74833333333333;10.635;0.478;2.211533333333333;0.04708333333333333;0.5469666666666667;0.00095;0.7705000000000001;0.048499999999999995;220.39711666666668;-0.013316666666666666;0.95215;0.07143333333333333;141101.04093333334;249827.9978;37285.6196;379.43789999999996;482313.14666666667;4853.110413753776
2012-01-01;48133.5;1.0125;46598.4695;2.749333333333334;0.26333333333333336;14.820500000000001;1.8796666666666668;0.8534999999999999;386.98333333333335;151975.40133333334;0.0;0.0;5184744.9205;-2615.245;146.045;10.656166666666666;0.4791666666666667;2.2142833333333334;0.05096666666666667;0.5473166666666667;0.0004833333333333333;0.7735;0.04933333333333333;220.54821666666666;-0.013283333333333333;0.9520166666666666;0.07071666666666666;148431.78848333334;260304.9234;39453.845250000006;268.4288166666667;497551.92333333334;5134.390902422881
2012-02-01;48122.333333333336;1.0128333333333333;48072.656500000005;3.0635;0.26416666666666666;14.823833333333333;1.8866666666666667;0.8491666666666666;390.9173333333333;156501.09933333335;0.0;0.0;5564442.864999999;-2524.0823333333333;142.72333333333333;10.565;0.4808333333333333;2.2274833333333333;0.05586666666666667;0.5478166666666667;0.00023333333333333333;0.7763333333333334;0.050333333333333334;220.61156666666668;-0.013266666666666668;0.9520666666666666;0.08608333333333333;156018.14356666667;270939.9059833333;41690.76723333333;363.4106166666667;512332.16333333333;5427.846001912304
2012-03-01;48121.333333333336;1.0134999999999998;49472.993833333334;2.8281666666666667;0.26533333333333337;14.831666666666669;1.9275;0.8401666666666666;394.8865;160586.549;0.0;0.0;5984573.101333334;-2323.286;138.20833333333334;10.557833333333333;0.48;2.232083333333333;0.05955;0.5462;0.0008;0.7788333333333334;0.050833333333333335;221.4654833333333;-0.013266666666666668;0.9531166666666667;0.08043333333333333;164077.5441166667;281628.58851666667;43993.01003333333;707.4440333333333;526853.4366666666;5728.872306442404
2012-04-01;48124.833333333336;1.0148333333333333;51084.200333333334;3.15;0.2665;14.842166666666666;1.9106666666666667;0.8393333333333333;398.8723333333333;161048.701;0.0;0.0;6449453.2129999995;-2523.5516666666667;128.71333333333334;10.516333333333334;0.4831666666666667;2.23795;0.061816666666666666;0.54725;0.0012;0.7816666666666667;0.0515;222.77108333333334;-0.01325;0.9527;0.08608333333333333;171736.59025;292436.87700000004;46369.83971666667;60.015433333333334;540801.8333333334;6040.387138938285
2012-05-01;48117.0;1.016;52378.607500000006;2.4676666666666667;0.2675;14.8495;1.9256666666666666;0.8321666666666667;402.979;165883.828;0.0;0.0;6963239.080333333;-2686.2363333333333;120.26833333333333;10.491166666666667;0.48416666666666663;2.211316666666667;0.06686666666666667;0.54675;0.0009166666666666666;0.7843333333333334;0.05216666666666667;225.43391666666665;-0.013233333333333333;0.9530666666666666;0.08545000000000001;179890.40123333337;303272.6782833334;48807.10798333333;439.5296666666666;554535.8416666667;6345.189272167464
2012-06-01;48112.833333333336;1.0163333333333333;54274.38816666667;3.48;0.2688333333333333;14.854833333333334;1.9589999999999999;0.8193333333333334;407.14883333333336;167109.93833333332;0.0;0.0;7531297.978999999;-2598.4173333333333;112.015;10.355;0.48416666666666663;2.2362166666666665;0.07153333333333334;0.5469833333333334;0.00036666666666666667;0.7873333333333333;0.052833333333333336;227.4893;-0.013216666666666666;0.9535666666666667;0.0856;188347.38461666668;314266.7201;51332.95073333333;525.4951166666666;567888.4383333334;6663.896347297353
2012-07-01;48102.5;1.0174999999999998;56205.275833333326;3.4314999999999998;0.27016666666666667;14.859833333333334;1.9611666666666665;0.8078333333333334;411.40933333333334;167339.92799999999;0.0;0.0;8158560.589166667;-2344.8575;98.49666666666667;10.193833333333332;0.48633333333333334;2.229083333333333;0.07508333333333334;0.5469833333333334;0.0012833333333333334;0.7901666666666668;0.0535;227.70929999999998;-0.013216666666666666;0.9537166666666667;0.09706666666666668;196763.77320000003;325553.5287833333;53949.2097;217.42585;580866.1183333333;6963.216359815989
2012-08-01;48090.0;1.017;57182.77483333333;1.6918333333333333;0.2715;14.8665;1.9678333333333333;0.8018333333333333;415.51033333333334;169767.60716666668;0.0;0.0;8852212.661666667;-2190.7771666666667;80.99166666666666;10.168333333333335;0.48816666666666664;2.2356666666666665;0.07861666666666667;0.5468833333333333;-0.0004666666666666666;0.7935;0.05383333333333334;227.7545;-0.013183333333333333;0.9535999999999999;0.09376666666666666;205387.9589;336850.8775333333;56610.493083333335;321.8260166666667;593643.125;7287.790772327549
2012-09-01;48095.833333333336;1.0101666666666667;54635.47966666667;-4.964166666666666;0.2725;14.878666666666668;1.9615;0.783;419.68133333333327;171143.33383333334;0.0;0.0;9622872.428333333;-2431.4328333333333;58.443333333333335;9.979166666666666;0.49133333333333334;2.215116666666667;0.08133333333333333;0.5464166666666667;-0.0068000000000000005;0.7965;0.0545;228.94955000000002;-0.013166666666666667;0.9533;0.10301666666666666;213450.54873333333;347668.38916666666;59153.56778333333;86.28895;606172.51;7626.641249852927
2012-10-01;48080.333333333336;1.0061666666666667;45933.725666666665;-19.230999999999998;0.2738333333333334;14.890500000000001;1.9466666666666665;0.758;423.96450000000004;174557.379;0.0;0.0;10485873.871;-2479.5821666666666;49.365;9.7765;0.49466666666666664;2.2203666666666666;0.08421666666666666;0.5464333333333333;-0.00375;0.7993333333333333;0.05483333333333334;230.8994;-0.0131;0.9522333333333334;0.10203333333333332;220279.87271666666;357241.12353333336;61290.47628333333;21.342616666666668;618276.49;7895.625278937235
2012-11-01;48051.333333333336;1.0051666666666665;39877.9565;-15.172666666666666;0.2751666666666667;14.89;1.9333333333333333;0.7398333333333333;427.9766666666667;171840.4765;0.0;0.0;11446870.137166666;-2672.6828333333337;46.946666666666665;9.701500000000001;0.49666666666666665;2.1777166666666665;0.08965000000000001;0.5467166666666666;-0.0010166666666666666;0.8016666666666667;0.0555;232.40371666666667;-0.013066666666666666;0.9513666666666666;0.10753333333333333;226349.34186666668;365865.4006;63145.86068333333;81.10865;630277.9783333334;8161.733311219549
2012-12-01;47994.166666666664;1.0051666666666665;37900.191666666666;-5.216166666666666;0.2765;14.879;1.9188333333333334;0.7248333333333333;431.36366666666663;169326.32633333333;0.0;0.0;12511921.086000001;-2744.191666666667;46.06666666666666;9.406333333333334;0.49783333333333335;2.1475;0.09463333333333333;0.5474;-9.999999999999998e-05;0.8046666666666668;0.0555;234.0947;-0.01305;0.9508833333333334;0.10411666666666668;232151.32585;374057.75025000004;64909.23088333334;101.29208333333334;641893.85;8429.066906563223
2013-01-01;47993.666666666664;1.005;38083.4515;0.4623333333333333;0.2775;14.8885;1.9044999999999999;0.7123333333333334;435.2121666666667;164277.99616666668;0.0;0.0;13689741.472166667;-2352.3338333333336;44.27666666666667;9.329666666666666;0.4988333333333333;2.1438333333333333;0.09948333333333333;0.5468500000000001;0.00011666666666666661;0.8068333333333334;0.05616666666666667;236.12528333333333;-0.01305;0.9505833333333333;0.11245;237947.96453333332;382270.95115000004;66708.16595;86.17133333333334;653264.1616666666;8683.54060046247
2013-02-01;48007.166666666664;1.005;37962.34783333333;-0.3140000000000001;0.2783333333333334;14.902499999999998;1.8935000000000002;0.7211666666666666;439.5495;160675.66150000002;0.0;0.0;14992111.344166666;-2380.802666666667;42.365;9.277166666666666;0.4996666666666667;2.1206666666666667;0.10365;0.5470333333333334;-0.00013333333333333337;0.8088333333333334;0.0565;238.05373333333333;-0.013033333333333334;0.9501499999999999;0.11191666666666666;243730.83505;390392.8676666667;68501.46558333334;99.73096666666667;664450.0933333334;8945.356302846152
2013-03-01;48006.833333333336;1.0053333333333334;37756.608;-0.5596666666666666;0.2793333333333334;14.916333333333332;1.8776666666666666;0.7063333333333333;443.6546666666666;158483.18783333333;0.0;0.0;16431743.642833335;-2406.6428333333333;40.651666666666664;8.887666666666666;0.5006666666666667;2.09285;0.10913333333333335;0.5465666666666666;0.00031666666666666665;0.8103333333333333;0.05683333333333334;239.65845;-0.013016666666666668;0.9502333333333333;0.11819999999999999;249475.79783333334;398515.7471;70284.60148333333;97.59930000000001;675528.645;9204.721143787932
2013-04-01;48004.5;1.0056666666666667;37507.2585;-0.684;0.2805;14.927333333333332;1.8633333333333333;0.7058333333333332;447.67699999999996;155896.23500000002;0.0;0.0;18023108.168333333;-2395.076;40.14833333333333;8.795;0.5016666666666666;2.065866666666667;0.11271666666666667;0.5472166666666667;0.00016666666666666666;0.8125;0.05716666666666667;240.84785;-0.012983333333333333;0.9496333333333333;0.1148;255146.71298333336;406634.9604666667;72055.98868333333;65.2097;686445.7383333334;9460.862175509848
2013-05-01;48018.166666666664;1.0051666666666665;37701.913;0.503;0.2816666666666667;14.9425;1.862;0.7033333333333333;452.0131666666667;155784.55633333334;0.0;0.0;19782181.264666665;-2346.3250000000003;37.574999999999996;8.633666666666667;0.5015;2.0613333333333332;0.11904999999999999;0.5476333333333333;-0.0005;0.8144999999999999;0.05733333333333334;242.33658333333332;-0.013;0.94995;0.1201;261055.72076666667;414688.5792166667;73836.7362;318.6466833333333;697081.38;9711.0577070776
2013-06-01;48005.0;1.0054999999999998;37287.19433333333;-1.1025;0.2828333333333333;14.944333333333333;1.8695000000000002;0.6968333333333333;456.1323333333333;153509.01766666668;0.0;0.0;21726721.80666667;-2460.447333333333;36.35333333333333;8.517333333333333;0.5006666666666667;2.0347333333333335;0.12288333333333333;0.5476;0.00045000000000000004;0.8168333333333333;0.05766666666666667;244.1508;-0.012949999999999998;0.9505833333333333;0.1283;266967.3498166667;422599.53736666666;75597.62143333333;399.7968166666667;707530.18;9949.951768475376
2013-07-01;48020.166666666664;1.0053333333333334;37433.91183333333;0.3545;0.2838333333333333;14.956333333333333;1.9018333333333333;0.6865;460.3875;153081.80033333335;0.0;0.0;23875640.8025;-2149.566166666667;34.77;8.293833333333334;0.498;2.0315333333333334;0.12913333333333332;0.54725;-0.00011666666666666665;0.819;0.057999999999999996;246.21685000000002;-0.012983333333333333;0.9515833333333333;0.14071666666666668;273353.0159;430502.8242;77365.61998333334;921.4455666666667;717743.3866666667;10194.733373039056
2013-08-01;48000.833333333336;1.0051666666666665;37428.2935;-0.006833333333333358;0.285;14.964666666666666;1.9173333333333333;0.6885;464.63166666666666;151132.10633333333;0.0;0.0;26250129.036500003;-2188.206333333333;33.07333333333333;8.147333333333334;0.49666666666666665;2.008383333333333;0.1346;0.5483333333333333;-0.0002833333333333333;0.8216666666666667;0.058166666666666665;248.33285;-0.012916666666666667;0.9519333333333333;0.14038333333333333;279373.96488333336;438393.3184666667;79133.57713333333;525.8156833333334;727826.66;10434.811361245236
2013-09-01;47988.5;1.005;37026.607833333335;-1.1079999999999999;0.2865;14.967666666666666;1.9241666666666666;0.6789999999999999;468.36633333333333;149555.06383333335;0.0;0.0;28874259.448500004;-2172.3998333333334;31.073333333333334;8.035666666666666;0.496;1.99;0.13825;0.5475166666666667;5.0000000000000016e-05;0.8238333333333333;0.05833333333333333;249.48948333333337;-0.0129;0.9525166666666666;0.14038333333333333;285218.62878333335;446200.9301;80882.40243333334;405.2565666666667;737660.8733333334;10685.581222386098
2013-10-01;47997.0;1.0054999999999998;36827.04283333333;-0.5398333333333333;0.2871666666666666;14.983333333333334;1.9233333333333331;0.6731666666666666;472.75499999999994;149023.43816666666;0.0;0.0;31773654.686;-2266.9493333333335;29.526666666666667;7.940333333333334;0.4956666666666667;1.9565333333333335;0.14165;0.5473333333333333;0.0003166666666666667;0.8258333333333333;0.058666666666666666;251.7381;-0.0129;0.9527;0.1452;290934.50555;453909.9235166667;82621.91423333333;306.65705;747267.1633333334;10936.438453668452
2013-11-01;47982.5;1.0051666666666665;36727.0715;-0.2791666666666666;0.2881666666666666;14.992166666666668;1.9178333333333333;0.6568333333333333;476.70633333333336;147766.04066666667;0.0;0.0;34977183.336166665;-2115.047666666667;26.72;7.715833333333333;0.49583333333333335;1.93965;0.14721666666666666;0.5484833333333333;-0.00028333333333333335;0.8281666666666666;0.05883333333333333;253.9262;-0.0129;0.9527166666666668;0.14485;296528.67388333334;461558.0941666667;84356.68145;197.53696666666667;756704.665;11191.980956578358
2013-12-01;47977.0;1.0045;36649.3905;-0.19183333333333333;0.289;14.998833333333332;1.9063333333333334;0.6621666666666667;480.3781666666667;146307.21883333335;0.0;0.0;38516302.413333334;-2084.215833333333;25.541666666666668;7.5155;0.4965;1.9194666666666667;0.15164999999999998;0.5483666666666667;-0.0005666666666666667;0.8303333333333333;0.059;254.94321666666667;-0.012783333333333334;0.9521833333333333;0.14485;302015.9989666667;469095.64496666664;86087.72581666666;102.83901666666667;766024.525;11441.29858435483
2014-01-01;47974.333333333336;1.0054999999999998;36657.431833333336;-0.02999999999999999;0.2881666666666666;15.0135;1.9104999999999999;0.6503333333333333;484.24033333333335;144491.61250000002;0.0;0.0;42426022.192999996;-2100.8366666666666;23.084999999999997;7.322166666666667;0.4956666666666667;1.89325;0.15764999999999998;0.5480833333333334;0.0008833333333333333;0.8323333333333333;0.059166666666666666;255.98131666666666;-0.012783333333333334;0.9523333333333334;0.13811666666666667;307657.84605;476692.9453;87817.62185;291.50146666666666;775074.56;11687.736364775808
2014-02-01;47950.833333333336;1.0053333333333334;36645.944833333335;-0.016000000000000014;0.2875;15.018666666666666;1.9011666666666667;0.6465;487.8751666666667;144083.22466666668;0.0;0.0;46745087.8085;-2150.5048333333334;22.198333333333334;7.257333333333334;0.4963333333333333;1.8780333333333334;0.16118333333333332;0.5479999999999999;-9.999999999999998e-05;0.8348333333333332;0.059166666666666666;257.20076666666665;-0.01275;0.9518166666666668;0.14403333333333332;313127.80193333334;484233.9343166666;89547.39486666665;111.45906666666667;783997.3533333334;11929.497273796871
2014-03-01;47935.5;1.0056666666666667;36652.112;-0.0011666666666666863;0.28683333333333333;15.027333333333333;1.8921666666666666;0.6426666666666666;491.99483333333336;142259.113;0.0;0.0;51516248.22433334;-2014.357;19.811666666666667;6.983666666666667;0.49666666666666665;1.8499666666666668;0.1654;0.5490333333333334;0.00015;0.8373333333333334;0.0595;258.69346666666667;-0.01275;0.9514666666666667;0.13753333333333334;318573.46215000004;491681.2084333333;91277.54916666668;99.02116666666666;792723.4666666667;12182.755116354267
2014-04-01;47926.166666666664;1.0058333333333334;36927.714166666665;0.7635000000000001;0.2861666666666666;15.036499999999998;1.889;0.6283333333333333;496.1431666666667;140573.80166666667;0.0;0.0;56786360.01666667;-1790.6845;17.37;6.810833333333334;0.49666666666666665;1.8338166666666667;0.17071666666666666;0.5487000000000001;0.0004833333333333333;0.8395;0.059666666666666666;259.9973333333333;-0.01265;0.9507166666666667;0.14018333333333333;324084.3257;499132.8331;93020.68851666666;145.41156666666666;801174.3933333334;12422.013135004976
2014-05-01;47921.166666666664;1.0065;36522.3265;-1.1243333333333334;0.28550000000000003;15.044333333333332;1.9008333333333332;0.6228333333333333;500.69350000000003;140645.6145;0.0;0.0;62607633.019833334;-1953.8076666666666;15.476666666666667;6.722833333333334;0.4956666666666667;1.7965833333333334;0.17733333333333334;0.5480999999999999;0.0004833333333333333;0.8416666666666667;0.05983333333333333;262.4676;-0.01265;0.9513333333333334;0.14351666666666665;329852.8673333333;506578.4662666667;94745.07831666667;493.4982;809633.63;12658.409362529806
2014-06-01;47924.0;1.0063333333333333;36923.86666666667;1.0725;0.285;15.054166666666667;1.9133333333333333;0.6143333333333333;504.998;139883.5655;0.0;0.0;69037407.70183334;-1751.8448333333333;14.596666666666666;6.421833333333333;0.49433333333333335;1.7915;0.1817;0.5480166666666667;9.03501810404587e-21;0.8433333333333333;0.06;264.55043333333333;-0.012499999999999999;0.9513333333333334;0.14086666666666667;335634.29771666665;514031.08585;96488.07459999999;464.97536666666673;817897.6766666666;12889.406668632682
2014-07-01;47915.5;1.0071666666666665;37257.026333333335;0.8733333333333334;0.2845;15.065166666666668;1.9565000000000001;0.6153333333333334;509.17283333333336;138815.99483333333;0.0;0.0;76139603.97416668;-1658.5255;12.898333333333333;6.230333333333333;0.4908333333333333;1.7964833333333334;0.1888;0.5486166666666666;0.0007666666666666667;0.8456666666666667;0.06033333333333333;266.49178333333333;-0.012499999999999999;0.9526333333333333;0.14386666666666667;341954.56340000004;521524.58055;98246.59728333332;1034.0044166666667;825919.8450000001;13127.042627304181
2014-08-01;47883.5;1.0073333333333332;37926.43283333333;1.7285000000000001;0.284;15.061166666666667;1.979;0.6133333333333334;512.8874999999999;137474.5205;0.0;0.0;83983584.43266667;-1592.6409999999998;10.625;6.236666666666667;0.48900000000000005;1.78745;0.19225;0.5485833333333333;6.666666666666664e-05;0.8485;0.06033333333333333;268.5983166666667;-0.0124;0.9531499999999999;0.14258333333333334;347997.09698333335;529076.1224166667;100036.99115;630.7787166666667;833874.7433333333;13366.71577769478
2014-09-01;47894.333333333336;1.0078333333333334;38318.60283333333;1.0206666666666668;0.283;15.076666666666668;1.9856666666666667;0.6015;516.86;138159.23283333334;0.0;0.0;92646944.37283333;-1601.5713333333333;7.425000000000001;6.1176666666666675;0.488;1.7732833333333333;0.19518333333333335;0.5485000000000001;0.00025;0.8504999999999999;0.06033333333333333;271.7187166666667;-0.0124;0.9533333333333333;0.15456666666666666;353874.10106666666;536643.2593333333;101845.88906666667;394.35426666666666;841734.7716666666;13599.64575246429
2014-10-01;47879.166666666664;1.007;39254.188;2.376333333333333;0.2821666666666667;15.083833333333333;2.001333333333333;0.6081666666666666;521.1448333333333;138520.46133333334;0.0;0.0;102215175.14333333;-1526.3608333333334;5.198333333333333;6.011833333333333;0.4868333333333333;1.7760666666666667;0.20131666666666667;0.5484333333333333;-0.0005166666666666666;0.8526666666666666;0.06033333333333333;274.75061666666664;-0.0124;0.9541333333333334;0.15633333333333332;360080.61275000003;544359.2181;103698.7631;634.6972;849455.0116666667;13834.936417794297
2014-11-01;47887.833333333336;1.008;39541.057166666666;0.7173333333333334;0.282;15.096666666666666;2.007833333333333;0.5936666666666667;524.934;139618.3755;0.0;0.0;112782666.78583334;-1502.1001666666668;3.231666666666667;5.934166666666666;0.486;1.7584833333333334;0.2051166666666667;0.5488333333333334;0.00095;0.8546666666666667;0.06033333333333333;276.91496666666666;-0.012416666666666666;0.9541333333333334;0.153;366103.63005000004;552063.7147499999;105565.6641;390.97496666666666;857087.0633333334;14077.881141966049
2014-12-01;47883.666666666664;1.0078333333333334;39983.29433333333;1.0956666666666666;0.2811666666666667;15.106;2.005333333333333;0.5876666666666667;528.6585;139093.59933333335;0.0;0.0;124453751.04633333;-1532.5355;1.7666666666666668;5.852833333333334;0.486;1.7403833333333332;0.20925000000000002;0.5491;-5.421010862427522e-20;0.8569999999999999;0.06033333333333333;279.1351;-0.012416666666666666;0.9539833333333334;0.15561666666666665;371992.79265;559834.3805999999;107453.15511666668;181.97833333333332;864686.0233333333;14309.006145117293
2015-01-01;47887.0;1.0086666666666666;41120.350666666665;2.7533333333333334;0.2821666666666667;15.1165;2.000166666666667;0.5723333333333334;532.7645;137544.967;0.0;0.0;137343091.18433332;-1426.802;0.47333333333333333;5.6883333333333335;0.486;1.7305333333333335;0.21353333333333335;0.5489666666666667;0.00041666666666666675;0.859;0.06066666666666667;281.4382;-0.012333333333333333;0.9536166666666667;0.16445;377944.7898166666;567718.7774833334;109390.9114;95.04538333333333;872074.7783333333;14549.968722823643
2015-02-01;47896.5;1.0086666666666666;41671.260833333334;1.3046666666666666;0.2828333333333333;15.131833333333333;1.994;0.5645;536.9546666666666;136448.084;0.0;0.0;151578159.01533332;-1486.3261666666667;0.0;5.4319999999999995;0.4865;1.71965;0.2178;0.5494833333333333;0.00015;0.8608333333333333;0.061;283.5435333333333;-0.0123;0.95295;0.16091666666666668;383959.82506666664;575668.7098333334;111354.53286666668;92.24996666666668;879390.555;14776.126521729631
2015-03-01;47912.666666666664;1.009;42660.56883333333;2.3046666666666664;0.2833333333333333;15.147499999999999;1.9875;0.536;540.9473333333334;135502.67783333335;0.0;0.0;167298867.99016666;-1463.5518333333332;0.0;5.261333333333333;0.4868333333333333;1.6916;0.22441666666666668;0.5500833333333334;0.0002333333333333333;0.8631666666666667;0.06116666666666667;285.81064999999995;-0.012283333333333334;0.9527166666666668;0.16035;390098.7401166667;583685.8412666667;113364.81420000001;93.71163333333334;886575.0299999999;15000.972720647915
2015-04-01;47913.333333333336;1.01;43949.99833333333;2.8989999999999996;0.284;15.154833333333334;1.9916666666666665;0.5206666666666667;544.5616666666666;135359.69700000001;0.0;0.0;184660612.23183334;-1457.9631666666667;0.0;5.1995;0.48666666666666664;1.6851;0.22841666666666668;0.5499666666666666;0.0011666666666666665;0.8653333333333334;0.06116666666666667;288.2427333333333;-0.012283333333333334;0.9526333333333333;0.1658;396542.5009666667;591897.0023166667;115435.7449;250.8208833333333;893662.2000000001;15228.219429696648
2015-05-01;47925.166666666664;1.011;45024.79633333333;2.384333333333333;0.2846666666666667;15.171;1.9941666666666666;0.49416666666666664;548.8161666666666;135188.12516666666;0.0;0.0;203834275.6255;-1183.6516666666666;0.0;4.999333333333333;0.4865;1.6588666666666665;0.23548333333333335;0.5504166666666667;0.0008333333333333334;0.8673333333333333;0.06116666666666667;289.5695333333333;-0.012233333333333334;0.9522333333333334;0.1644;403134.6847666667;600202.6972666667;117557.7095;265.0163166666667;900614.07;15451.866240427335
2015-06-01;47916.0;1.0114999999999998;45542.20383333333;1.1066666666666667;0.2856666666666667;15.178333333333333;1.9998333333333331;0.4723333333333333;553.0936666666666;134914.58533333332;0.0;0.0;225008862.6495;-1353.7169999999999;0.0;4.870166666666667;0.48633333333333334;1.64125;0.23795;0.55075;0.0006666666666666666;0.87;0.061;291.70095;-0.012166666666666668;0.9523166666666666;0.16901666666666668;409825.47456666664;608605.6595666667;119703.96188333334;306.67515;907493.6383333333;15665.087217008775
2015-07-01;47904.0;1.0113333333333332;46728.281500000005;2.4928333333333335;0.2866666666666667;15.186333333333332;2.0176666666666665;0.45416666666666666;557.1078333333334;134199.19616666666;0.0;0.0;248392734.2393333;-1110.9836666666667;0.0;4.755166666666667;0.48533333333333334;1.6251666666666666;0.24668333333333334;0.5507166666666666;-0.00016666666666666672;0.8723333333333333;0.06116666666666667;293.1308166666667;-0.012150000000000001;0.95275;0.17056666666666667;416967.3587666667;617122.3843500001;121906.24406666665;642.2249;914244.3116666666;15881.065278218413
2015-08-01;47903.5;1.0106666666666666;44505.217;-5.523666666666667;0.2871666666666666;15.195500000000001;2.0521666666666665;0.4306666666666667;561.552;133015.05366666667;0.0;0.0;274218221.0121667;-1395.1088333333335;0.0;4.650833333333334;0.4831666666666667;1.6037833333333333;0.25135;0.5518333333333333;-0.0007499999999999999;0.875;0.06116666666666667;295.5733333333333;-0.012083333333333335;0.9538666666666668;0.17400000000000002;424136.9877666666;625328.1969333333;124003.92628333333;1004.8484;920977.2766666667;16092.004393758127
2015-09-01;47882.833333333336;1.0096666666666667;40838.4705;-9.470833333333333;0.2881666666666666;15.195666666666668;2.0685;0.41100000000000003;565.7746666666667;131448.64366666667;0.0;0.0;302741540.805;-2165.045833333333;0.0;4.5135;0.48266666666666663;1.5622666666666667;0.2576;0.5520666666666667;-0.0008833333333333335;0.8773333333333334;0.061;297.62788333333333;-0.012083333333333333;0.9542166666666666;0.1729166666666667;430519.62810000003;632969.9258333334;125928.34513333334;679.5181666666666;927603.9249999999;16308.153895020616
2015-10-01;47893.666666666664;1.0083333333333333;36456.85283333333;-12.0135;0.2893333333333333;15.210500000000001;2.0723333333333334;0.38799999999999996;569.8625000000001;129238.86300000001;0.0;0.0;334246745.55883336;-2985.4528333333333;0.0;4.3950000000000005;0.48266666666666663;1.5099333333333333;0.26194999999999996;0.55225;-0.0012166666666666667;0.8793333333333333;0.061;298.27548333333334;-0.012066666666666668;0.9542666666666667;0.17205;436001.6297666666;639884.41045;127645.97541666667;348.0512166666667;933845.8683333333;16519.387638582706
2015-11-01;47886.0;1.0045;28239.8925;-29.84266666666667;0.28983333333333333;15.219666666666667;2.061166666666667;0.3561666666666667;574.2883333333333;126737.96933333333;0.0;0.0;369049299.91116667;-3936.6895000000004;0.0;4.1955;0.48333333333333334;1.4472333333333334;0.26921666666666666;0.5529166666666666;-0.004033333333333333;0.8806666666666666;0.061;295.3704166666667;-0.012016666666666667;0.9534666666666668;0.17800000000000002;440118.9378166667;645528.3396666667;128975.93491666667;60.28525;939800.0216666666;16740.46532882964
2015-12-01;47903.666666666664;1.0036666666666667;23927.283166666664;-17.868;0.29083333333333333;15.234166666666667;2.0545;0.3353333333333333;578.2355;124196.10083333333;0.0;0.0;407490266.57483333;-3744.1553333333336;0.0;3.9126666666666665;0.48333333333333334;1.4481833333333334;0.27848333333333336;0.5537333333333333;-0.0008500000000000001;0.8815;0.061;296.88751666666667;-0.011983333333333334;0.9531333333333333;0.18351666666666666;443836.04733333335;650454.2719833334;130102.40838333334;289.08004999999997;945254.9199999999;16945.842463431505
2016-01-01;47907.333333333336;1.0038333333333334;22915.567833333334;-4.512666666666667;0.2916666666666667;15.244;2.042666666666667;0.318;582.4060000000001;119464.51333333332;0.0;0.0;449944351.4895;-3945.606333333333;0.0;3.763333333333333;0.4835;1.3879333333333335;0.28145000000000003;0.5538666666666666;0.0003666666666666666;0.8825;0.061;297.53013333333337;-0.011983333333333334;0.9529666666666667;0.19183333333333333;447276.07516666665;655227.0601;131210.38921666666;135.2207;950741.8983333333;17152.702767541075
2016-02-01;47879.833333333336;1.0043333333333333;23019.631833333333;0.2426666666666669;0.29216666666666663;15.242166666666668;2.0301666666666667;0.31033333333333335;586.4405;114632.71833333334;0.0;0.0;496830529.45783335;-3724.455;0.0;3.6596666666666664;0.4836666666666667;1.38385;0.28918333333333335;0.55465;0.00038333333333333334;0.8850000000000001;0.061;298.74386666666663;-0.011933333333333332;0.9524;0.19185;450716.88131666667;659962.3017166667;132323.5286;139.39293333333333;955876.3533333334;17357.232657924684
2016-03-01;47882.833333333336;1.0046666666666666;22347.623333333333;-3.1809999999999996;0.293;15.256333333333332;2.0483333333333333;0.3076666666666667;590.8546666666667;111425.76583333332;0.0;0.0;548611327.6061667;-4075.0375000000004;0.0;3.4723333333333333;0.482;1.3578333333333334;0.29868333333333336;0.5548666666666667;0.00025;0.8861666666666667;0.061;300.38686666666666;-0.011866666666666666;0.9531166666666667;0.19599999999999998;455027.2501666667;664588.4859;133404.22153333333;1208.7914333333333;961110.9933333333;17556.28343303612
2016-04-01;47885.666666666664;1.0048333333333332;21940.363166666666;-1.993166666666667;0.294;15.264833333333334;2.0524999999999998;0.3005;594.88;108925.17516666667;0.0;0.0;605797618.2205;-3934.0601666666666;0.0;3.365;0.48133333333333334;1.3246833333333334;0.30301666666666666;0.55465;0.00010000000000000003;0.8875000000000001;0.061;301.48865;-0.011816666666666668;0.9532833333333333;0.20393333333333333;458871.0964;669155.96465;134465.15015;762.21275;966059.12;17752.49864120572
2016-05-01;47897.833333333336;1.0045;21700.6255;-1.2073333333333334;0.2945;15.2815;2.0508333333333333;0.29333333333333333;599.5913333333333;107119.127;0.0;0.0;668953546.6345;-3905.611833333334;0.0;3.2929999999999997;0.48066666666666663;1.3081666666666667;0.30833333333333335;0.5556833333333333;-3.333333333333333e-05;0.8883333333333333;0.06116666666666667;302.31486666666666;-0.011733333333333333;0.9530666666666666;0.21081666666666668;462516.5949833333;673645.5284666667;135514.34996666666;582.067;970986.2833333333;17950.552519429722
2016-06-01;47899.666666666664;1.0051666666666665;21245.402666666665;-2.1255;0.2953333333333333;15.289499999999999;2.0688333333333335;0.28783333333333333;603.8066666666667;107307.81333333334;0.0;0.0;738701955.8473333;-3965.240333333333;0.0;3.1318333333333332;0.4788333333333333;1.2813999999999999;0.31805;0.5567166666666666;0.0005666666666666667;0.8898333333333334;0.061;302.71823333333333;-0.011733333333333333;0.9538333333333333;0.21550000000000002;467118.53006666666;678043.6800333334;136541.55191666665;1722.8604500000001;975837.475;18153.382748475025
2016-07-01;47891.666666666664;1.0046666666666666;21284.974166666667;0.02266666666666654;0.296;15.295166666666667;2.078;0.2833333333333333;607.7018333333333;107390.41849999999;0.0;0.0;815730986.5668334;-3837.8633333333332;0.0;3.1;0.4775;1.2721;0.3247;0.55675;-0.0004333333333333333;0.891;0.06116666666666667;303.97355;-0.011583333333333334;0.9538166666666666;0.22045;471273.1591666667;682465.7826666667;137570.74106666667;1223.6266;980588.3616666667;18363.415376359644
2016-08-01;47890.833333333336;1.0053333333333334;21274.631333333335;-0.10949999999999993;0.29666666666666663;15.307833333333333;2.0948333333333333;0.28099999999999997;612.0195;104740.64366666666;0.0;0.0;900800128.2251667;-3656.674833333333;0.0;3.0671666666666666;0.476;1.2662;0.3316;0.5573166666666667;0.0003;0.8926666666666666;0.06116666666666667;305.73021666666665;-0.011466666666666667;0.9542;0.22755;475393.8491666666;686864.71265;138599.40755;1189.0167333333331;985344.1183333333;18572.950832321352
2016-09-01;47898.333333333336;1.0046666666666666;21128.844166666666;-0.8515;0.2975;15.323833333333333;2.1225;0.28;616.1405;102313.96016666666;0.0;0.0;994749076.5911666;-3773.4463333333333;0.0;3.010833333333333;0.474;1.2610833333333333;0.33741666666666664;0.5583333333333333;-0.00035000000000000005;0.8933333333333334;0.06116666666666667;306.8462333333333;-0.011466666666666667;0.9549333333333333;0.22643333333333335;479906.9805333333;691250.09195;139620.73108333335;1649.47185;990032.4066666667;18768.013277302063
2016-10-01;47900.5;1.0054999999999998;20286.91633333333;-4.241833333333333;0.29816666666666664;15.3335;2.138666666666667;0.274;620.6915;101020.46833333334;0.0;0.0;1098504402.6848333;-4128.341333333334;0.0;2.920666666666667;0.47233333333333327;1.2077;0.3435166666666667;0.5588333333333334;0.0006333333333333333;0.8945;0.06116666666666667;306.81801666666667;-0.011483333333333333;0.9554666666666667;0.22643333333333335;483909.52706666663;695482.95095;140601.57823333333;1204.0250666666668;994790.4483333334;18962.869713743377
2016-11-01;47901.166666666664;1.0041666666666667;20653.51;1.6133333333333333;0.29883333333333334;15.346000000000002;2.1590000000000003;0.2768333333333333;624.8508333333333;100068.48383333335;0.0;0.0;1213089878.4916668;-3894.224166666667;0.0;2.8113333333333332;0.4709999999999999;1.2251833333333333;0.3501666666666667;0.5593833333333333;-0.0012666666666666666;0.8958333333333334;0.06116666666666667;308.0686666666667;-0.011433333333333335;0.9558333333333334;0.23240000000000002;488035.0967833333;699745.3413333334;141600.08515;1303.1574166666667;999264.71;19166.13495216697
2016-12-01;47895.5;1.0038333333333334;19935.631166666666;-3.6678333333333337;0.3;15.356166666666667;2.174;0.26466666666666666;629.1558333333334;100127.88549999999;0.0;0.0;1339635680.8041666;-4008.652;0.0;2.6893333333333334;0.4691666666666667;1.1809;0.3564833333333333;0.5608;-0.00018333333333333334;0.8971666666666667;0.06116666666666667;309.6596333333334;-0.011349999999999999;0.95605;0.23456666666666667;491976.5769;703874.9681500001;142563.91809999998;1201.6658333333332;1003792.9033333333;19367.60701626378
2017-01-01;47896.333333333336;1.0035;20316.20633333333;1.7610000000000001;0.30066666666666664;15.365499999999999;2.1871666666666667;0.26733333333333337;633.591;100336.54933333333;0.0;0.0;1479390089.3446667;-3915.5939999999996;0.0;2.605;0.4681666666666667;1.19645;0.36306666666666665;0.5604833333333333;-0.0003333333333333333;0.8985;0.06116666666666667;310.6231166666667;-0.011316666666666668;0.9563833333333333;0.2378;495891.00865;708060.9796166667;143546.22866666666;1125.58745;1008179.195;19575.440053749335
2017-02-01;47878.5;1.0041666666666667;19948.826666666664;-1.9733333333333334;0.3013333333333333;15.373333333333335;2.1916666666666664;0.26116666666666666;637.1601666666667;99556.99399999999;0.0;0.0;1633731756.1590002;-3758.8955;0.0;2.5461666666666667;0.4675;1.1807;0.3645833333333333;0.5604666666666667;0.0003666666666666666;0.9001666666666667;0.06116666666666667;310.88055;-0.011250000000000001;0.9564333333333334;0.24603333333333333;499405.7539833333;712162.79505;144510.77168333333;733.4083833333334;1012580.2433333333;19775.706454381605
2017-03-01;47884.333333333336;1.0041666666666667;19985.7145;0.17866666666666653;0.30233333333333334;15.386166666666666;2.205166666666667;0.25833333333333336;641.6355;97184.82183333334;0.0;0.0;1804183047.1728334;-3987.143;0.0;2.4263333333333335;0.4661666666666667;1.1735833333333334;0.3729833333333333;0.5608166666666666;0.0002;0.9011666666666667;0.06116666666666667;312.00081666666665;-0.011216666666666666;0.9568333333333333;0.2525;503191.5159333334;716286.7834333334;145477.05395;1032.5236499999999;1016931.59;19978.935689483245
2017-04-01;47892.333333333336;1.0045;19767.6845;-1.1591666666666667;0.30316666666666664;15.397333333333334;2.2123333333333335;0.25633333333333336;645.6891666666667;95172.86116666667;0.0;0.0;1992425640.2773333;-3782.4606666666664;0.0;2.388666666666667;0.4653333333333334;1.1622666666666668;0.3786;0.5616333333333333;0.00023333333333333333;0.9018333333333334;0.06116666666666667;312.5964166666667;-0.01115;0.95725;0.25858333333333333;506702.4212166667;720370.5177333333;146432.66968333334;759.38685;1021261.13;20177.055731425895
2017-05-01;47895.666666666664;1.0041666666666667;19029.315833333334;-4.135166666666667;0.304;15.411166666666666;2.219333333333333;0.254;649.9118333333333;94069.79183333334;0.0;0.0;2200316363.2401667;-4173.212333333334;0.0;2.361333333333333;0.46449999999999997;1.1227833333333332;0.3838;0.5624;-8.333333333333332e-05;0.903;0.06116666666666667;313.68921666666665;-0.01115;0.9573999999999999;0.25576666666666664;510118.22953333333;724336.0032500001;147352.6008;762.7234666666667;1025625.3733333334;20379.491496869312
2017-06-01;47906.833333333336;1.0038333333333334;19410.274;1.9846666666666666;0.30516666666666664;15.426499999999999;2.2413333333333334;0.25616666666666665;654.3870000000001;94077.81800000001;0.0;0.0;2429905862.307;-4022.733166666667;0.0;2.375166666666667;0.463;1.1363333333333332;0.39304999999999995;0.56355;-0.0005;0.904;0.06116666666666667;315.5437;-0.011133333333333334;0.9576833333333333;0.2608333333333333;514193.13903333334;728340.5743333334;148291.00281666667;1459.6199166666665;1029721.3583333333;20582.055072152685
2017-07-01;47904.666666666664;1.0043333333333333;19309.453833333333;-0.5065000000000001;0.306;15.436;2.2451666666666665;0.24750000000000003;658.7191666666666;93510.25749999999;0.0;0.0;2683458975.9885;-3897.0988333333335;0.0;2.4170000000000003;0.4625000000000001;1.1346;0.39491666666666664;0.5642166666666667;0.00044999999999999993;0.9049999999999999;0.06116666666666667;316.5888333333333;-0.011099999999999999;0.9579666666666666;0.2659666666666667;517587.0390666667;732344.2475333334;149224.50193333332;710.0799166666667;1033830.6316666667;20776.763533256006
2017-08-01;47917.833333333336;1.0045;18819.427166666665;-2.7235;0.3065;15.451166666666666;2.251;0.24650000000000002;662.4695;92781.08966666668;0.0;0.0;2963476468.1373334;-4154.952166666667;0.0;2.348666666666667;0.46166666666666667;1.0964;0.40081666666666665;0.5647333333333333;0.0002666666666666666;0.9058333333333334;0.06116666666666667;317.63118333333335;-0.011016666666666666;0.9581333333333334;0.26805;520917.03408333333;736280.042;150133.95373333333;708.5031;1038050.2733333333;20969.70411972939
2017-09-01;47920.166666666664;1.005;19120.448833333332;1.5881666666666667;0.3073333333333333;15.463666666666667;2.2521666666666667;0.24483333333333335;666.4613333333333;91634.36283333333;0.0;0.0;3272720901.7881665;-3803.5783333333334;0.0;2.2848333333333333;0.461;1.1183166666666666;0.4043833333333333;0.5651;0.0004;0.907;0.061;318.53465;-0.01095;0.9580333333333333;0.2728333333333333;524112.4714333333;740231.7923833333;151058.28285;521.9511666666666;1042107.17;21174.643973782815
2017-10-01;47912.333333333336;1.005;18266.965666666667;-4.849666666666667;0.30783333333333335;15.467999999999998;2.2436666666666665;0.244;670.0006666666667;89502.90583333334;0.0;0.0;3614242810.844;-4144.203333333334;0.0;2.2655;0.461;1.0663500000000001;0.41091666666666665;0.5665333333333333;3.333333333333332e-05;0.9083333333333333;0.061;319.4268666666667;-0.010916666666666667;0.95755;0.2731;526911.50195;744026.5508833333;151941.23481666666;207.09541666666667;1046200.3166666668;21382.615834981858
2017-11-01;47907.166666666664;1.0053333333333334;18251.298666666666;-0.03933333333333341;0.30866666666666664;15.476666666666667;2.237833333333333;0.23550000000000001;673.8090000000001;87605.94183333333;0.0;0.0;3991410994.0405;-3841.6993333333335;0.0;2.198166666666667;0.461;1.0614;0.41546666666666665;0.56735;0.00025;0.9091666666666667;0.06083333333333333;320.31941666666665;-0.010866666666666665;0.9571333333333333;0.28328333333333333;529766.7773666667;747808.7651333334;152823.46663333333;282.2146;1050126.6283333332;21575.890638485296
2017-12-01;47910.333333333336;1.005;17944.538166666665;-1.7778333333333334;0.3095;15.487333333333334;2.2253333333333334;0.237;677.4161666666666;86529.498;0.0;0.0;4407945793.4355;-4034.0176666666666;0.0;2.068166666666667;0.461;1.0481333333333334;0.42334999999999995;0.56675;-0.0003;0.91;0.06083333333333333;321.2256;-0.010766666666666667;0.9560833333333333;0.28451666666666664;532423.3940833333;751560.5481166667;153690.75406666668;105.2016;1054103.0016666667;21789.397933400793
2018-01-01;47908.333333333336;1.0045;17778.76683333333;-1.1843333333333332;0.3096666666666667;15.502333333333333;2.22;0.23783333333333334;681.46;85872.62566666666;0.0;0.0;4867955839.819333;-4251.222000000001;0.0;2.0966666666666667;0.4608333333333334;1.0299666666666667;0.4262666666666666;0.5682;-0.0005833333333333333;0.9111666666666668;0.06083333333333333;322.0083;-0.010783333333333332;0.9561166666666666;0.28986666666666666;535230.0994666667;755331.4480833333;154550.09728333334;301.77574999999996;1057971.045;21999.49092519465
2018-02-01;47905.166666666664;1.0043333333333333;17825.6545;0.26233333333333314;0.31066666666666665;15.510833333333332;2.2101666666666664;0.22816666666666666;685.2451666666666;84794.37116666666;0.0;0.0;5375979187.548833;-3911.4221666666667;0.0;2.0188333333333333;0.4608333333333334;1.0338333333333332;0.4310333333333333;0.5675666666666667;-0.0001833333333333333;0.9121666666666667;0.061;323.0767;-0.010783333333333334;0.9555333333333333;0.29031666666666667;537896.2174999999;759028.8090833334;155411.78216666667;142.60543333333334;1061778.2016666667;22200.16765595402
2018-03-01;47903.333333333336;1.0043333333333333;17777.9365;-0.5685000000000001;0.3115;15.521833333333333;2.2095;0.22533333333333336;689.6986666666667;83810.86633333332;0.0;0.0;5937026757.0845;-4078.5388333333335;0.0;2.0348333333333333;0.4608333333333334;1.0394666666666668;0.43660000000000004;0.5677;-1.6666666666666674e-05;0.9133333333333334;0.061;324.1512166666667;-0.01065;0.9551333333333334;0.30038333333333334;540811.9085833334;762736.4179000001;156271.0729;429.6068;1065579.4483333335;22413.761526249134
2018-04-01;47905.166666666664;1.0039999999999998;17398.674833333334;-2.1175;0.31216666666666665;15.535333333333334;2.2046666666666668;0.2235;693.6348333333334;82911.347;0.0;0.0;6556632976.1025;-4376.442;0.0;1.9903333333333333;0.4606666666666667;1.0113166666666666;0.4414;0.5687166666666666;-3.333333333333335e-05;0.9143333333333334;0.061;324.4148666666667;-0.010549999999999999;0.95485;0.29963333333333336;543544.5307833333;766344.0935999999;157112.08868333334;282.99698333333333;1069379.2783333333;22624.716049217037
2018-05-01;47906.833333333336;1.0041666666666667;17082.54966666667;-1.9821666666666669;0.3125;15.552166666666666;2.1946666666666665;0.219;697.8871666666668;80716.47033333333;0.0;0.0;7240909485.227166;-4332.712166666667;0.0;1.9016666666666666;0.4608333333333334;0.9753333333333334;0.44753333333333334;0.5701;-1.666666666666665e-05;0.9155000000000001;0.061;324.74348333333336;-0.010533333333333334;0.9546333333333333;0.30565000000000003;546068.2054166667;769902.1990833334;157937.77284999998;106.14728333333333;1073018.5316666665;22824.52464061945
2018-06-01;47916.333333333336;1.0046666666666666;17402.194499999998;1.611;0.3133333333333333;15.568833333333332;2.1828333333333334;0.2205;702.4298333333332;78991.085;0.0;0.0;7996606388.4665;-4140.852;0.0;1.8891666666666669;0.4608333333333334;1.0013166666666666;0.4512333333333333;0.5702333333333334;0.0005;0.916;0.061;324.9832833333333;-0.010483333333333332;0.9541166666666667;0.30621666666666664;548612.094;773496.89765;158778.83201666665;83.61443333333334;1076660.6033333333;23023.99070209047
2018-07-01;47920.666666666664;1.0043333333333333;17026.887333333332;-2.1978333333333335;0.31433333333333335;15.580666666666668;2.1750000000000003;0.22283333333333333;706.157;78772.598;0.0;0.0;8831177818.3335;-4333.984666666666;0.0;1.8310000000000002;0.4608333333333334;0.9807;0.4573833333333333;0.5710000000000001;-5e-05;0.9171666666666667;0.061;325.64431666666667;-0.010466666666666666;0.9537833333333333;0.3026666666666667;551214.29245;777074.2111666667;159601.76311666667;201.66083333333336;1080292.8883333334;23228.386043955248
2018-08-01;47911.666666666664;1.0038333333333334;16715.872666666666;-2.361;0.31483333333333335;15.585333333333333;2.1826666666666665;0.21466666666666667;710.1753333333332;78291.46366666666;0.0;0.0;9752855758.4485;-4457.613833333334;0.0;1.8178333333333334;0.46;0.93515;0.46249999999999997;0.5713666666666667;-0.0008;0.9178333333333334;0.061;325.48746666666665;-0.0103;0.9537833333333333;0.30215;554132.3975666667;780539.1186333332;160409.67835;604.0824333333334;1083901.7883333333;23425.561021602494
2018-09-01;47915.833333333336;1.0033333333333332;16586.080333333335;-1.1458333333333335;0.3155;15.595333333333334;2.1715;0.213;714.6216666666668;77197.2735;0.0;0.0;10770732577.3375;-4343.3895;0.0;1.7965;0.46;0.9506333333333333;0.46459999999999996;0.5721333333333333;-0.00030000000000000003;0.9186666666666667;0.061;325.7545333333333;-0.010283333333333334;0.9531333333333333;0.2983;556557.5839999999;783996.7087833333;161211.40286666667;79.40915;1087407.0666666667;23622.08463918515
2018-10-01;47921.333333333336;1.0033333333333332;16455.991333333335;-1.1289999999999998;0.31583333333333335;15.61;2.161166666666667;0.20633333333333334;719.0723333333334;76128.74933333333;0.0;0.0;11894848250.544333;-4458.120166666667;0.0;1.7833333333333332;0.46;0.9281666666666667;0.46950000000000003;0.5727833333333333;-0.00021666666666666666;0.9191666666666668;0.061;325.9216166666667;-0.01025;0.9529;0.3035;558958.35805;787419.4173666667;162006.74108333333;73.51265;1090895.7333333334;23818.605015465204
2018-11-01;47920.5;1.0033333333333332;15753.434500000001;-4.581666666666666;0.31666666666666665;15.62;2.17;0.204;723.0918333333334;75284.16783333333;0.0;0.0;13136291358.733;-4588.102;0.0;1.7356666666666667;0.45933333333333337;0.8955833333333333;0.47773333333333334;0.5734;0.00015;0.9201666666666667;0.061;326.16955;-0.010199999999999999;0.9533999999999999;0.31246666666666667;561724.5325333333;790723.8855166667;162768.02228333332;586.4490166666666;1094415.2283333333;24022.75071295799
2018-12-01;47934.666666666664;1.003;16359.072999999999;3.6761666666666666;0.31716666666666665;15.636000000000001;2.1664999999999996;0.206;727.7033333333334;73285.60766666666;0.0;0.0;14507307527.115166;-4387.671166666667;0.0;1.752;0.459;0.9260166666666666;0.48068333333333335;0.5745;-0.0005;0.9205000000000001;0.061;326.5330333333333;-0.010199999999999999;0.9533833333333334;0.3117666666666667;564270.55085;794125.8758333334;163558.63083333333;261.8197833333333;1097750.0866666667;24217.846131671264
2019-01-01;47915.666666666664;1.0035;15549.712666666666;-5.601500000000001;0.318;15.640500000000001;2.1586666666666665;0.20299999999999999;731.561;72475.0035;0.0;0.0;16021420500.403;-4837.8785;0.0;1.6973333333333336;0.459;0.8757833333333332;0.4841166666666667;0.57445;0.00035000000000000005;0.922;0.061;326.63975;-0.0101;0.9527333333333333;0.3148166666666667;566644.3410666666;797396.7484666667;164310.08346666666;182.76001666666664;1101203.665;24410.13978783284
2019-02-01;47929.333333333336;1.0036666666666667;15704.467833333334;0.8919999999999999;0.31866666666666665;15.657666666666666;2.1478333333333333;0.20033333333333334;735.69;71229.00216666666;0.0;0.0;17693565904.038498;-4683.78;0.0;1.6496666666666666;0.459;0.8824833333333334;0.48905000000000004;0.5746833333333333;0.00024999999999999995;0.9225;0.061;326.90305;-0.0101;0.95215;0.3146;568909.2327666667;800666.7091833333;165069.08626666665;45.795566666666666;1104519.895;24615.073753820936
2019-03-01;47929.666666666664;1.0041666666666667;15690.482833333333;-0.12583333333333332;0.31916666666666665;15.667499999999999;2.137;0.19883333333333333;739.5675;70782.91266666666;0.0;0.0;19540237742.572666;-4628.860166666666;0.0;1.6541666666666668;0.45916666666666667;0.8747333333333334;0.49311666666666665;0.5758833333333333;0.00045000000000000004;0.923;0.061;327.1116333333334;-0.010083333333333333;0.9519333333333333;0.32355;571205.8574833333;803939.6567833334;165827.37298333333;83.01748333333333;1107831.985;24817.929869606796
2019-04-01;47939.0;1.0036666666666667;15702.238333333333;-0.36016666666666675;0.32016666666666665;15.682;2.1285000000000003;0.19833333333333333;744.1135;70130.59466666666;0.0;0.0;21579651683.701;-4712.559666666667;0.0;1.6143333333333334;0.4595;0.87315;0.49713333333333337;0.57565;-0.0001;0.924;0.061;327.7850833333333;-0.01;0.9515333333333333;0.33348333333333335;573506.6169333333;807201.1043166667;166586.21608333333;81.53123333333333;1111253.8800000001;25025.97510940055
2019-05-01;47921.0;1.0035;15800.1785;0.6086666666666666;0.32083333333333336;15.683833333333332;2.1266666666666665;0.19833333333333333;748.1788333333334;69576.882;0.0;0.0;23831924943.22517;-4532.050666666667;0.0;1.6281666666666668;0.45916666666666667;0.8806166666666666;0.5030166666666667;0.57565;-0.0004333333333333333;0.9253333333333335;0.06083333333333333;328.45011666666664;-0.009916666666666666;0.95135;0.33348333333333335;576026.2068333334;810493.1205000001;167349.86231666667;316.5342333333333;1114556.685;25229.75070511612
2019-06-01;47902.166666666664;1.004;15373.779166666667;-2.8985000000000003;0.3216666666666667;15.682833333333333;2.1270000000000002;0.19599999999999998;752.3389999999999;68997.66183333333;0.0;0.0;26319273891.585163;-4916.705833333333;0.0;1.5895000000000001;0.4586666666666667;0.8426166666666667;0.5071333333333333;0.5761833333333334;0.0006500000000000001;0.9265;0.06083333333333333;329.1217166666667;-0.009866666666666668;0.9514;0.3304333333333333;578527.6135333333;813702.7791166668;168092.77148333334;356.2298166666667;1117915.195;25431.724083208635
2019-07-01;47898.333333333336;1.0033333333333332;15310.142166666667;-0.4463333333333333;0.3225;15.691666666666668;2.1255;0.19816666666666669;756.2648333333333;67436.44799999999;0.0;0.0;29066234293.130833;-4822.673;0.0;1.5943333333333334;0.4586666666666667;0.8458166666666666;0.5108166666666667;0.5770166666666666;-0.0006666666666666666;0.9273333333333333;0.061;329.3842;-0.009833333333333333;0.9512166666666667;0.3440666666666667;580941.0570166666;816896.835;168832.7432;275.1204833333333;1121178.57;25635.674041731774
2019-08-01;47888.666666666664;1.0038333333333334;15320.515666666666;0.05666666666666664;0.32266666666666666;15.697333333333333;2.1248333333333336;0.19266666666666668;760.5811666666667;66871.56416666666;0.0;0.0;32099902234.7265;-4813.3651666666665;0.0;1.5658333333333332;0.458;0.8401666666666667;0.5140833333333333;0.5777833333333333;0.00028333333333333335;0.9281666666666667;0.061;329.53243333333336;-0.009733333333333332;0.9510666666666667;0.34378333333333333;583363.6108333333;820095.3966333334;169573.1523;289.80401666666666;1124341.2333333334;25837.057895722173
2019-09-01;47899.5;1.0041666666666667;14227.722333333333;-8.073833333333333;0.3236666666666667;15.7085;2.1268333333333334;0.18983333333333333;764.7583333333333;65825.1225;0.0;0.0;35450202472.303;-5260.287166666667;0.0;1.5051666666666668;0.4578333333333333;0.7887833333333334;0.5203833333333333;0.5785333333333333;0.00039999999999999996;0.9291666666666667;0.061;330.55311666666665;-0.009716666666666667;0.9510166666666667;0.34043333333333337;585681.18335;823109.6498833332;170260.59123333334;330.34751666666665;1127577.365;26039.116710011105
2019-10-01;47906.833333333336;1.0036666666666665;15149.5885;6.0681666666666665;0.32483333333333336;15.721666666666666;2.1245;0.18783333333333332;769.123;65759.34533333333;0.0;0.0;39150181984.1275;-4718.457333333334;0.0;1.4916666666666665;0.4571666666666667;0.8224;0.5245833333333333;0.57875;-0.0007499999999999999;0.9289999999999999;0.061;331.18635;-0.009716666666666667;0.9509666666666666;0.34731666666666666;588090.9329666666;826273.88215;170992.71313333334;308.94035;1130646.6900000002;26242.024478474956
2019-11-01;47904.166666666664;1.0036666666666667;14295.982000000002;-6.1819999999999995;0.3256666666666667;15.7335;2.1163333333333334;0.18483333333333332;773.5634999999999;65215.605833333335;0.0;0.0;43236338321.24183;-4990.2765;0.0;1.4726666666666668;0.45766666666666667;0.7864833333333333;0.5255333333333333;0.5785333333333333;0.00011666666666666668;0.93;0.06083333333333333;331.9108166666667;-0.009666666666666665;0.9506166666666666;0.34985;590170.9410666666;829278.7905666666;171683.46211666666;61.488949999999996;1133782.4616666667;26443.100352448837
2019-12-01;47891.5;1.0035;14621.249333333333;2.188333333333333;0.32583333333333336;15.741833333333332;2.1068333333333333;0.18133333333333335;777.6866666666666;64444.03200000001;0.0;0.0;47748977279.168335;-4725.272833333333;0.0;1.474;0.45766666666666667;0.8005833333333333;0.5309333333333334;0.5797833333333333;-3.333333333333335e-05;0.9308333333333333;0.06083333333333333;332.64645;-0.009683333333333334;0.95065;0.3523;592289.9337333334;832325.414;172389.92451666665;64.68971666666667;1136829.5466666666;26635.802853290817
