2010-01-01;18741.250429564676;0.9991786327949542;5191.872887920923;100.0;0.1475119661282874;15.513052948095558;0.102;0.06830956416476483;151.79154319523758;59061.54089680183;0.0;0.0;64.51863811125189;70.5463656352462;0.664964960744495;0.49300000000000005;0.13285119661282874;0.1755250429564679;0.0;0.0;0.779;0.079;273.52953277835667;0.2126642897498098;0.0045;0.0;711.7774697240596;1452.2369532352786;208.4534002573912;0.0;0.0;33.862693123183035
2010-02-01;18764.65555966774;1.001;7579.961158393684;30.28527507848937;0.1575119661282874;15.382980960149151;0.3017614555389329;0.2741254921336125;151.06091551899956;6994.636400747741;0.0;0.0;164.2958629818095;121.25855947133667;3.1769869178272407;0.5958348486100883;0.6013247407280455;0.1227596474583047;0.010377331122500805;-0.00046599973311978643;0.7775358983848623;0.077;164.28842824447935;0.2213100772635403;0.12461632706735615;0.0;1748.189711817823;4048.0783629143143;510.41071894691777;0.19109040761226387;-27.567731940040424;149.26301306854333
2010-03-01;18792.42906235963;0.999;9645.774859439118;19.444051475805598;0.16235726558990815;15.323100772635403;0.5446176773103826;0.43762966765537503;150.80785451820944;7838.710511493977;0.0;0.0;156.24126816960614;161.45335940807698;5.129860678466614;0.5437084973778709;0.9473523777217807;0.07793393944403533;0.021838001868161497;-0.00106085856498528;0.7805119661282874;0.07502393225657482;193.17951110663228;0.22889510106437158;0.22912882192503142;0.0;3092.614364923678;6924.6904909209825;892.0099933445671;6.647961480314998;11.688558103669635;263.6870625479206
2010-04-01;18794.744291143477;1.0005119661282875;10553.767259142962;6.980342799963889;0.16635726558990815;15.30185028020023;0.623;0.499;151.96440374517354;12425.689849566275;0.0;0.0;148.11273709140528;199.9377735321202;5.609943740701926;0.5492232324067255;1.104387394754255;0.0713;0.030221511202110043;-0.0002000000000000001;0.782178632794954;0.07361161620336276;217.0370999927777;0.23430512989203794;0.2754961998513167;0.0;4626.718496715049;10317.623649640127;1309.7952988774762;40.592326675891776;173.1607245669907;440.53930472881837
2010-05-01;18802.662393396506;1.0015119661282874;11899.756339219764;9.854145570194712;0.17000000000000004;15.315519123214912;0.8226612907887108;0.5814110105645932;153.7241814052791;18995.69427828154;0.0;0.0;161.40470762108743;239.58094153208432;6.792327586242489;0.527;1.366106522317128;0.060661161620336274;0.039743007082832287;0.0004999999999999999;0.7845119661282874;0.07227828287002942;217.29121464071764;0.24142381356960868;0.33693089561108197;0.0;6436.197918401934;13919.444089459592;1778.3156032821012;81.15441487559357;425.01520007912563;649.1920864479933
2010-06-01;18794.54200685917;1.0021786327949538;14219.125391358553;14.194685108427807;0.17153589838486222;15.26800362329543;1.2119422936801556;0.759904595405274;154.61880510162138;23233.622978203704;0.0;0.0;62.32603680998187;280.0232213122469;8.311074598861978;0.4855119661282874;1.819113337568827;0.044553816027468746;0.04424739443613315;0.00026116162033627723;0.787;0.06999999999999999;209.0822726383131;0.255237436868917;0.4332617257531693;0.0;8677.429524878757;18174.921095500922;2338.411531366393;201.81943495940078;830.5157018391124;910.8860566070723
2010-07-01;18822.771628420156;1.0035119661282874;15850.591113373384;10.287891935636486;0.17353589838486222;15.270049861663292;1.5164811866015477;0.9136334437098196;155.94944762150206;27883.636400294108;0.0;0.0;144.82192835870427;297.45169953559997;10.304430070828325;0.464;2.1752541891094754;0.03546176773103826;0.04500090916605299;-0.0008784609690826531;0.79;0.07061161620336276;194.1742462417962;0.2661138893104031;0.4850164377566171;0.0;11221.595383407657;22576.590110953013;2960.6648451088963;280.6743148603725;1533.265920288779;1191.4546539602268
2010-08-01;18831.41462267304;1.004178632794954;17290.318923657727;7.823342304109288;0.17404786451314966;15.274888055180861;1.7576976621829967;0.9822442552462693;157.0968274536339;37521.84306025839;0.0;0.0;117.6196932621483;330.0737845215554;10.391665722380237;0.4531786327949541;2.4537258500720847;0.03473012968542051;0.050614026090887915;0.00022504295646785734;0.7911786327949542;0.06953589838486224;199.73896412260257;0.27623130102887544;0.5347272162048625;0.0;14117.34897395792;27311.829372812266;3639.9897096749287;374.6587630852805;2380.1171728634663;1495.720358759188
2010-09-01;18848.490562892795;1.0050000000000001;17532.79587482776;0.4600252087082053;0.17717000133440108;15.301088292614601;1.8347179676972447;0.9610931158198067;159.2953485419632;43649.952202145534;0.0;0.0;198.1915563131492;327.7429384718186;10.46643328274127;0.45417863279495413;2.543880904862895;0.03780927519058526;0.04753243248726511;-0.0018272221763009488;0.794178632794954;0.06999999999999999;203.0925904012153;0.2854078378913111;0.551639474747659;0.0;16784.47024032691;32188.805187423768;4334.804441077978;117.31547935284777;3290.3171690991703;1766.8609916011153
2010-10-01;18869.97541479043;1.0035033346677342;17119.220352041928;-2.5896692057668758;0.17804786451314966;15.306560679004662;1.787824610753341;0.9775764312973363;161.9540277555079;45682.36775359982;0.0;0.0;-718.8894739070149;327.54034007123397;10.83362452770089;0.462;2.545467996619429;0.039525006191187165;0.04954057418239746;-0.0007480876785088265;0.7961786327949542;0.067;205.58463545922666;0.2929852927953022;0.5481690478527034;0.0;19306.680864632726;36641.215751769254;5016.024404363156;9.991827068070636;4559.787696970459;2088.5605147267033
2010-11-01;18899.485549667046;1.0007084973778708;17329.710815778883;-2.546389472183908;0.17904786451314963;15.32617290275888;1.7530976190822272;1.0456222386709457;164.4774474109545;47795.95730786876;0.0;0.0;-3761.466604224908;309.88860760405635;11.466427827382637;0.4695119661282874;2.521117090223593;0.045253470792812944;0.05705383525823347;-0.008936264009214824;0.799;0.06627828287002945;201.31224289917807;0.30713170739767276;0.5385096452164874;0.0;21857.99424325301;41035.2505613329;5699.764087547396;16.693289199575947;5785.5662400219535;2371.17153607879
2010-12-01;18910.3740925331;0.9992782828700292;11918.801468570402;-41.25838751755835;0.17955983064143707;15.33643517388262;1.7806311740899563;1.0394756306741253;165.3576660288791;49790.992004580556;0.0;0.0;-7296.028538480838;317.7400623610135;11.411044886494992;0.4725119661282874;1.7641958489871534;0.047485784818749086;0.061033516484898805;-0.009441660475479495;0.8005119661282876;0.064;206.57182546276732;0.3183174126314526;0.5454644069960216;0.0;23852.057755959773;45498.441846784575;6198.646357709379;48.693938407176354;6979.176589617713;2720.3375340268913
2011-01-01;18889.07123436004;1.000611616203363;13648.637059343373;-29.87837359122306;0.18070849737787084;15.371185984811419;1.7498648133848287;1.029036500977211;168.1909001202377;49510.00886719518;0.0;0.0;-7016.80232301786;331.7919145221188;11.58642264380298;0.47902393225657486;1.9988054677487823;0.05114068560697736;0.07387259454480033;0.00039999999999999996;0.8039999999999999;0.06130011037648617;213.85251768130786;0.33179926830574097;0.5382929647960776;0.0;25939.95858367715;49359.616782517594;6747.532713260999;9.44860292526828;8754.668600435009;3103.8380078835044
2011-02-01;18891.32432487265;1.0025119661282873;13707.233163649982;-0.526729648754682;0.18023756615933803;15.382205752510563;1.7046394595589796;1.0172593701486683;169.97263095424597;50502.69993589182;0.0;0.0;-5589.019791344536;336.9959727988845;11.106668009206762;0.4875119661282874;1.991268193359145;0.05905235714290674;0.0814575366124199;-0.0008;0.805178632794954;0.059556565740058874;215.2231951236746;0.34577507575770355;0.5386217920693643;0.0;28032.05356477615;53638.94820963614;7295.661108071313;9.342028662122482;10563.563002722736;3394.603499292495
2011-03-01;18886.0;1.001357265589908;13076.993209555545;-6.8501772572621;0.181237566159338;15.384179477800913;1.6902525075881238;1.0209356421644877;171.49284439270625;51009.167397593854;0.0;0.0;-5874.454567427875;363.7782886825985;10.660824875579435;0.4915119661282874;1.8346670109232976;0.06187105389788143;0.09437482978402323;-0.0022193072424454203;0.807;0.057309564164764834;215.8277121160958;0.3552791599035529;0.5261169883077235;0.0;30098.86167019775;57475.34646216518;7829.064229524266;30.785664250756376;12461.823220867238;3686.303931428244
2011-04-01;18914.61410415807;1.0031786327949541;13216.394612696035;-4.095610370090727;0.1810717967697245;15.423212204576755;1.6846647940271915;1.0380863402860834;173.6368645652491;51966.98732263138;0.0;0.0;-6169.231017179371;373.8018728702576;10.806859418360503;0.49700000000000005;1.842687116582093;0.07228432083375061;0.09617913098381765;-0.00014222051018559557;0.8101786327949541;0.05530956416476483;210.0981913884494;0.3647319764256207;0.5154399463546266;0.0;32278.73366397176;61714.1987092732;8400.506431744338;31.521024420218257;14838.729196579246;4147.733874023435
2011-05-01;18893.62098036636;1.0023572655899085;13340.707392299006;-15.909818900665556;0.18176145553893297;15.420327761033159;1.750576967285599;1.066655368854188;174.3525498194538;52866.96019251384;0.0;0.0;-6928.490000780383;389.8926600256996;12.448696688070358;0.492;1.976381125378056;0.07449087613247292;0.11165970691471795;-0.0007749570435321428;0.8120239322565748;0.053642897498098176;217.19219668511525;0.37461765587508133;0.5134754533539496;0.0;34720.66282083858;65591.21763553387;8993.037054292248;209.42018634916636;15731.584019558646;4533.445874391066
2011-06-01;18889.952145680694;1.002178632794954;12132.975714498918;-21.188439875299046;0.183237566159338;15.446881862318795;1.8742104659123207;1.031103481444633;176.06710534708404;54074.13600458936;0.0;0.0;-6768.818497912263;396.6965307326513;11.000964783218716;0.48499999999999993;1.7875079402798772;0.07986190678480437;0.10537573271325734;-0.00225965362122271;0.8140239322565748;0.05230956416476484;222.1376281127311;0.3891462445212784;0.5141703538158305;0.0;37062.369416098685;69774.86186459454;9511.724706865241;347.69706851868915;19074.668397223017;4888.088366996566
2011-07-01;18888.471059525018;1.0021786327949538;12960.617799009104;-8.536542970535148;0.18276145553893294;15.47992231815451;1.9640263203471096;0.969301355843493;178.3050111525818;52875.15612650323;0.0;0.0;-6222.338470820814;391.61955319468495;11.77041594072707;0.48;1.8962666590178985;0.08638196226327001;0.11813715797631567;-0.0019140456562774877;0.817;0.05064289749809818;224.32555172677462;0.4053290332200329;0.5162250156445619;0.0;39503.51048269811;74258.56693633685;10051.331440099057;365.6868231891121;21054.321424023292;5344.772602465581
2011-08-01;18899.820503231498;1.0006116162033631;13995.02687490032;-3.5976567489835056;0.18407179676972446;15.514228811722717;2.037678788880707;1.0761911815208243;180.45313261026942;53878.4939449561;0.0;0.0;-5652.283180896378;388.55246150633616;11.975120504626693;0.4769999999999999;2.010298514436108;0.09226119195515381;0.11594177553500484;-0.0020025807525222484;0.8176116162033626;0.05;222.74794817044437;0.44301489976221126;0.5230645163154842;0.0;42036.40791346218;78304.0743921589;10618.011847274855;336.1892831977657;24073.850531004064;5840.363288684336
2011-09-01;18917.60771235929;1.002023932256575;13271.669251678773;-5.780902783740178;0.18622323240672553;15.550466391598324;2.0589167148362395;0.9564614887482257;183.54216700849318;55149.71077707874;0.0;0.0;-5894.562521004072;403.8133694740334;10.847298323940079;0.47527828287002943;1.8651666402221363;0.09599214798008773;0.11212448833471361;-0.0006099668870541498;0.8202782828700295;0.053000000000000005;223.72126895309722;0.4767264633074409;0.5267538352582335;0.0;44266.00883755318;82168.03988521104;11157.783890710954;186.7721597388189;25355.08087461323;6169.442597534654
2011-10-01;18908.150855982793;1.0002782828700294;12989.820465035396;-6.318559645549695;0.18722323240672556;15.572761951083946;2.0883245619096793;1.0193521750706882;186.5460874010563;56010.63107538823;0.0;0.0;-6634.419952752263;409.5159367906678;10.780425470769448;0.4761786327949541;1.8032790784405068;0.10769594816450957;0.0904645488958669;-0.003086415079411286;0.822;0.05602393225657483;226.03488667012658;0.4872033592245604;0.5321784942936163;0.0;46634.82874682454;86508.3154851765;11725.438741001602;189.53447207728863;29532.450781623964;6558.868227077784
2011-11-01;18888.984849644108;0.9997145311798163;12655.847993224448;-28.33787982396283;0.18576145553893297;15.586756752755985;2.0795807406137885;1.0515473793770929;190.13126936260258;56359.061726723834;0.0;0.0;-7679.85504637155;401.79266442660287;12.361956919840026;0.4761786327949541;1.700375928329571;0.10902380407540829;0.0944645151045331;-0.0009140456562774876;0.8255033346677344;0.05702393225657483;225.16042342207132;0.4871385018096864;0.5314926861885266;0.0;49145.593146793195;90316.096277822;12364.845224292754;102.21936438393752;31357.544592808477;6895.152082178527
2011-12-01;18873.46719367726;1.000535898384862;13391.962303879081;-40.56055740345722;0.18623756615933804;15.594078378913112;2.102428617750613;1.09027836219778;192.4356254743533;56410.591683529325;0.0;0.0;-7198.127669505479;377.39583802930116;12.705466673350713;0.476;1.7909955277769567;0.10022447017435072;0.06924091902509062;-0.00211063275005455;0.8285033346677342;0.059;224.13342261348387;0.4865488610122391;0.5360957071750736;0.0;51504.614076484686;94206.62280482613;12949.107843214217;147.97282602335227;35401.12705444456;7317.891298373307
2012-01-01;18910.52357142907;1.0016116162033626;14015.169396387506;-14.00341436140851;0.18607179676972446;15.658427716435126;2.115223246293199;1.0088881729682673;195.66297884252037;55304.64761418293;0.0;0.0;-6844.468231765269;374.9068945760172;11.843485206725795;0.47451196612828744;1.8222635409900478;0.1215025591904917;0.0794976396045379;-0.0019891445716056122;0.8339999999999999;0.060023932256574826;224.64608679069323;0.48634509569623213;0.5363450073007955;0.0;53944.56452486725;98219.1394400211;13567.691587813757;101.88290754888031;37466.62363421348;7781.531446055081
2012-02-01;18910.973690282466;1.0023572655899082;13481.20081307818;-21.000602066158702;0.18576145553893297;15.686539819016268;2.1208188585736405;1.1388971415794769;198.3024413259287;55596.611804185704;0.0;0.0;-6236.422517526897;402.23541497839005;12.094294287971774;0.4726116162033628;1.7284545355208474;0.11387668061010114;0.07862452986861841;-0.0012947051904441424;0.8355358983848622;0.06135726558990816;229.2061025812079;0.4861720680645061;0.532665167181817;0.0;56458.416446554664;101666.58607842962;14192.182165137368;111.6698630282634;40843.281991479955;8381.804875311898
2012-03-01;18891.63918109889;1.002;14326.284324074775;-28.8648326211878;0.18607179676972446;15.710657978419723;2.16082435545039;1.0808062210997207;201.4585461100015;56703.221522207794;0.0;0.0;-8362.234922958578;386.96882393401484;12.167146406990755;0.47100000000000003;1.7740723453270455;0.12859231148162276;0.07989325088354236;-0.00020391480728213212;0.838;0.06235726558990816;235.9273714916114;0.4861720680645061;0.5363295802140798;-0.03909707896018571;59041.246829706375;105667.36795443876;14806.622319568278;194.81532428415807;43745.00332261988;8982.905037368891
2012-04-01;18908.0;1.0011700013344011;14079.335687984125;-18.944720609349048;0.18678889744907204;15.74105759837739;2.1383319327813504;1.1191500938673709;204.38845370385786;56383.34367835933;0.0;0.0;-6649.974009780643;421.7487417789279;12.374425222751693;0.46963344370981946;1.7632364836592902;0.12779470593334621;0.08336982007177837;-0.001957668954183675;0.8412782828700293;0.06227828287002944;234.318571722417;0.4861666028097844;0.5316538269063517;-0.03909707896018571;61693.58854981765;109374.7323317629;15508.441594030464;23.118580734381307;46932.19716011295;9321.633924629487
2012-05-01;18892.518002592748;1.003;13276.055622947039;-32.70220170192721;0.18870849737787085;15.781083385481873;2.1538372011882996;1.0445408357236572;207.5476144199553;57763.15613709754;0.0;0.0;-8471.613772649023;444.5385039602254;13.04487590407778;0.47;1.5111184400336275;0.1399638892906502;0.0916532330831116;-0.0030603379218947604;0.8435033346677345;0.06435726558990816;236.7774760167747;0.4858134252468085;0.5370820213498426;-0.15647045256124742;64247.865256417106;113582.43737898051;16148.784083704833;125.81892980026632;49704.83662780271;9859.080193591006
2012-06-01;18861.926036815334;0.9996334437098195;15276.826713859478;-28.72398026666278;0.18870849737787085;15.79617665109796;2.178266683751923;1.1103095254289987;210.02797291199883;57111.27632882432;0.0;0.0;-6910.156473894065;427.7638456353548;12.864332575757903;0.4666334437098195;1.793495559464196;0.12949059203892493;0.08476626984595638;-0.0035051678092667894;0.8445565657400589;0.06427828287002944;234.45536711790143;0.4862523973727475;0.5352914486104916;-0.15647045256124742;66902.62005593054;117019.95571918518;16800.795299316374;194.79902878638183;52469.331635862065;10161.79256523374
2012-07-01;18862.91896329019;1.006;15585.921555035178;-11.076061010915641;0.18823756615933804;15.832656250847572;2.1735430141644674;1.1321354668432995;212.48638551377874;58223.34984948641;0.0;0.0;-6365.60324901923;407.068701982321;12.341880884175788;0.4662232324067255;1.696608074648757;0.15021801083595043;0.09099031545202883;-0.003172723104495548;0.8480000000000001;0.06527828287002944;236.8645511972738;0.4862523973727475;0.5364066170294711;-0.15647045256124742;69517.8623259089;120953.25494483438;17465.64874357437;71.25246051510653;55661.70033995867;11079.021485379479
2012-08-01;18848.40538183737;1.004178632794954;15377.9500143646;-14.882153863161719;0.18823756615933804;15.846182069312384;2.19876246896995;1.139075560105502;214.59351643353583;58529.96942343357;0.0;0.0;-6366.409734377545;380.78053626924043;12.543263032650211;0.466237566159338;1.6730529826592861;0.14703972147523753;0.07743269077051403;-0.001129150262212918;0.8497888974490718;0.06450333466773442;235.35689745059688;0.486713859278707;0.5356612252451293;-0.15647045256124742;72169.47248488318;124908.4316289116;18141.675732179116;113.01411213594149;58014.17944870468;11330.853389606189
2012-09-01;18835.17051764231;1.0045119661282873;15285.843709133667;-26.628330271478465;0.18678889744907204;15.868029511832962;2.1731473398232963;1.204582409198127;216.98241247972553;58184.11891376047;0.0;0.0;-8351.61561041285;355.182111512815;13.00259389506149;0.467237566159338;1.4650762324368463;0.162225933531075;0.0850871390871287;-0.0012135022942807135;0.8530717967697244;0.06627828287002946;238.79923955073446;0.486123133105545;0.5353404194306474;-0.15647045256124742;74781.36444317317;128603.5469586118;18828.71387898517;26.100521126354128;62383.11674574731;12293.373409225986
2012-10-01;18850.641748900354;1.004178632794954;15997.285764111079;-18.69169668151065;0.18678889744907204;15.89892147980088;2.161578817946571;1.2362300253536203;220.2322204289314;57942.962717248614;0.0;0.0;-7301.533672749677;316.0255839281456;13.83857144449753;0.46776145553893295;1.5788323002415332;0.15362972249385062;0.07232115849988612;-0.0014346147530628758;0.8577084973778709;0.06727828287002946;238.54904157847704;0.4855262655632952;0.5354048916366138;-0.15647045256124742;78023.69904605029;133226.75090729838;19716.465850758086;6.667247329837427;64405.89839097313;12959.252484147797
2012-11-01;18818.731339052585;1.003357265589908;17571.836046450037;-20.125281280293308;0.18823756615933804;15.901035430486571;2.164634835729811;1.2497239050465083;223.11481434639293;59325.0256261836;0.0;0.0;-6080.373099932809;318.04932271805205;13.502690927071038;0.46907179676972444;1.7258470234555474;0.14909936709705834;0.0966254992215648;-0.0019366638935088961;0.858788897449072;0.06650333466773442;242.87828327133008;0.48567836869812164;0.5355881223039519;-0.15647045256124742;80863.12568645616;137296.9484632205;20457.353160503324;23.674970541770385;69040.98464113238;13524.873166365123
2012-12-01;18832.86506025762;1.0045119661282875;17847.05651767206;-7.880591841306522;0.18955983064143708;15.9178923294393;2.1502520705870594;1.1637081045027564;226.33603847546908;59579.14060128911;0.0;0.0;-6461.404446250672;293.2207856852999;13.440171372270708;0.46958376289801185;1.6214550532933183;0.16943589494405842;0.09275101814645349;-0.0003776767593274454;0.8637084973778709;0.06827828287002945;241.9569298395873;0.48556570933039256;0.5364833405608572;-0.1493245578773479;83918.37000702818;141559.08574634776;21288.124219452227;29.167884353322503;70326.89752220143;13974.11035637782
2013-01-01;18827.927204266784;1.0051786327949541;19273.322764009565;-12.286423931977556;0.18955983064143708;15.950501121081869;2.148963173207143;1.1967075000030032;230.86827921423983;59223.37686541033;0.0;0.0;-5920.318283685905;241.51916358201353;13.483658281032996;0.47028220211291855;1.7008613216390027;0.15490161176443235;0.09453111795925763;0.0004535898384862246;0.8662232324067255;0.06750333466773441;245.59778692493958;0.48518936068217544;0.5367163421732883;-0.11344076800050841;86862.60476402171;145445.3290348205;22066.85151842432;20.378315673559506;74794.56389464038;14944.163399368232
2013-02-01;18807.04836237217;1.0055119661282874;19133.29087361828;-8.591847044222998;0.18955983064143708;15.963987805482548;2.1601063915503365;1.2313313253254945;233.423860007272;60108.69675970323;0.0;0.0;-7177.422473891102;259.7144287603604;13.008042802436002;0.4712822021129186;1.5803911485937323;0.17892513079288472;0.08969000370096276;-0.001152486768132394;0.869237566159338;0.06853589838486224;245.37465032949004;0.48458960139211305;0.5358020362929069;-0.11344076800050841;90108.6899594182;149987.80612566092;22952.56524241189;22.829252774820546;74459.65142316581;15980.182499472405
2013-03-01;18772.381552307448;1.0056116162033626;16905.080316914158;-22.59017308890394;0.18955983064143708;15.940403505926675;2.1474345166869133;1.286067549678556;236.46019902220996;61334.37744314307;0.0;0.0;-8109.95650692042;271.34885773898696;13.015421682148576;0.47228220211291866;1.2939253085638147;0.16014008563163645;0.09248158731675939;-0.0012051678092667895;0.871761455538933;0.07035726558990815;248.24754187736372;0.48458960139211305;0.5361530981175567;-0.1159698401322372;92975.05894053911;154587.6814658128;23695.486111864164;19.968155838382494;78503.83226873277;17413.385172855982
2013-04-01;18761.682200743817;1.0065358983848625;20464.748578216244;-32.336617262332275;0.19070849737787085;15.94566576576796;2.1627800642951107;1.2279411934226157;240.11399167163432;61389.36321134939;0.0;0.0;-8264.905703501572;216.7103000017308;13.155459830877835;0.4743400026688021;1.5485464697165159;0.16773120195399333;0.07184599817617124;0.00021131314801177588;0.8728817020808282;0.07035726558990815;249.70307637657763;0.48420992554420683;0.5378705550670552;-0.11713119328878281;96286.06957962163;158755.94127039984;24599.95107377434;12.768019723624077;79543.80542962505;18187.3754550737
2013-05-01;18795.743085971757;1.0072782828700293;22325.963576854767;-10.110036087499537;0.19204786451314967;15.99323173878491;2.177948559180885;1.2533282832147026;242.97793704990485;62945.14223618269;0.0;0.0;-5604.739615276268;184.9680233964338;12.779345476691313;0.47288170208082814;1.5977762389173276;0.18204208586284584;0.08052092704991579;-0.0030184879092663335;0.8773400026688022;0.06953589838486224;252.35938459322347;0.484090036051051;0.5403846998493522;-0.11713119328878281;99741.8735233167;163575.98877987915;25519.98010881574;56.472769957109634;83625.91717507059;19179.762250780837
2013-06-01;18764.39920029342;1.0040239322565747;17660.17630046408;-33.979903892653276;0.1917084973778708;16.01124018310128;2.196713989330598;1.2006516863388075;244.58061777340293;62814.09041345911;0.0;0.0;-7320.628108514877;154.387470519258;13.170606324127139;0.4732822021129186;1.4269164264597705;0.1962337899757614;0.08262240681807519;-0.009605487539041543;0.8792668874196391;0.06871453117981631;257.246865601232;0.484090036051051;0.545110827352657;-0.11713119328878281;103409.92692838299;167591.2657739901;26518.176351885813;89.06007309874418;84185.39510800816;20297.81603179787
2013-07-01;18786.61416940848;1.0050239322565748;19035.34219842753;-50.035095879790646;0.19023756615933804;16.073823643755606;2.25289676989911;1.2309189632901913;246.57455429629502;61989.5147503921;0.0;0.0;-7910.112870379111;161.23316164686383;12.239273856706625;0.4712822021129186;1.4310842695412116;0.16155742637671056;0.07738884486708862;-8.868685198822426e-05;0.8850000000000001;0.07053589838486224;253.54122088429818;0.48382372625566217;0.5500310057379246;-0.11713119328878281;106789.38526767094;172161.09110316754;27371.778853431115;210.54634651353282;87809.7611740998;21905.917794216504
2013-08-01;18791.85800086187;1.005;18956.845476873852;-28.20035972936536;0.19023756615933804;16.10428548704761;2.2697649766469437;1.2000343733967125;249.29644904628915;63320.54734940935;0.0;0.0;-7757.701461845167;162.43658745584906;11.65558785640413;0.47028220211291855;1.538968570373779;0.18521176154396476;0.06924846460405418;-0.00040917363791112874;0.888;0.07053589838486224;257.4832187010858;0.4839286362045628;0.5519125742489311;-0.03252835809350274;109932.54637277141;175865.36297686797;28194.125584195455;122.71012591720394;89523.4485822132;22251.62088682033
2013-09-01;18786.50013865789;1.0080000000000002;20092.459745533382;-16.694280170341173;0.1917084973778708;16.139207131036695;2.2708996491753672;1.2066863820180742;252.2901576065792;61989.81467026404;0.0;0.0;-5944.589468527446;130.96397390889896;14.135381820471753;0.47178889744907193;1.6745215415952799;0.1944611808251814;0.07914564166322846;-0.0031157568056677824;0.8923095641647648;0.07053589838486224;255.55768312170548;0.4835237262556621;0.5553317647782462;-0.03400806852290211;113571.77735532167;180927.00191410584;29168.67016465366;95.18704007506115;93105.61174654738;23699.49644774869
2013-10-01;18771.339801182337;1.0090239322565748;21055.262327306293;-28.891119036907927;0.19217000133440107;16.175635342034706;2.279586716990483;1.1970068496364215;254.91873683560203;63037.60803167143;0.0;0.0;-6809.387686492417;131.63576247261506;13.723578215607002;0.47176145553893295;1.5639571194849398;0.18814000109325463;0.08207328369613776;-8.564064605510167e-05;0.8952504295646786;0.0705033346677344;254.8521636301338;0.4830377991184258;0.5586737714979475;-0.07262911757176893;117008.33016522948;184917.1402980985;30099.970495389687;68.94248183314875;94039.02529486957;26233.685391457646
2013-11-01;18742.332061074878;1.0099999999999998;21003.568781667844;-16.963620804044925;0.19217000133440107;16.153985898009548;2.303207984771111;1.1241266330250732;258.61068251212635;62724.17284992201;0.0;0.0;-6601.920421145842;118.0568435202265;13.245394808811202;0.47307179676972444;1.5014840979941653;0.19895816510909392;0.08837486900849242;-0.0033382322689617283;0.8978348486100884;0.0705033346677344;257.4525887359897;0.48340256259869163;0.5578155882668674;-0.03723139744216118;120219.4011407891;189546.43501081227;30953.636723368785;53.27267313079651;98336.14736400249;27390.55030479298
2013-12-01;18743.691921607875;1.0095358983848621;23880.189646093215;-10.079059200439122;0.19204786451314967;16.182744292058306;2.28994613600804;1.209414904007178;261.7906081366418;62101.847493499954;0.0;0.0;-5259.69122375415;97.28739295405855;12.912433298570004;0.47407179676972455;1.6584571393480019;0.21274234020750632;0.07442972615297411;-0.0007398198115931654;0.9012822021129187;0.07153589838486224;251.01320762504787;0.4832977167027764;0.5592509380090505;-0.08327756731670702;123709.31229021792;194107.44673427125;31912.61418544431;30.73934413429273;99373.9461748342;28747.658252167468
2014-01-01;18742.285032607342;1.0142782828700294;20820.6376856423;-15.757330143540184;0.1911700013344011;16.212355907416914;2.2985031234821616;1.0746910514490988;264.5105427369677;61901.30755709134;0.0;0.0;-6761.922464260535;82.40745199380082;12.397203503427;0.47407179676972455;1.6488748329237302;0.1862006185279893;0.08120251018250288;0.00014679611853856637;0.9042822021129185;0.07153589838486224;246.71150501540168;0.48259227652575254;0.5628138498870104;-0.08327756731670702;126909.84423872322;198292.04975250905;32837.10193736248;96.34820669222056;103764.74424183994;28828.086282023454
2014-02-01;18734.958339359753;1.0090717967697247;16695.345576769294;-47.69194300302952;0.1877084973778708;16.256081939870462;2.3041381861686543;1.1387794256249968;267.8314282368826;63305.5932127738;0.0;0.0;-5278.971640742122;54.725637609275154;14.28978337045784;0.475237566159338;1.5449852183101243;0.2302250061911872;0.08228148583878034;-0.008759479418758676;0.906800900942034;0.07227828287002942;250.35782569221703;0.4828214312817379;0.5620607779201003;-0.08327756731670702;130796.20239652187;202891.43765281275;34020.466795836095;25.370776370628214;105016.08767735053;29365.00879076819
2014-03-01;18739.535272058252;0.9970701304544393;16701.462458892947;-67.17921264258032;0.1871700013344011;16.290619932243835;2.298326923274465;1.1929189632901918;270.11120756987765;62796.68561874907;0.0;0.0;-7553.471347148502;40.30819398704587;14.353612964174529;0.47507179676972444;1.3958477559725158;0.1883353753277148;0.08877755998665265;-0.013512998532158826;0.9098817020808282;0.07227828287002942;248.4214576183753;0.4827068711300082;0.564911846721869;-0.08327756731670702;133380.02850931164;206855.95403645746;34778.4845054661;29.083887628122923;108552.09052620178;30577.478725362154
2014-04-01;18728.76132791199;1.0;10546.028191390978;-58.687068210475886;0.1837084973778708;16.323706964168196;2.3130101787102135;1.018611446608307;272.9593218032614;61327.066526021685;0.0;0.0;-7367.24781611262;45.87740244925852;13.757007890184042;0.47507179676972444;1.1835762290639162;0.2130358363378421;0.07934482789635944;-0.009492655565920488;0.9099608519271789;0.0715033346677344;252.45668910772764;0.48301296143162653;0.567050235939981;-0.11922507354321558;135602.13242729387;209578.23741779424;35413.332594766376;45.762345105965025;109411.27527103858;30651.533279172392
2014-05-01;18709.36777696103;0.9988931639747701;10612.031441667748;-70.05400361627312;0.1817084973778708;16.33800441505945;2.3098479910293865;0.9761585325586969;275.5801959788094;58610.72299683402;0.0;0.0;-9432.96895956244;45.000528649750585;12.385996616916707;0.47407179676972455;1.3392487437306166;0.1753784816942511;0.06278601161553388;-0.0019146287066783153;0.9119608519271788;0.0715033346677344;256.60083227918113;0.4828321212407414;0.5723189226077765;-0.11922507354321558;137817.39940971445;213087.20335442084;36012.69201926895;105.67860067913193;112874.2624505627;30388.677480311955
2014-06-01;18701.442620824193;0.9993001103764861;11628.100082450892;-48.21811928459642;0.17970849737787079;16.365101715032626;2.320570221335152;1.003942566408477;279.09310997231944;56611.75157483641;0.0;0.0;-7795.002458961435;41.721403495472046;14.070632030791144;0.47176145553893295;1.4427103985586993;0.21284007182771664;0.06102885616199622;-0.0017916479819688473;0.9139477361125021;0.0715033346677344;259.26765112750627;0.4825935706925246;0.5742660494003557;-0.11922507354321558;140019.7095126271;215893.2845038869;36609.47294567986;146.25881900941283;113873.05151696093;30274.205039585853
2014-07-01;18714.620006220564;1.0005033346677343;10829.288390299025;-37.35059038939121;0.17770849737787078;16.422696972201766;2.370601328116631;1.0509646296801143;282.5182238857765;54125.585048989924;0.0;0.0;-7580.567259466081;46.169001195377035;14.460873066330098;0.4687614555389329;1.3815167309264107;0.2200225769287468;0.07353489331260636;-0.002867204254462263;0.9173181922387611;0.072;262.57317411722596;0.4826698620291301;0.5748970152577868;-0.11922507354321558;142403.6903781914;219163.09866892893;37192.527986747155;327.58796476658694;116946.12018080018;30001.85578825482
2014-08-01;18706.91878943573;1.0015358983848621;11460.101149201833;-36.20670546246999;0.17699999999999996;16.44201086988629;2.3861197121101902;0.9966633987189857;285.99132535545954;53236.36156682916;0.0;0.0;-6774.379081077408;39.873328320802955;14.23343847474342;0.46676145553893295;1.3563308356795316;0.229197433979633;0.07360299874639525;-7.217171299705603e-05;0.919446464813451;0.072;262.27618272215585;0.48249357069252463;0.5753204445538327;-0.12101271320138401;144690.07769518235;222091.99941537707;37767.656889555;313.55664348576903;118646.48603164332;29828.668529001952
2014-09-01;18734.454691342657;1.0022782828700294;11351.374494568472;-37.57230025780075;0.17430011037648618;16.494149780887895;2.3824831851243946;1.0285346965745181;289.2936627328342;52272.46798341514;0.0;0.0;-8065.151942253393;43.15150011251688;14.249945384279084;0.46576145553893294;1.408832786806283;0.2139545787493663;0.08343314763303242;-0.0012;0.9234034637877732;0.072;260.05284864410953;0.48183783308455824;0.5735615950017118;-0.12188440019794981;146873.32502260868;225344.90146120975;38374.105868498926;174.24421894942677;121412.88735688868;29541.30368504281
2014-10-01;18737.10259784076;1.0036116162033628;10537.643895768058;-47.0296058293601;0.17230011037648618;16.53479062524522;2.3993526027657994;0.9528425684737902;292.5226371364276;51014.779454373886;0.0;0.0;-7939.586177319332;41.41400870951112;13.120287716052935;0.46358376289801195;1.1691051580401055;0.23758357088752524;0.07904237155840925;-0.002518003894463599;0.9234464648134513;0.07327828287002942;258.37281772823314;0.4809281628360247;0.5715689157286646;-0.12188440019794981;149151.157124903;227989.87208329633;38931.40534262592;298.9078713862119;123249.90896568575;29302.521708560467
2014-11-01;18775.18462253676;1.0016334437098195;10144.28116149256;-53.699976265704095;0.16899999999999996;16.609028988551945;2.407019725592648;0.9792164414415289;293.9818084839711;49406.92392562149;0.0;0.0;-9323.344536071992;38.97171002845846;14.192214427580772;0.4625837628980119;1.2644939943699396;0.21371477555499446;0.08833243431828965;-0.0024860329748832076;0.9298348486100885;0.07327828287002942;260.44607161899864;0.48070500867360694;0.570160821934334;-0.11626227021803039;151480.8237119342;231305.98174261636;39572.14402084084;166.45500902054076;125784.96960168099;29009.137197690063
2014-12-01;18769.644069960217;1.002;9146.750221646951;-65.34686269949789;0.16900000000000004;16.63914091498956;2.403215195652129;1.047829513692986;297.02391082733396;50441.82946315067;0.0;0.0;-9381.421782418;35.550288601477206;15.112750776736206;0.46109572902629936;1.1258046514704512;0.2254538946575481;0.07710129784009477;-0.0052043837975046985;0.9304169947557416;0.07327828287002942;261.164572584829;0.480352326509293;0.5712025164505409;-0.11626227021803039;153516.0966128007;234009.38317043494;40120.68124029365;101.62599535909438;128458.57688622636;28713.681087287572
2015-01-01;18786.59561607456;1.0032782828700293;12436.524121886381;-62.93273612940427;0.1673001103764862;16.699204750877694;2.4083486853734466;1.0397509525840936;300.1009247755802;51201.59226760742;0.0;0.0;-10370.431961533784;37.6094673358877;14.014855186638904;0.4612822021129187;1.529640224822725;0.20321505579459634;0.06540467385188961;-0.0015;0.9352822021129186;0.07327828287002942;262.9690161048503;0.480352326509293;0.5729337675407377;-0.11048208831685341;155956.62575207392;237404.62343862583;40844.765803553746;62.174639306616314;130523.22156556125;28344.632357480594
2015-02-01;18789.82994106405;1.0035358983848621;12410.583652189158;-48.22629863029496;0.1663001103764862;16.7147047670892;2.398899649175367;1.1040190484829637;302.9562718636123;52375.263283677436;0.0;0.0;-8279.856659609646;39.31061162509996;15.27626016986817;0.45980090094203424;1.3627316079966365;0.23863086802991282;0.07499767985909933;-0.002325893611543317;0.9354034637877727;0.0725033346677344;262.8692325122208;0.47898440147719706;0.5749610355761786;-0.11048208831685341;158205.83117390293;240255.6742753723;41481.82266792061;40.48431732308472;133090.11843005294;28067.34234505508
2015-03-01;18790.974715950317;1.001708497377871;10859.483185289224;-32.91159845484738;0.16700000000000004;16.754274430707625;2.3890061034437875;1.124008697856341;307.04566445421955;52309.24300636218;0.0;0.0;-7980.246956409988;38.147092630256004;14.699144385770236;0.46009572902629936;1.4046290409518345;0.2481959958485438;0.09071856558456008;-0.0016343134429564097;0.9388348486100884;0.0725033346677344;262.79312026332053;0.4788164358681584;0.5743611823864133;-0.14401445091697368;160792.25606508675;243951.97827965984;42260.92442308562;57.31077262429645;135610.15818039305;27823.88467159258
2015-04-01;18787.331746043743;1.004535898384862;11725.520100229665;-80.95059658194094;0.16563344370981953;16.805815873167592;2.3919376270113673;1.1703552394663197;310.2367960294973;52231.77445784909;0.0;0.0;-9796.859371890227;39.57495357770932;15.010034139735307;0.45909572902629936;1.2711714216994099;0.21329120420733302;0.06972253207179327;-0.0029670939936826866;0.940266887419639;0.0725033346677344;263.32544502252665;0.4788164358681584;0.5724288978994222;-0.11048208831685341;163008.29319954012;246581.57370325804;42850.73256472301;90.83904505691712;139664.79466063922;27614.42604186962
2015-05-01;18801.12128927727;1.0035033346677342;12570.415166685456;-32.297211026232695;0.16563344370981953;16.861492616263796;2.399233548642419;1.2889617465434127;312.7227765534613;53360.46822721131;0.0;0.0;-7666.077773020894;38.618783079669015;16.885349804805678;0.45809572902629936;1.4916422160088025;0.2540189708520914;0.08089124227550618;-0.001859243954633167;0.9438348486100883;0.073;265.35290509837193;0.4788164358681584;0.5707340130618769;-0.11048208831685341;166105.03159443632;250493.06286580922;43761.03421088621;109.33910070783969;142045.79893445515;27290.262329162102
2015-06-01;18807.09071604307;1.0052782828700293;13115.400018338287;-69.69817497208777;0.1642232324067256;16.91461152719619;2.404984849354326;1.318911821877803;315.75460024168865;54048.97396010991;0.0;0.0;-9807.776968734313;35.6266582597797;17.4236883627511;0.45709572902629936;1.3239666628848044;0.21665234652961995;0.08206750169096659;-0.0012620499351813307;0.9473400026688021;0.073;264.6028269306228;0.47850662070580935;0.5741803973553501;-0.11048208831685341;168507.5647298903;253576.69994664166;44438.99233563338;67.00438320991199;144240.9774342624;27045.268035354522
2015-07-01;18813.808867479263;1.002633443709819;11743.9611670507;-44.3186845736262;0.16470849737787085;16.956611527196195;2.4329232343092246;1.1543300653856525;318.4051738117804;52423.90741384783;0.0;0.0;-9021.505809400502;26.04364812109717;14.227726272908729;0.45480090094203424;1.3424742866598525;0.24623366583747927;0.09307213826159402;-0.0029272643562539115;0.9503400026688021;0.073;265.02361221569333;0.4788122802634319;0.5716312500968721;-0.11048208831685341;171099.49300123414;256851.97437751494;45147.723061475175;259.69519575112037;147567.78695281892;26740.437163009676
2015-08-01;18798.150179706703;1.0016334437098195;10027.594423495371;-64.94755466144947;0.16323756615933804;16.979860187251084;2.467270041366433;1.033573277194399;321.0337862022733;52964.52036065999;0.0;0.0;-10035.020031419648;27.551848649031953;12.658315118431947;0.45328220211291864;1.0313617812939548;0.2352083140858316;0.0833;-0.0016784964585838552;0.9504169947557416;0.073;263.8496390706615;0.47888858000347023;0.5782626020577508;-0.11048208831685341;173734.4581737989;259614.86032941192;45794.828989677815;278.7187008209038;151385.00742438072;26478.684308597574
2015-09-01;18808.110268203643;1.0017145311798163;14297.085544847096;-65.7423624428453;0.16470849737787085;17.000170534521637;2.4845983508347818;0.9969274679545306;325.82910709908094;51980.23608662451;0.0;0.0;-11887.744985033813;20.073271511625855;12.35023772097359;0.45128220211291864;1.5211873880539264;0.21317813731215052;0.08094585373899324;-0.003492899756718228;0.9550957290262992;0.073;267.89830810150414;0.47896523928093465;0.5797593160113919;-0.11048208831685341;177019.75028882598;263433.5648676666;46713.91499311923;178.14575618262046;153869.26846419327;26271.135232343237
2015-10-01;18822.40956531892;1.005;10329.073712704692;-60.2745861685971;0.1632232324067256;17.05321745385739;2.491015302774018;1.0228346409915028;329.8175554713019;53704.21612364656;0.0;0.0;-9164.48078202669;23.463161468406124;13.557569679424383;0.4498009009420342;0.9764348556826643;0.26159314839960485;0.09298427837562619;-0.005010542403545831;0.9568009009420343;0.073;272.1250836222149;0.4787298079163804;0.5789074654948939;-0.07127601561151908;179389.33962153477;266209.16698157246;47372.51526662565;100.13925491278117;158588.50886497725;26013.02873865483
2015-11-01;18823.522662638472;1.0029999999999997;15571.07900911461;-51.81948604519122;0.16222323240672554;17.09871193740413;2.509661111239706;1.3166215330825706;333.9389957145849;52021.08238987361;0.0;0.0;-10928.930946277334;11.112066157508977;17.190144537674268;0.44841699475574165;1.6507255969809191;0.21921902527790377;0.09096032355407443;-0.0042775450779725345;0.9600957290262992;0.073;275.934549972489;0.47876061225172833;0.5774263898932923;-0.07127601561151908;182619.65362755687;270312.48168110347;48375.29719930038;14.87797662031714;160673.0286996496;25769.603924404444
2015-12-01;18810.72138155951;1.005;15021.521162397474;-66.72169609584513;0.16222323240672554;17.137665137625408;2.520837201188299;1.362553259899441;337.39798314487206;55156.51810301235;0.0;0.0;-9942.059134041985;5.882851164560073;16.22871685883673;0.4488817020808281;1.323234077341914;0.2308321855094238;0.09774910260540089;0.0009834848610088321;0.9614169947557416;0.073;283.55622255725814;0.47876061225172833;0.5791193023356881;-0.04327310813216227;185218.33094305487;273307.6856436021;49118.80528661175;56.4742781637039;165155.79448327288;25557.18920768845
2016-01-01;18780.98695726136;1.004788897449072;15747.564862814132;-25.003159140072892;0.16122323240672554;17.151328546651964;2.5295714690294204;1.4589914733754497;341.55562561366594;53664.27072300321;0.0;0.0;-7491.420765115697;7.455932758094132;13.369950716984112;0.44741699475574165;1.4616583368182983;0.26640170946415104;0.1053349803979934;-0.003417506405284681;0.9644169947557416;0.0725033346677344;287.0153632341921;0.4788154455618636;0.5810298584129449;-0.04572930945367594;188749.9017095591;277767.0706300917;50098.53476456322;24.20402667299048;167531.17240553058;25308.995871786126
2016-02-01;18816.688757959993;1.008170001334401;15833.709175530295;-68.40161213137884;0.1616334437098195;17.217988739381315;2.5192701308359866;1.3362215063016007;343.11005630349365;54738.55137522712;0.0;0.0;-10098.836967390514;-1.2619925405319457;15.824486357040348;0.44641699475574165;1.2019587996154315;0.22409239409583956;0.09513184699520182;-0.00218327814509025;0.9674034637877728;0.0725033346677344;290.39004693817634;0.4784559180738275;0.5811680537001245;0.005147700951979223;191534.0685396348;281232.9125387093;50834.20315390904;20.900674560778945;170171.7569433948;25141.978226834806
2016-03-01;18809.910652737253;1.0057888974490723;16059.588393968343;-35.071492033920045;0.16;17.260260338881665;2.5663501373939095;1.3361184967738449;346.71163703093157;54347.4977957985;0.0;0.0;-9264.889005691293;2.534926982762708;13.57023376457212;0.44441699475574165;1.3799103159030972;0.26680750536002473;0.09886067410362454;-0.005686493458200685;0.970266887419639;0.07130011037648615;290.2490193334195;0.4779841863649283;0.5838396182957805;-0.015391127862574086;194865.77716981623;285317.5363539654;51701.57712285009;167.83050481019274;173468.81381923586;24856.793798412382
2016-04-01;18817.244796357325;1.006788897449072;13990.84547117011;-65.61338840079821;0.159;17.313674545793166;2.5814401276984507;1.0435224070473672;351.7703180630598;54279.9780563841;0.0;0.0;-10330.527326392294;-8.065825953550917;12.231938237480998;0.44340346378777284;1.0244593945797584;0.24270779449345475;0.09506863257773006;-0.00021350229428071348;0.9718644712743398;0.07130011037648615;287.1429146300202;0.4779791136710338;0.5889631422754078;-0.016625799425800947;197706.93964865757;288477.8251713708;52420.901301934704;79.83980533298113;177666.3330809188;24715.175357222204
2016-05-01;18832.509984431297;1.0006191283295298;15626.470572905297;-65.24352581354663;0.15822323240672553;17.359693837477447;2.62152056146227;1.0825235785428595;353.58049136031883;53839.28570883454;0.0;0.0;-11489.774388269369;0.0;9.115925295593508;0.44186447127434;1.4884633152097995;0.22905031607018844;0.09685725350609423;-0.005061998131838505;0.9782822021129186;0.07130011037648615;275.13933422581107;0.47773286642704427;0.5878322666894213;-0.02004294149579426;201227.7364485865;292889.07793762913;53383.55122091043;79.4814455424794;180615.58038279458;24532.102301898776
2016-06-01;18849.63089112373;0.999577794898144;13502.458315745616;-87.30622697550716;0.15870849737787082;17.404380199514552;2.6380789708134933;1.0461712002589234;357.26207235375375;54540.58857398289;0.0;0.0;-10573.941678670159;0.0;12.060017200341703;0.43986447127434;1.0666913913020295;0.24169921077716566;0.10034962927941266;-0.004276200355646762;0.979800900942034;0.07130011037648615;275.70040366709037;0.4779038050668049;0.5919418391498865;-0.050511910797837664;203836.24038773912;296119.9564743149;53995.083978100854;186.5713814790512;182113.6833485599;24351.69959340404
2016-07-01;18860.826792246953;1.0045837628980119;10918.556580120949;-66.67075261710218;0.1586334437098195;17.44941787932731;2.6589155180887087;0.9158874016648482;362.00379436288966;54583.05795365815;0.0;0.0;-13006.28706783248;0.0;11.015988306641052;0.43786447127434;1.3223661868113448;0.24439135726444186;0.10288969870674208;-0.010601648202386203;0.9832822021129186;0.072;277.99563195556726;0.477661508917841;0.5939008277542875;-0.050511910797837664;206168.81676289786;299195.4248326033;54573.49981771432;179.219022880568;185416.33354198703;24126.50025996349
2016-08-01;18869.395279209075;0.998237566159338;9357.995418538572;-118.59326052143962;0.1586334437098195;17.487515102201858;2.7004722249872803;0.9581436947520776;366.22307670857776;52204.563851060586;0.0;0.0;-10787.938696338391;0.0;12.12429460128996;0.43586447127433997;1.0104971775255502;0.26916167701940985;0.0966319703120212;-0.017283658738239983;0.983800900942034;0.07130011037648615;279.9247993958707;0.4769297261529742;0.5965695344416067;-0.038185001021378576;208505.32390152477;301911.59854653897;55094.68339315339;163.91879656235838;187689.4175729308;24032.307448449137
2016-09-01;18850.60056377983;1.0012782828700293;7574.433781037138;-113.97700519805223;0.1576334437098195;17.51468148270101;2.72240620035054;0.8813853928830229;369.8781306897315;49778.98499093166;0.0;0.0;-14429.491095957492;0.0;9.83528288585051;0.43365152557209447;1.3963702807576892;0.2481230751998897;0.10073143082845186;-0.004713312883387478;0.985318192238761;0.07130011037648615;282.684137459834;0.4769297261529742;0.5977388507045537;-0.038185001021378576;210846.3291006857;304697.13721651817;55622.05057695844;313.51102021280656;190861.26491161398;23821.012888911973
2016-10-01;18853.124670223428;1.000170001334401;5061.344689400712;-105.94158355554107;0.15670849737787082;17.564317688573354;2.7395449590577816;0.8614622076464302;374.40880009158946;47399.11121194963;0.0;0.0;-12392.604820658442;0.0;13.185897822758976;0.43127790578664993;1.00005424314031;0.2739106524575322;0.11100005324827218;-0.0046;0.9884169947557419;0.07163344370981949;284.2389358530882;0.47700445019870236;0.5987598313003768;0.008825440477977384;212783.11550539694;306905.9170644206;56081.41407861309;183.43169839589976;194607.6938061817;23679.359920666422
2016-11-01;18847.64797003746;1.0040239322565747;7700.954600372178;-127.10525655968293;0.1566334437098195;17.593729547627536;2.7548294439378176;0.9849757584661395;379.0279975867944;46845.124863878904;0.0;0.0;-15047.517797061888;0.0;12.466072526014246;0.4306515255720944;1.3736788832180624;0.25377846886871896;0.10403054845474313;-0.0005297783130184441;0.9888344749394037;0.07217000133440106;286.1277634131291;0.4767587265126948;0.6032918028325903;0.004795588459590466;215510.2475051379;309881.6712095029;56680.29532021873;266.0737378719415;197384.11044390016;23580.608200129733
2016-12-01;18849.97541479043;1.0020239322565747;4937.55865027126;-122.28883758467543;0.15717000133440107;17.636954654921084;2.7773323471429165;0.9961528414882834;382.85676381318575;47733.906432425945;0.0;0.0;-13362.132837014784;0.0;15.055446091699963;0.42827790578664987;1.1029061783542016;0.26767341476589246;0.11489086994575323;-0.0028489995996796797;0.9923181922387612;0.07217000133440106;287.8643683714901;0.4761411042773589;0.604271116865369;0.004795588459590466;217691.35490855016;311979.9149849672;57100.928133609785;215.92709991264422;202013.26244993933;23318.26842944113
2017-01-01;18859.255605901835;1.0030239322565748;7317.31939104072;-121.60138600634725;0.15617000133440107;17.687820117736152;2.7914559819234004;1.0591901953010259;387.45614161069517;44928.66822217012;0.0;0.0;-14580.734570313965;0.0;12.792901081485027;0.4272779057866499;1.4147667915293356;0.26281187412510176;0.1019802740235168;-0.0022664948407952377;0.9946076951545869;0.07217000133440106;287.7565480175479;0.4761411042773589;0.6050922831886333;0.005627995578470865;220315.17704194004;314997.3909468611;57709.577519508675;411.784122857174;204492.15954230787;23277.368643587593
2017-02-01;18848.96357514801;1.0045358983848622;5408.219942168681;-126.55064767771859;0.1546334437098195;17.741255666837933;2.7908388188370354;0.953158860642211;391.09013512664643;46964.257251023926;0.0;0.0;-12568.885374008347;0.0;12.151682033347551;0.42627790578664987;1.1230014831592086;0.2624559307592951;0.108018678295958;-0.0018710504641713658;0.9948344749394037;0.07217000133440106;288.6077244931232;0.47604006414832706;0.602732010609782;0.005627995578470865;222310.35930814783;317271.12492105906;58135.79670984997;245.28713473837303;208105.36480740944;23202.894480834453
2017-03-01;18853.272973260904;1.0075119661282874;8367.492903069484;-106.7724639673985;0.15417000133440106;17.799841324575826;2.79651574369739;1.0442198441481312;395.7102035624702;43887.36429847022;0.0;0.0;-12620.144663371535;0.0;11.984965189285948;0.4252779057866499;1.4528410841530552;0.2752806367456181;0.10868835280721117;-0.004013025037868319;0.9983181922387611;0.07361161620336276;289.61435656115003;0.47604006414832706;0.6012778723096137;0.046910965271615354;224771.63245381566;320035.08354949596;58684.058411149985;417.0378585496346;210351.5492302825;23076.939162656585
2017-04-01;18851.82461075334;1.009;6047.968989967544;-99.6159142351813;0.15317000133440106;17.843860804961025;2.8032609284297734;0.9363593823162839;400.1036228339463;45460.006891890785;0.0;0.0;-11587.147495083469;0.0;10.637279998602619;0.42427790578664987;1.019829230575867;0.3090447388170809;0.11691074501686619;-0.0018259106212998337;0.9985100040032031;0.07327828287002942;290.40372394554294;0.4763099373009867;0.6015476151476153;0.005627995578470865;226626.4366893229;322477.0207758451;59093.74254803312;286.00028817016795;213160.08253043823;22949.072769546874
2017-05-01;18822.640526225437;1.0052782828700293;6943.079586869599;-92.44216482682505;0.15317000133440106;17.863986239400706;2.816128058935002;0.9790119050539317;404.53790896457963;44481.42107754474;0.0;0.0;-11817.393540775192;0.0;9.470124385630147;0.4226538524693712;1.341369802802986;0.31349487207580773;0.12525233155509954;-0.0035199337741083;0.9994774688974714;0.07327828287002942;289.5649546218185;0.4763321385436366;0.6006966062176665;0.005627995578470865;228822.59114317276;325204.1000197481;59607.36182866154;132.7474395211986;215692.5369511962;22913.93477055156
2017-06-01;18819.77800593225;1.0081786327949538;5544.942981816698;-115.76105462113966;0.1516334437098195;17.922493212255723;2.844173833050017;0.9787755202299966;407.1260704556423;44321.62193484932;0.0;0.0;-12429.43749542832;0.0;13.068634586853051;0.422;1.019012285421978;0.3031274778338899;0.11888712163297796;-0.002304542328371661;1.0000580810168136;0.07327828287002942;288.4689547838404;0.4760841863649282;0.6050383433299624;0.005627995578470865;231019.17155092454;327106.00405358453;59993.80338345982;648.2889232066495;220814.41304723668;22869.895226912842
2017-07-01;18823.181922387612;1.0039042328260046;6495.997681277718;-113.62553966372366;0.1516334437098195;17.963326923274465;2.852753677001947;1.0619813419143318;410.7773494462465;43910.52922562742;0.0;0.0;-13180.763448815593;0.0;9.250800138742864;0.4206538524693712;1.1769267224369333;0.3215704190061337;0.13460798689677989;-0.004274943945906541;1.0020580810168136;0.0725033346677344;287.63573966452697;0.4760841863649282;0.6055584065031644;-0.02107881416279428;233781.421136071;330317.51192583516;60662.25146220417;140.33158562786085;222861.6070836549;23013.19380854589
2017-08-01;18824.248586049576;1.0080000000000002;4966.2977736713665;-124.71185275264216;0.1506334437098195;18.012326923274465;2.8572609284297745;0.9566240036402677;415.71943963090297;45468.229470398335;0.0;0.0;-10848.34579660655;0.0;10.449337279134237;0.41965385246937126;1.0799026225835022;0.29823829427328546;0.13003409897100004;-0.005172460119844233;1.002629294456255;0.0725033346677344;287.09305636461823;0.4760841863649282;0.6066666186359602;-0.018695405529584708;235611.67132245124;332297.02794736566;61057.334529226544;166.2275429099865;228305.39412952436;22937.229539359396
2017-09-01;18819.853031931147;1.0033001103764863;6918.583715238797;-120.43204316485253;0.15030011037648616;18.056643462471474;2.8695497603835274;1.023906090887047;419.6377806930634;42126.163196133784;0.0;0.0;-14442.443715101377;0.0;7.889160820455136;0.42;1.223116181360075;0.31013815808616974;0.1324510181464535;-0.004691144459432165;1.0065911037416695;0.07130011037648615;286.6490447557866;0.4756842192333601;0.6098660671518238;0.026814696858098105;238175.1513790649;335401.3731175234;61695.93357432311;216.33799565535207;230248.97311950836;22863.47137981763
2017-10-01;18808.88171913053;1.0010947888722663;4736.987331790157;-130.63956509684627;0.14963344370981949;18.07332347938042;2.868094152763756;0.915081612768629;424.8291373608447;42209.29531805494;0.0;0.0;-11597.082909667206;0.0;7.093756588901151;0.418;1.0259767158650615;0.2971571471971947;0.13460268856066443;-0.0030432467291003425;1.0050899771248298;0.07130011037648615;289.49982005540426;0.47612574364362736;0.6069161005588033;-0.01261716217149586;239873.2412481857;337418.9529760275;62098.49811118208;61.27586130537251;235886.57133799442;22710.49417432512
2017-11-01;18769.563818655497;1.0037084973778707;6976.4872256611325;-112.1981287711481;0.148;18.04755717496902;2.8603344155872676;0.921179164365429;428.80313262467763;40069.869162452786;0.0;0.0;-13202.78227987907;0.0;8.19669560796314;0.4186538524693712;1.2581083934767232;0.31355825224337425;0.12888791609946848;-0.001108800749063506;1.0065191232149118;0.07130011037648615;289.9091616720915;0.475807225923493;0.606232447828996;-0.0072615978020315886;242288.0464803969;340480.4785341693;62732.566412281085;116.90246231254056;237830.70674236986;22547.16568978344
2017-12-01;18791.519125363462;1.0043001103764861;4378.5219901499795;-131.47865658933318;0.14755656574005885;18.099103435611415;2.857571451161111;0.9891709237609296;432.68301126068235;41871.09679050808;0.0;0.0;-12519.836933590861;0.0;10.002898883228424;0.4186538524693712;0.9306380230145119;0.3117980000296287;0.14044417831481773;-0.0015435595774162694;1.0085191232149116;0.07130011037648615;290.8594391977948;0.47571753548590096;0.6048031607923458;-0.004466051500927798;243857.66958767542;342453.74223719625;63121.536723717654;34.8298349035374;243020.2886311923;22566.524069311025
2018-01-01;18760.911790133923;1.0030478645131495;7275.635132576208;-103.32240118317561;0.147;18.130527031304535;2.8498189197827175;1.153403883556157;436.3691274549999;39812.42953568622;0.0;0.0;-12037.2831448784;0.0;12.651052694686358;0.4183205191360379;1.2933287174336516;0.3340647160535692;0.1401455055561128;-0.007561168720299745;1.012656865570436;0.07130011037648615;287.72871606525916;0.47555246677900515;0.6057297131067853;-0.005310840647640119;246245.48940696975;345504.0319189866;63751.30910739151;71.83848142420409;244937.87592587268;22433.056364299984
2018-02-01;18762.855332002728;1.0053001103764863;5916.502165681304;-136.59467689380546;0.14622323240672552;18.155570388618116;2.851606145098325;1.1035870883061523;440.63999989820155;41320.647976524095;0.0;0.0;-12794.427754031502;0.0;11.156821085119837;0.4183205191360379;0.9883910038093356;0.3148959471346793;0.14030068496364212;-0.00011533936612440369;1.014223611165369;0.07130011037648615;286.9210353025749;0.4753105970062527;0.6022859283045342;-0.004466051500927798;247812.72592782648;347368.44053700194;64131.38253797693;51.348475947737036;250868.9600562361;22194.759332200563
2018-03-01;18761.156940361518;1.0095119661282874;6466.895587294136;-95.60681129102123;0.14622323240672552;18.20969854558178;2.8497723048500636;1.0903159568394483;444.213049062357;39852.54086290115;0.0;0.0;-12562.680833023329;0.0;10.775812923253525;0.417;1.1724070608147543;0.35949355475813805;0.1474017414632727;-0.00285658940312635;1.015185789881578;0.07130011037648615;287.4271361597331;0.47520091576627516;0.6083623318982936;-0.004466051500927798;250331.84138103752;350466.67385572445;64775.08390349845;159.69558947594686;252605.0268036162;21983.251242627382
2018-04-01;18740.66568047625;1.0103572655899085;3609.6838599699495;-134.04291525666144;0.14522323240672552;18.208233998078907;2.846264877843804;1.039036818955403;448.91583640997504;41049.551529969445;0.0;0.0;-14038.143915693185;0.0;11.3314845241268;0.4166191283295297;0.8561048716134145;0.3183921468519689;0.14719800026659555;-0.0014432467291003422;1.0163022843964076;0.07130011037648615;292.1164142160116;0.47483843255545877;0.6109273457965432;-0.004466051500927798;251967.98951350458;352446.43894686486;65158.8803083166;103.73218143768611;257993.6694029265;21805.28743481663
2018-05-01;18752.337837901116;1.0046428974980983;6913.955424777105;-118.66293551735441;0.14522323240672552;18.269371489702568;2.8336898014765968;1.1231226215711687;451.1714168002875;38605.74275013934;0.0;0.0;-12962.924566852394;0.0;12.626883198820117;0.4166191283295297;1.315005878146866;0.3239492964443062;0.13973323232354148;-0.0062499733758639014;1.0187634041616562;0.07130011037648615;293.5713240071002;0.47483843255545877;0.6097396936478114;-0.004466051500927798;254181.80495454135;355426.01714511035;65754.00945135044;40.43856935786102;259958.48595727942;21552.312533322416
2018-06-01;18760.220536407287;1.0040947888722662;4016.2577546091097;-140.2039551996816;0.14422323240672552;18.315071441591584;2.831213703080113;1.0691932375761963;454.49471553886855;40345.564186249154;0.0;0.0;-13976.133571981029;0.0;10.357917911971608;0.4166191283295297;0.9513833519373687;0.3254755424054082;0.14286554060479806;-0.0034012576378164164;1.020750186846978;0.07130011037648615;293.446169119078;0.4745957535302334;0.6103175636870083;0.0371862126470041;255685.7106616085;357395.820935023;66121.27621397549;37.62725148289712;264489.38655774307;21426.381665471163
2018-07-01;18757.784595245375;1.0125358983848622;6393.752756781829;-126.29867949023604;0.143;18.33133027525081;2.817015714122205;1.0725366137003463;457.4565272412537;38178.92809800074;0.0;0.0;-13851.56546129457;0.0;9.775075645751707;0.41732051913603785;1.2049248136734498;0.3522477376815063;0.14619309876057177;-0.0024090846567433226;1.0227501868469782;0.07130011037648615;295.4016609024138;0.4740019747928481;0.6105566531010006;0.0371862126470041;257875.9681383169;360331.19185556716;66697.09065526264;37.727932519268734;266612.1287459363;21121.993689642928
2018-08-01;18745.709307611192;1.0105033346677343;4536.448165787682;-132.1263942099833;0.14363344370981948;18.37381316567071;2.8259481940160134;1.0128286413423557;460.34460396729776;39078.221246673005;0.0;0.0;-12946.840594346206;0.0;8.410664517516327;0.41561912832952963;1.0270740807254244;0.3447479815090567;0.15157954373613008;-0.004267283880070546;1.024241596954222;0.07130011037648615;296.4322302073251;0.47375812849647264;0.6100563229748763;0.028997669018024197;259571.65161581934;362514.59932573274;67081.44556589665;177.23956394560523;270120.3441362424;20860.51158264641
2018-09-01;18749.7027064639;1.004761455538933;6100.830073119839;-123.44554335692213;0.1427084973778708;18.416214391621583;2.813993023369008;1.0338610442957248;463.90855647136374;37125.162571474284;0.0;0.0;-12671.181277701013;0.0;9.722897588845846;0.41561912832952963;1.1820463980055251;0.36014261698378186;0.14735287137940672;-0.0062344631145812;1.0267501868469784;0.072;297.1695460317529;0.47351351197497316;0.6098011540143505;0.028997669018024197;261363.3593397611;365057.7710554078;67543.4481416619;24.207597231265634;272441.9034343744;20535.126973925944
2018-10-01;18749.78174607694;1.0109999999999997;4520.826153571932;-122.49908697429426;0.1417084973778708;18.46519562929011;2.7985182318929134;1.0016491238193581;468.22893846639323;37707.880611692904;0.0;0.0;-12910.98964075049;0.0;9.873836288857845;0.41561912832952963;0.9499890756877727;0.36274380736354755;0.15084943366733766;-0.005419324722186486;1.0272415969542223;0.072;296.30265096879833;0.4735801488310091;0.6097432021816089;0.04414675849230286;262961.8211464446;367497.18668212165;67947.77889998925;18.463399722867123;274291.08028211864;20334.098033846116
2018-11-01;18764.10259606396;1.0111786327949541;5251.463855603102;-120.03626417645195;0.1407084973778708;18.510539252415665;2.804476129426137;0.9544194665528305;471.46306150334016;36370.1894964874;0.0;0.0;-12881.051054553314;0.0;8.027766727024161;0.4163205191360379;1.1520583150388415;0.37249230238604836;0.15377354419171582;-0.0021201573596974724;1.029241596954222;0.072;295.0662770920377;0.4735801488310091;0.6117058724997554;0.04414675849230286;264647.213958281;369790.8540669234;68312.13130678293;199.72280463112867;277377.90101297223;20040.55588065119
2018-12-01;18768.26908873705;1.007;3313.4480209756384;-130.62430548870924;0.13922323240672552;18.560282154204167;2.798190103468116;1.011618719212148;475.1940533025;35727.14274733522;0.0;0.0;-12637.338343559903;0.0;8.88300284630173;0.4146191283295297;0.668751973534033;0.389296407253269;0.146419302335688;-0.0038672838800705455;1.0298069275755457;0.072;294.79047592698106;0.47373023826629956;0.6119701415560929;0.04414675849230286;266051.4111337792;371458.2606491038;68637.15884674194;103.52207736314438;282407.65893720277;19885.8302989527
2019-01-01;18783.675105710605;1.006559830641437;6015.657214924406;-116.44890258978737;0.13822323240672552;18.612495977048695;2.787342031189674;1.1812593353107501;478.2376364005331;34498.383741281665;0.0;0.0;-13120.707650391212;0.0;9.413121513535453;0.4146191283295297;1.1976429630983052;0.3716820098456893;0.14887647260832967;-0.002304542328371661;1.0317022168698153;0.072;292.9154772738538;0.47373023826629956;0.610839241816141;0.04414675849230286;268514.7920254579;374636.70359246846;69293.21900582204;75.920472118679;284215.43747249094;19619.43566314438
2019-02-01;18785.588030371797;1.0085033346677343;4498.810005258915;-159.04240328841115;0.13722323240672557;18.6639930876677;2.782082991437996;1.1075675571752222;482.6581232588608;36047.75067312398;0.0;0.0;-13724.774853924766;0.0;9.950135810601639;0.4146191283295297;0.9440178305075995;0.3485637185238274;0.1507624784940454;-0.005201937657067499;1.0335337748392779;0.072;292.785398137214;0.47373023826629956;0.6102392418161411;0.04414675849230286;270036.8225990447;376615.77336121723;69667.34815663956;11.260318376044948;289588.46415137383;19427.775863074676
2019-03-01;18779.187192150235;1.008611616203363;7146.017133635533;-90.37247493812173;0.137;18.713891422006903;2.7663150190061203;1.157971275037516;486.9023312487787;33974.44717566256;0.0;0.0;-12163.441046460577;0.0;10.01357806089664;0.4146191283295297;1.239704659099762;0.39731078762398314;0.16477277933464068;-0.00475421758734203;1.0362415969542218;0.072;292.69740226599407;0.47373023826629956;0.609629740283238;0.04414675849230286;272191.5768425367;379552.10544282215;70245.1613224586;30.488654422374147;291653.01505367487;19161.86787740492
2019-04-01;18784.42405831015;1.010611616203363;5717.556046966455;-135.44329597636502;0.136;18.763928956485014;2.7682877537268533;1.0262380695536062;489.4810427224927;35094.71143708721;0.0;0.0;-12494.139159612723;0.0;8.620695652360288;0.4146191283295297;0.8313519776835023;0.37768358113900946;0.16629014348943197;0.0011300110376486166;1.0367022168698157;0.072;293.66201231726757;0.47373023826629956;0.609738119951202;0.04414675849230286;273673.67796594574;381424.3132866468;70605.7842319377;26.021583811781394;296892.1568373684;18904.48371570499
2019-05-01;18744.952750450673;1.0062150354141612;5502.99507755139;-79.10015689593308;0.1366334437098195;18.767409232114808;2.7727178988991517;1.161662162436326;493.0707018870932;34036.63055497454;0.0;0.0;-11377.814202101086;0.0;8.90061914017065;0.4146191283295297;1.0385813110388564;0.42265405477700657;0.17471252536941578;-0.00554983443527075;1.0393000277315778;0.072;295.0603819670725;0.4737355770138359;0.6074531592820758;0.04106278088235879;275971.6856993661;384371.7995028134;71198.26175471388;113.95231560310413;298828.3578564051;18665.166875446055
2019-06-01;18760.967744732265;1.005834848610088;6311.229198355503;-147.68844720110116;0.13570849737787083;18.814228836693957;2.773070967781196;1.1373188428620336;496.8548934284184;35216.38182887023;0.0;0.0;-12904.43683891547;0.0;8.765248370047514;0.4141441355641381;0.9620310121426807;0.367355632801916;0.17055955450371027;-0.0016348474427905538;1.041241596954222;0.072;294.14534117640835;0.4733888379611642;0.6091512180793407;0.029029975591470997;277569.64900794416;386156.34998805466;71551.67679535868;87.93863169037881;304446.80426177924;18385.053669425193
2019-07-01;18781.963418713996;1.0092504295646783;10888.955428314537;-4.889605300038607;0.13422323240672557;18.887910020240888;2.774621473253767;1.1250753031149412;499.9064534606403;33329.23694577635;0.0;0.0;-7065.07046906647;0.0;9.611585365025404;0.41290033112945845;1.3536737770346159;0.4542448621421746;0.1860269889188407;-0.0003967460305924356;1.0437634041616561;0.072;294.66574632181465;0.4735606415290619;0.61016380131363;0.04006296900923402;279833.7872251294;389098.584389856;72143.64140683183;105.40499003504802;306030.23281336203;18133.834341624213
2019-08-01;18796.864837323737;1.0110947888722663;7407.292547417335;-82.88259708550979;0.13222323240672557;18.939724291704835;2.7821888367535283;1.1426451062424843;503.8131167451421;35013.1709260064;0.0;0.0;-10793.085863474384;0.0;9.74038738279639;0.41361912832952963;1.0399357240729967;0.407723375495303;0.17649541863437707;6.144027791687057e-05;1.044750186846978;0.072;295.3792330174836;0.47346062867978167;0.6124182938736333;0.048214517343048685;281423.32190940384;391035.94113792997;72500.01532661122;113.74970497966574;311782.5093232455;17871.020736977283
2019-09-01;18784.616608218916;1.0100717967697244;12330.441592002753;28.918878350979128;0.13222323240672557;18.95043167088471;2.7794270574768554;1.1473267975950125;509.2891006831619;34412.61071339306;0.0;0.0;-5808.461244368363;0.0;9.050304985074934;0.41314413556413815;1.3861009002477456;0.4795665562917941;0.18079871801895192;-0.003207556292499732;1.046241596954222;0.07063344370981949;296.69615459287684;0.4733587265126948;0.610694303872234;0.08840390084411867;283614.5734828314;393847.35380872793;73071.29065477483;124.0515322771562;313583.90098067396;17731.26474387564
2019-10-01;18779.784945254218;1.0090947888722663;7831.126240518237;-80.80570263288375;0.13263344370981953;18.9946898562415;2.779535700040493;1.0257791065195365;512.8176377096709;33555.16293401053;0.0;0.0;-10444.255759238697;0.0;7.941417014478223;0.41190033112945845;1.1160245489678404;0.4099572668769705;0.1736600017085257;-0.0017801689609473802;1.0468069275755456;0.07063344370981949;298.00460051743477;0.47384939422378874;0.6119884517911258;0.08840390084411867;285183.7877156625;395940.4937521639;73435.7694522144;97.12258935306063;318149.8913417704;17446.96254441887
2019-11-01;18782.932597031348;1.0066076951545868;11044.251071863524;22.82454669837047;0.131;19.04462694142511;2.770504311402621;1.0695659674955704;516.8385184797847;33141.71639094049;0.0;0.0;-5693.544971820137;0.0;8.4673444023061;0.41190033112945845;1.3898497519069821;0.4674260975323167;0.19437704157279426;-0.001851378486761828;1.0488069275755458;0.07063344370981949;298.46696102239713;0.4741066184522777;0.6124332713755363;0.08530748110823917;286902.12627536635;398407.448226637;73883.9265684444;25.04982785839128;320168.04038724763;17171.891936790824
2019-12-01;18787.483430186046;1.0011983103905258;7247.798533397072;-97.59140102451173;0.13;19.079870725672095;2.7750983375513796;1.0468236437556064;520.9753584719539;34044.482442134075;0.0;0.0;-11912.607781515968;0.0;8.554900475218588;0.41190033112945845;0.9466687453505894;0.43656718378045606;0.17734542175343412;-0.005443737315292117;1.0483666923472161;0.07063344370981949;297.8131985958647;0.47395520307683264;0.6110360073670167;0.08530748110823917;288248.3541671581;400153.4702665189;74206.11371928237;22.33554174309964;325309.43462525535;16868.920979992283
