moment,region,low,high,source
unemployment,BELO HORIZONTE,0.0693,0.1547,Census 2010 unemployment of the active (low); highest PNAD Contínua annual rate 2012-2019 of the metro or capital (high)
unemployment,FORTALEZA,0.0801,0.1260,Census 2010 unemployment of the active (low); highest PNAD Contínua annual rate 2012-2019 of the metro or capital (high)
unemployment,GOIANIA,0.0536,0.0973,Census 2010 unemployment of the active (low); highest PNAD Contínua annual rate 2012-2019 of the metro or capital (high)
unemployment,PALMAS,0.0638,0.1375,Census 2010 unemployment of the active (low); highest PNAD Contínua annual rate 2012-2019 of the metro or capital (high)
household_income_gdp,BELO HORIZONTE,0.5340,0.7917,Census 2010 household income / IBGE 2010 value added of the ACP (low); times the national under-reporting factor (high)
household_income_gdp,FORTALEZA,0.6147,0.9113,Census 2010 household income / IBGE 2010 value added of the ACP (low); times the national under-reporting factor (high)
household_income_gdp,GOIANIA,0.6897,1.0225,Census 2010 household income / IBGE 2010 value added of the ACP (low); times the national under-reporting factor (high)
household_income_gdp,PALMAS,0.7221,1.0705,Census 2010 household income / IBGE 2010 value added of the ACP (low); times the national under-reporting factor (high)
nontradable_inflation,ALL,0.0,2.35,IPCA non-tradables over tradables (BCB SGS 4448 / 4447) 2011-2015 in %/yr (high); never negative over a multi-year span (low)
vacancy,ALL,0.08,0.13,Density paper Table 2
consumption_gdp,ALL,0.55,0.65,Density paper Table 2
housing_production_per_1000,ALL,2,4,Density paper Table 2
price_income,ALL,3.7,6.3,Census 2010 over the 25 capitals: mean rent / FipeZAP 2010 yield over family income
price_wage,ALL,81,119,Census 2010 over the 25 capitals: mean rent / FipeZAP 2010 yield over the median worker's monthly wage
housing_stock_permanent_income,ALL,3.1,4.7,Census 2010 over the 25 capitals: housing stock value over annual family income
