2010-01-01;47508;1.001;1273709.201;100.000;0.041;17.978;0.099;17.139;3394.663;154937.644;0;0.000;-98502.539;960.06;71.236;0.491;0.1282;0.1789;0.0000;0.0000;0.773;0.083;247.6246;0.2121;0.0050;0.0000;123503.4097;190988.5440;36700.1167;0.0000;141541.45;2077.831651919235
2010-02-01;47619;1.002;1411960.386;9.791;0.042;18.023;8.760;28.469;3414.418;360128.784;0;0.000;-113432.084;1844.60;361.139;0.584;18.7944;0.0517;0.0111;0.0011;0.826;0.083;234.8665;0.2272;0.6987;0.0000;260676.7539;404482.1842;78295.0269;0.2972;242574.49;4621.8981524425735
2010-03-01;47712;1.002;1474605.226;4.248;0.042;18.100;15.916;32.980;3441.796;636627.570;0;0.000;-106667.764;2629.94;524.865;0.562;28.0384;0.0370;0.0144;-0.0001;0.883;0.083;262.6695;0.2394;0.7737;0.0000;405133.1780;626815.9692;122374.5071;18.5445;343415.24;7407.2432052132335
2010-04-01;47806;1.002;1519090.826;2.928;0.043;18.141;20.604;34.588;3464.233;866950.741;0;0.000;-99875.048;3162.23;591.076;0.551;32.7958;0.0349;0.0205;-0.0002;0.942;0.082;284.5841;0.2555;0.7934;0.0000;554478.5000;854866.7064;168095.8784;38.2094;443470.94;10141.3409803627
2010-05-01;47897;1.001;1552736.785;2.167;0.044;18.171;23.607;35.764;3480.743;1069507.124;0;0.000;-91921.046;3777.14;631.568;0.541;36.0265;0.0316;0.0297;-0.0005;1.001;0.082;322.1250;0.2721;0.8186;0.0000;707305.8903;1089179.8351;214944.2731;77.1812;543010.55;12921.086443500457
2010-06-01;47963;1.001;1581730.799;1.833;0.044;18.237;26.789;36.408;3502.432;1237437.281;0;0.000;-84686.969;4138.71;671.071;0.531;38.5881;0.0280;0.0347;-0.0004;1.062;0.081;348.6580;0.2962;0.8381;0.0000;863347.3625;1327869.5152;262800.5874;148.1198;645727.58;15748.067468451372
2010-07-01;48034;1.000;1616860.114;2.173;0.045;18.301;28.956;37.012;3519.994;1392743.700;0;0.000;-76071.992;4687.79;676.801;0.523;40.3781;0.0308;0.0376;-0.0005;1.125;0.080;373.9962;0.3215;0.8519;0.0000;1023330.5428;1571637.4340;311877.7052;401.0629;748775.71;18613.240292984337
2010-08-01;48096;1.000;1643949.803;1.648;0.046;18.342;30.716;37.224;3540.201;1529865.108;0;0.000;-68597.421;5239.74;679.663;0.517;41.8331;0.0312;0.0449;-0.0000;1.188;0.080;406.6468;0.3482;0.8654;0.0000;1185840.6613;1819748.7458;361790.3328;242.1516;853187.79;21574.743725960096
2010-09-01;48141;1.000;1673773.590;1.782;0.046;18.409;31.732;37.684;3561.345;1651354.646;0;0.000;-60651.894;5834.11;714.997;0.515;43.0430;0.0312;0.0514;-0.0005;1.253;0.080;438.8211;0.3822;0.8684;0.0000;1351488.1559;2073232.1807;412790.0658;82.4727;958441.06;24490.420758367727
2010-10-01;48177;0.990;1698502.129;1.456;0.047;18.450;32.422;38.675;3577.817;1767400.070;0;0.000;-58430.812;6324.13;731.380;0.514;43.9520;0.0325;0.0549;-0.0097;1.319;0.079;468.5412;0.4211;0.8738;0.0000;1519926.3934;2330517.8899;464767.5128;11.5828;1063731.62;27432.612118836943
2010-11-01;48232;0.986;1720785.526;1.295;0.047;18.505;33.261;40.544;3597.962;1879972.889;0;0.000;-70984.533;6614.37;576.665;0.512;44.7517;0.0349;0.0581;-0.0046;1.386;0.079;494.0112;0.4657;0.8752;0.0000;1693124.2937;2590241.7510;518659.4790;24.3278;1166199.18;30527.670392541106
2010-12-01;48240;0.982;1750251.418;1.684;0.047;18.573;34.227;41.733;3616.553;2002566.180;0;0.000;-64641.059;6639.66;601.136;0.509;45.5841;0.0378;0.0561;-0.0037;1.457;0.079;519.0015;0.5107;0.8785;0.0000;1869686.1817;2853870.5664;573649.2453;66.1245;1270242.61;33708.77269910139
2011-01-01;48208;0.979;1770373.948;1.137;0.043;18.652;34.879;42.907;3646.645;2124131.982;0;0.000;-61278.124;6930.71;653.655;0.505;46.4037;0.0386;0.0587;-0.0027;1.528;0.081;554.0413;0.5491;0.8858;0.0000;2048352.3387;3122358.2723;631027.1938;16.8530;1375644.88;36745.39906246995
2011-02-01;48192;0.977;1795133.021;1.379;0.041;18.736;35.505;44.602;3673.369;2233805.962;0;0.000;-65167.440;7307.27;633.185;0.503;46.9326;0.0423;0.0627;-0.0024;1.600;0.082;588.6186;0.5976;0.8888;0.0000;2229815.0327;3395257.4037;689421.7973;8.2862;1478803.78;40157.37587460268
2011-03-01;48188;0.975;1815683.257;1.132;0.039;18.831;36.400;45.191;3703.101;2347837.096;0;0.000;-66050.616;7595.01;665.157;0.500;47.7112;0.0425;0.0580;-0.0024;1.674;0.084;631.8876;0.6537;0.8887;0.0000;2413533.0920;3670958.3792;748562.1739;28.4716;1583852.05;43482.37281600144
2011-04-01;48166;0.972;1845320.212;1.606;0.037;18.894;37.035;47.563;3726.722;2460203.869;0;0.000;-65000.598;7424.15;680.745;0.498;48.3125;0.0459;0.0512;-0.0025;1.750;0.085;671.8059;0.7080;0.8882;0.0000;2600364.0028;3951456.7828;808832.9758;18.1488;1684113.20;46891.7953480898
2011-05-01;48181;0.969;1865042.111;1.057;0.037;18.949;37.945;47.817;3747.059;2576299.380;0;0.000;-64878.884;7730.07;677.576;0.494;49.0545;0.0484;0.0569;-0.0029;1.827;0.086;711.4643;0.8082;0.8905;0.0000;2789413.5365;4234479.5362;869765.3295;106.1655;1789366.87;50296.95808761701
2011-06-01;48204;0.966;1888294.774;1.231;0.035;19.022;39.089;48.654;3770.597;2685844.492;0;0.000;-62623.439;7982.51;670.347;0.490;49.9768;0.0487;0.0594;-0.0032;1.903;0.088;752.6580;0.9111;0.8933;0.0000;2981215.9843;4522327.4260;931648.0788;211.6187;1893176.74;53748.05622417713
2011-07-01;48200;0.964;1915288.804;1.409;0.033;19.109;40.250;50.728;3796.114;2793732.006;0;0.000;-62148.745;8318.51;700.723;0.486;50.9909;0.0495;0.0609;-0.0024;1.981;0.094;791.5655;0.9111;0.8963;0.0000;3176331.2168;4815696.9793;994607.1733;371.8528;2000043.45;57165.27755848181
2011-08-01;48213;0.962;1934698.141;1.003;0.032;19.166;41.159;52.358;3814.517;2899355.833;0;0.000;-65343.711;7983.79;723.322;0.483;51.6345;0.0520;0.0528;-0.0020;2.058;0.098;830.8353;0.9115;0.8985;0.0000;3373533.2864;5110628.2535;1058362.8348;288.6787;2103979.00;60649.50604228553
2011-09-01;48225;0.961;1962524.059;1.418;0.031;19.231;42.064;53.920;3840.205;3003814.975;0;0.000;-61710.321;7681.41;706.385;0.480;52.3713;0.0543;0.0467;-0.0012;2.138;0.102;868.3385;0.9117;0.9006;0.0000;3573494.3582;5409961.7927;1123130.6224;119.2879;2205991.30;64324.418304380255
2011-10-01;48239;0.959;1980226.155;0.894;0.028;19.323;43.161;54.819;3868.000;3108404.254;0;0.000;-63098.857;7540.04;749.844;0.478;53.1097;0.0553;0.0454;-0.0017;2.218;0.107;911.2709;0.9117;0.9047;0.0000;3775523.2222;5712734.7781;1188557.0814;108.7454;2313028.16;68013.94918089734
2011-11-01;48203;0.958;2003395.914;1.157;0.026;19.401;43.885;56.415;3893.317;3207158.491;0;0.000;-65747.777;7562.61;721.140;0.476;53.9708;0.0588;0.0454;-0.0006;2.303;0.111;957.2900;0.9120;0.9060;0.0000;3980063.7114;6019982.7907;1254797.6533;83.6697;2424024.92;71737.40350788724
2011-12-01;48202;0.958;2028177.860;1.222;0.026;19.452;44.583;57.867;3916.002;3307201.105;0;0.000;-65211.959;7284.59;769.729;0.473;54.5579;0.0608;0.0437;-0.0007;2.386;0.116;999.5002;0.9122;0.9067;0.0000;4187156.2081;6330803.6043;1321966.3665;108.6681;2529935.22;75733.91896390902
2012-01-01;48194;0.956;2051337.510;1.129;0.030;19.416;45.426;59.798;3914.276;3413126.849;0;0.000;-65025.849;7184.94;822.773;0.471;55.3272;0.0613;0.0378;-0.0013;2.470;0.120;1047.0115;0.9136;0.9082;0.0000;4396959.0466;6648106.2754;1387421.5351;134.5319;2638108.61;79620.27690692448
2012-02-01;48135;0.956;2071090.408;0.954;0.028;19.452;46.439;59.740;3930.688;3515115.489;0;0.000;-50556.275;6728.39;788.193;0.469;56.0293;0.0650;0.0378;-0.0004;2.557;0.124;1092.2218;0.9137;0.9090;0.0000;4608791.3428;6966412.6859;1453496.6705;118.6446;2750048.29;83600.6075529668
2012-03-01;48134;0.956;2089057.947;0.860;0.026;19.548;47.404;61.194;3960.819;3609084.084;0;0.000;-49990.456;6289.38;794.436;0.467;56.9089;0.0660;0.0393;0.0004;2.641;0.129;1140.5448;0.9147;0.9107;0.0000;4822531.5688;7288463.9734;1520166.5622;195.8462;2861918.22;87588.64088288232
2012-04-01;48144;0.956;2123472.444;1.621;0.026;19.610;48.004;62.866;3980.526;3694425.368;0;0.000;-51679.557;6351.07;788.260;0.465;57.1676;0.0689;0.0383;-0.0002;2.727;0.133;1187.3534;0.9150;0.9115;0.0000;5039752.7487;7615642.4842;1588131.0053;20.0833;2966118.76;91653.3522010975
2012-05-01;48103;0.956;2141368.982;0.836;0.025;19.636;48.849;63.927;4000.640;3785973.508;0;0.000;-48543.753;6272.31;788.004;0.463;57.8829;0.0689;0.0412;0.0003;2.816;0.137;1222.1851;0.9157;0.9128;0.0000;5258790.4938;7944487.9801;1656625.9402;103.3851;3071656.44;95745.04941538654
2012-06-01;48117;0.957;2157951.332;0.768;0.023;19.703;49.749;65.202;4029.535;3878143.435;0;0.000;-47374.837;5830.27;814.516;0.461;58.4251;0.0725;0.0399;0.0002;2.901;0.141;1255.2738;0.9154;0.9145;0.0000;5479605.6567;8278793.9969;1725653.9753;149.1588;3179834.18;99889.73244796628
2012-07-01;48132;0.957;2186824.161;1.320;0.022;19.776;50.392;66.333;4052.920;3961823.089;0;0.000;-46374.696;5166.03;821.352;0.459;59.1200;0.0745;0.0394;0.0003;2.989;0.145;1289.4954;0.9154;0.9167;0.0000;5703340.4486;8616970.3589;1795623.7511;83.3207;3289629.81;104047.74208957206
2012-08-01;48137;0.957;2205112.288;0.829;0.020;19.851;51.070;67.076;4079.448;4046649.859;0;0.000;-47341.617;5325.07;809.849;0.458;59.7801;0.0756;0.0414;0.0004;3.080;0.149;1323.9575;0.9207;0.9173;0.0000;5929006.3014;8958380.9365;1866207.7117;85.6637;3400430.60;108271.64886355412
2012-09-01;48111;0.957;2231146.522;1.167;0.018;19.907;51.778;68.645;4109.841;4124744.380;0;0.000;-48785.564;4601.32;781.534;0.456;60.4263;0.0752;0.0398;-0.0001;3.168;0.153;1364.7007;0.9222;0.9184;0.0000;6157611.7556;9303089.8777;1937810.8096;27.9215;3511509.70;112682.64956963954
2012-10-01;48084;0.957;2253116.575;0.975;0.017;19.978;52.302;69.937;4138.322;4207169.903;0;0.000;-50692.082;4494.01;843.316;0.455;61.1793;0.0755;0.0410;0.0002;3.262;0.156;1410.6367;0.9222;0.9201;0.0000;6388455.2413;9651603.3417;2010079.1951;5.7794;3628566.75;117007.74265509749
2012-11-01;48067;0.957;2280538.234;1.202;0.014;20.058;53.053;70.963;4174.431;4290648.950;0;0.000;-49006.664;4410.08;847.896;0.454;61.6717;0.0768;0.0413;0.0001;3.356;0.160;1460.7015;0.9222;0.9221;0.0417;6621972.1803;10004979.6355;2083263.5497;21.3554;3742422.20;121397.82487593216
2012-12-01;48057;0.958;2300823.557;0.882;0.012;20.130;53.642;72.062;4209.635;4378803.928;0;0.000;-54384.779;4194.26;874.159;0.453;62.1770;0.0753;0.0393;0.0003;3.450;0.163;1509.7476;0.9236;0.9219;0.0417;6857734.5177;10364300.2748;2157190.6156;17.3180;3853291.79;125889.7434974531
2013-01-01;48013;0.957;2329188.656;1.218;0.008;20.221;54.294;73.484;4262.680;4465607.119;0;0.000;-55354.360;4049.15;868.878;0.451;63.0959;0.0779;0.0378;-0.0006;3.551;0.167;1565.1846;0.9242;0.9231;0.0417;7096518.6126;10727254.6657;2233221.7169;20.8098;3971072.75;130585.75727576358
2013-02-01;48000;0.957;2348782.558;0.834;0.005;20.318;54.917;74.886;4313.023;4557840.337;0;0.000;-64889.211;3937.68;895.523;0.450;63.5257;0.0752;0.0359;0.0001;3.649;0.170;1610.0076;0.9258;0.9234;0.0400;7337442.8544;11092593.8685;2309935.1383;20.9715;4086999.33;135375.61917838134
2013-03-01;48002;0.957;2370582.068;0.920;0.005;20.354;55.565;76.312;4339.069;4655806.178;0;0.000;-69266.436;3596.68;958.450;0.449;63.9439;0.0750;0.0317;-0.0002;3.746;0.174;1662.3721;0.9262;0.9249;0.0400;7580590.4916;11465492.8430;2387375.4663;16.6273;4203023.61;140151.51768895233
2013-04-01;48017;0.958;2388075.820;0.733;0.006;20.376;56.304;77.546;4357.140;4750771.042;0;0.000;-68371.891;3229.94;905.988;0.448;64.7854;0.0716;0.0320;0.0005;3.844;0.177;1718.3189;0.9271;0.9252;0.0400;7824879.9546;11834569.4253;2465431.7061;10.1435;4318034.36;144970.24300386087
2013-05-01;47986;0.958;2419958.508;1.317;0.005;20.426;56.920;78.260;4376.485;4842937.039;0;0.000;-63487.010;3298.09;899.165;0.446;65.0966;0.0737;0.0324;0.0002;3.946;0.181;1774.0375;0.9325;0.9255;0.0385;8073176.5254;12214388.0172;2544700.4480;47.2176;4426118.90;150063.29322242143
2013-06-01;47997;0.958;2441814.525;0.895;0.004;20.536;57.836;79.141;4393.258;4937426.243;0;0.000;-62066.881;2693.58;954.810;0.444;66.0411;0.0718;0.0348;-0.0002;4.047;0.184;1824.4041;0.9329;0.9277;0.0385;8323894.2917;12596566.4039;2624674.8419;59.8772;4541191.96;155313.67090851488
2013-07-01;47963;0.958;2470824.254;1.174;0.005;20.580;58.857;80.216;4402.473;5044284.367;0;0.000;-61428.741;2432.05;941.561;0.442;66.6563;0.0743;0.0321;0.0001;4.150;0.187;1861.9273;0.9341;0.9295;0.0385;8577659.5592;12984738.2301;2705712.7179;213.4830;4654918.46;160453.48331667547
2013-08-01;47977;0.958;2490293.052;0.782;0.004;20.679;59.524;81.158;4417.647;5143910.303;0;0.000;-58533.918;2154.87;960.325;0.440;67.5819;0.0716;0.0333;-0.0001;4.252;0.190;1918.3846;0.9360;0.9312;0.0370;8833681.9069;13374155.3745;2787429.9224;130.8198;4773290.78;165600.581008813
2013-09-01;47843;0.957;2517351.524;1.075;0.005;20.681;60.241;81.176;4411.245;5231431.783;0;0.000;-58658.077;2099.98;939.795;0.438;68.2692;0.0709;0.0340;-0.0001;4.367;0.192;1974.4444;0.9417;0.9330;0.0357;9092496.5485;13766435.9430;2870039.5804;84.0012;4893445.23;170817.25371777808
2013-10-01;47845;0.958;2534982.626;0.696;0.005;20.781;60.909;81.656;4423.384;5316590.702;0;0.000;-54151.402;1693.50;946.886;0.437;68.8573;0.0705;0.0342;0.0006;4.471;0.195;2038.2600;0.9434;0.9337;0.0345;9353188.2881;14166950.1759;2953318.2704;49.4545;5015768.13;175969.95494915068
2013-11-01;47844;0.958;2562301.702;1.066;0.005;20.872;61.449;82.307;4437.148;5390802.945;0;0.000;-53761.946;1689.56;934.358;0.435;69.6616;0.0672;0.0320;0.0001;4.578;0.198;2095.9168;0.9441;0.9347;0.0333;9616800.1651;14571208.9732;3037591.7127;46.8997;5137701.34;181265.43572031672
2013-12-01;47878;0.958;2595991.355;1.298;0.005;20.938;62.280;82.998;4450.743;5469923.221;0;0.000;-49993.311;1457.01;949.540;0.434;70.1275;0.0668;0.0320;-0.0003;4.680;0.201;2151.3578;0.9445;0.9372;0.0333;9884076.5787;14979759.3881;3123038.8394;40.6821;5262585.12;186671.18771695145
2014-01-01;47860;0.957;2624679.780;1.093;0.005;20.981;62.892;83.963;4450.612;5546642.239;0;0.000;-47902.088;1180.15;959.507;0.433;70.7358;0.0668;0.0327;-0.0007;4.790;0.203;2204.9255;0.9466;0.9377;0.0333;10154149.0530;15392235.8915;3209434.9475;106.9321;5384002.74;192067.95440049324
2014-02-01;47855;0.957;2640902.474;0.614;0.004;21.036;63.380;84.592;4451.134;5625285.019;0;0.000;-44875.650;1075.12;952.379;0.432;71.2425;0.0666;0.0327;0.0000;4.901;0.205;2268.7778;0.9472;0.9384;0.0323;10426042.1566;15810399.2612;3296429.3553;44.3258;5508789.73;197616.46758275188
2014-03-01;47860;0.958;2649269.199;0.316;0.003;21.123;63.870;84.539;4454.499;5700278.414;0;0.000;-47552.473;1021.14;969.101;0.430;71.8228;0.0663;0.0319;0.0003;5.009;0.208;2320.8812;0.9487;0.9392;0.0312;10698783.0067;16227756.9703;3383641.1246;23.5895;5633779.23;203148.12679219258
2014-04-01;47879;0.957;2683222.363;1.265;0.004;21.171;64.597;85.944;4450.780;5767649.813;0;0.000;-45014.461;988.86;992.012;0.429;72.0887;0.0647;0.0307;-0.0009;5.121;0.210;2381.5432;0.9486;0.9395;0.0312;10975208.8464;16655859.1239;3472189.5802;40.8242;5758650.02;208764.90432670395
2014-05-01;47882;0.957;2685535.844;0.086;0.005;21.238;65.390;86.117;4447.592;5843607.897;0;0.000;-45337.607;834.98;1007.645;0.428;72.8294;0.0617;0.0295;0.0006;5.230;0.213;2439.0702;0.9497;0.9402;0.0294;11252088.8722;17080326.8518;3560789.6912;125.3933;5881299.46;214385.33609540015
2014-06-01;47901;0.958;2705547.793;0.740;0.004;21.314;66.080;87.025;4449.069;5915490.862;0;0.000;-41470.318;812.14;1040.208;0.426;73.2582;0.0645;0.0293;0.0004;5.340;0.215;2490.4413;0.9549;0.9403;0.0294;11531084.5322;17505904.8370;3650155.0630;146.1371;6004652.61;219898.58738760158
2014-07-01;47910;0.957;2727659.499;0.811;0.004;21.385;67.133;87.426;4446.537;5997419.915;0;0.000;-40547.276;674.11;1052.706;0.424;74.0388;0.0623;0.0297;-0.0002;5.453;0.217;2548.9886;0.9554;0.9403;0.0278;11812679.4083;17938673.4578;3740428.5494;413.7545;6123993.84;225487.68580569825
2014-08-01;47934;0.957;2737145.409;0.347;0.004;21.454;67.949;88.128;4446.895;6071825.744;0;0.000;-43282.483;586.19;1030.837;0.422;74.6429;0.0642;0.0278;-0.0001;5.565;0.219;2613.8055;0.9579;0.9411;0.0278;12095146.6070;18372668.7110;3830881.8076;225.3597;6253890.61;231401.2775289633
2014-09-01;47969;0.957;2752223.089;0.548;0.004;21.524;68.407;88.703;4446.272;6132528.951;0;0.000;-43427.747;529.39;1078.760;0.421;75.2348;0.0606;0.0275;0.0001;5.678;0.221;2676.7237;0.9589;0.9423;0.0270;12379379.7034;18811900.0703;3921979.9018;91.8506;6381964.67;237259.47175726455
2014-10-01;47988;0.957;2768401.262;0.584;0.003;21.609;69.123;89.014;4443.448;6201438.864;0;0.000;-43749.573;333.97;1094.542;0.420;75.5332;0.0592;0.0287;-0.0007;5.788;0.223;2732.8876;0.9629;0.9422;0.0263;12665297.7156;19249595.3270;4013693.3987;315.1961;6500492.83;243237.45915444836
2014-11-01;48014;0.957;2776247.138;0.283;0.004;21.674;69.781;89.622;4441.419;6268338.178;0;0.000;-43927.735;277.37;1080.705;0.418;75.8897;0.0609;0.0282;-0.0000;5.901;0.225;2799.1219;0.9651;0.9441;0.0263;12951881.5131;19688172.8155;4105630.0923;147.2686;6624674.66;249175.2473240359
2014-12-01;48032;0.956;2794592.494;0.656;0.004;21.753;70.250;89.548;4438.482;6327797.216;0;0.000;-36937.995;108.15;1067.980;0.417;76.4997;0.0615;0.0277;-0.0004;6.015;0.227;2854.2173;0.9662;0.9456;0.0256;13240543.7576;20125669.3290;4198281.6904;101.4180;6751770.42;255272.85568101009
2015-01-01;48050;0.956;2811015.796;0.584;0.006;21.764;70.800;90.074;4439.902;6375806.770;0;0.000;-36100.498;67.57;1080.552;0.417;76.7068;0.0595;0.0269;-0.0008;6.129;0.228;2910.5006;0.9690;0.9463;0.0250;13530956.0403;20573437.2542;4291388.6811;25.0190;6878623.13;261422.37372608826
2015-02-01;48074;0.956;2824583.630;0.480;0.004;21.867;71.184;90.018;4472.327;6430638.133;0;0.000;-25305.251;10.63;1087.210;0.416;76.9903;0.0595;0.0281;-0.0000;6.240;0.230;2957.9417;0.9690;0.9468;0.0244;13822567.2613;21021812.6091;4384910.4858;40.8802;7004356.90;267543.90714030067
2015-03-01;48094;0.956;2853844.858;1.025;0.003;21.946;71.539;91.071;4478.325;6471688.520;0;0.000;-35551.835;49.08;1125.029;0.415;77.5243;0.0609;0.0286;0.0007;6.350;0.231;3027.5094;0.9703;0.9478;0.0238;14117359.0555;21471399.3128;4479501.0125;24.9211;7132151.53;273820.4066748975
2015-04-01;48110;0.955;2884087.610;1.049;0.003;22.030;71.995;92.000;4485.476;6531635.187;0;0.000;-29904.969;0.00;1122.593;0.414;77.6899;0.0589;0.0281;-0.0012;6.466;0.233;3098.3341;0.9728;0.9488;0.0250;14415638.0461;21926897.8284;4575276.4521;118.8411;7255714.38;280297.909940021
2015-05-01;48139;0.955;2888645.957;0.158;0.004;22.120;72.542;92.395;4494.510;6592566.480;0;0.000;-32323.595;0.00;1126.903;0.413;78.5325;0.0557;0.0271;0.0004;6.580;0.234;3170.5192;0.9740;0.9496;0.0250;14714303.1606;22377828.9773;4670994.2873;81.9813;7392639.72;286974.2867468074
2015-06-01;48161;0.953;2902445.309;0.475;0.003;22.257;73.142;92.823;4508.349;6647357.810;0;0.000;-37773.001;0.00;1122.555;0.412;78.3876;0.0580;0.0278;-0.0021;6.698;0.235;3231.2767;0.9751;0.9508;0.0244;15014324.9539;22839649.0606;4767159.0799;83.8874;7522391.74;293713.4293298083
2015-07-01;48184;0.953;2945635.611;1.466;0.003;22.351;73.715;92.850;4512.932;6706669.438;0;0.000;-29858.438;0.00;1140.381;0.411;79.0866;0.0576;0.0285;-0.0005;6.803;0.236;3295.4738;0.9764;0.9518;0.0238;15319508.3905;23306791.7110;4865147.4723;182.4571;7654703.55;300558.9013572823
2015-08-01;48200;0.953;2952901.025;0.246;0.003;22.445;74.542;93.221;4520.969;6781069.438;0;0.000;-32426.472;0.00;1138.044;0.409;79.4159;0.0601;0.0268;0.0000;6.923;0.237;3358.3940;0.9784;0.9523;0.0233;15625584.1762;23773425.5574;4963391.8470;512.4638;7781201.56;307814.8265777497
2015-09-01;48230;0.954;2973368.986;0.688;0.003;22.566;75.074;93.344;4529.952;6838930.736;0;0.000;-36232.782;0.00;1151.169;0.407;80.2905;0.0599;0.0259;0.0008;7.036;0.238;3424.2184;0.9787;0.9525;0.0000;15933641.3625;24239649.7525;5062334.6433;332.6153;7916741.13;315283.9938468705
2015-10-01;48247;0.953;2998084.394;0.824;0.003;22.693;75.621;94.114;4536.790;6879264.753;0;0.000;-33627.055;0.00;1161.234;0.407;80.6470;0.0579;0.0266;-0.0005;7.144;0.239;3491.1260;0.9790;0.9535;0.0000;16244315.0339;24711655.5998;5162183.8976;80.1782;8050125.79;322710.1829822614
2015-11-01;48212;0.954;3017502.864;0.644;0.003;22.778;75.925;94.592;4537.827;6905153.534;0;0.000;-35460.847;0.00;1141.918;0.406;81.1888;0.0571;0.0275;0.0004;7.274;0.240;3539.7653;0.9968;0.9531;0.0000;16556961.4317;25184840.9304;5262764.5279;19.7967;8181016.59;329799.22685474355
2015-12-01;48232;0.954;3044905.926;0.900;0.003;22.888;76.448;94.704;4547.194;6946754.894;0;0.000;-34123.839;0.00;1158.021;0.405;81.3406;0.0581;0.0269;-0.0000;7.396;0.241;3600.7133;1.0023;0.9525;0.0000;16873156.1578;25663895.9931;5364413.7804;156.8020;8314481.32;337090.86415753514
2016-01-01;48247;0.954;3060074.443;0.496;0.003;23.011;76.850;95.342;4553.205;6981329.778;0;0.000;-35152.070;0.00;1164.793;0.404;81.8836;0.0562;0.0286;0.0001;7.524;0.242;3661.5725;1.0063;0.9537;0.0000;17190648.9046;26149715.4328;5469280.2856;59.5040;8452335.68;344429.4371382613
2016-02-01;48256;0.954;3076113.021;0.521;0.003;23.134;77.176;95.719;4559.092;7010567.491;0;0.000;-37195.694;0.00;1156.592;0.404;82.0246;0.0564;0.0269;0.0000;7.652;0.242;3721.3426;1.0075;0.9547;0.0000;17509872.9088;26635037.8798;5574791.5839;53.5311;8585044.79;351790.9848679658
2016-03-01;48283;0.954;3104043.245;0.900;0.003;23.269;77.986;96.169;4568.065;7058233.969;0;0.000;-33204.495;0.00;1151.935;0.402;82.6540;0.0558;0.0290;0.0006;7.777;0.243;3772.2688;1.0098;0.9550;0.0000;17832609.5362;27119103.5234;5681455.3987;384.2649;8718830.66;359218.60982153134
2016-04-01;48279;0.955;3116926.108;0.413;0.003;23.391;78.566;96.581;4577.356;7100105.316;0;0.000;-39227.908;0.00;1168.180;0.401;83.1235;0.0574;0.0280;0.0003;7.905;0.244;3832.3505;1.0114;0.9555;0.0000;18156282.6875;27606685.2884;5788367.0667;244.7180;8856894.05;366811.1130556812
2016-05-01;48271;0.955;3146123.893;0.928;0.003;23.517;79.155;97.282;4584.168;7131332.028;0;0.000;-40285.533;0.00;1183.408;0.400;83.6792;0.0553;0.0266;0.0001;8.039;0.244;3889.7069;1.0142;0.9560;0.0000;18483249.5852;28105458.1822;5896430.1350;193.9121;8995553.87;374380.70089185913
2016-06-01;48302;0.955;3173326.128;0.857;0.003;23.648;79.852;97.891;4593.525;7191332.173;0;0.000;-38232.490;30.07;1176.589;0.398;84.0243;0.0583;0.0277;0.0004;8.166;0.244;3941.5021;1.0180;0.9556;0.0000;18813449.7446;28603936.2035;6005503.4457;756.0490;9133984.30;382503.3152833133
2016-07-01;48322;0.955;3191563.218;0.571;0.003;23.753;80.357;98.569;4596.319;7236251.074;0;0.000;-41887.959;55.50;1164.307;0.397;84.6315;0.0556;0.0294;0.0001;8.292;0.245;3995.1506;1.0213;0.9565;0.0000;19145298.9533;29107229.2780;6115233.5091;341.7127;9270905.04;391090.78936363116
2016-08-01;48311;0.955;3214052.448;0.700;0.003;23.878;81.005;98.839;4602.078;7281635.253;0;0.000;-39917.322;59.24;1171.751;0.396;85.5039;0.0572;0.0301;0.0001;8.421;0.246;4054.5029;1.0219;0.9594;0.0000;19479825.9087;29609411.9982;6225802.1719;469.8017;9412988.65;399880.3720846904
2016-09-01;48277;0.956;3245828.562;0.979;0.003;23.982;81.948;99.442;4602.844;7333818.889;0;0.000;-37072.339;146.46;1162.422;0.394;85.8661;0.0586;0.0279;0.0003;8.561;0.246;4115.3420;1.0259;0.9592;0.0000;19818095.0161;30119257.4205;6337656.5805;694.4078;9551836.82;408831.33985353424
2016-10-01;48213;0.956;3260513.124;0.450;0.003;24.067;82.621;99.257;4604.913;7376471.309;0;0.000;-41646.736;188.65;1156.492;0.393;86.5977;0.0578;0.0262;0.0001;8.704;0.247;4173.0364;1.0298;0.9588;0.0000;20158007.8284;30634451.2342;6450074.6305;553.3334;9690789.90;417305.21990131325
2016-11-01;48187;0.955;3279376.518;0.575;0.003;24.146;83.385;99.966;4604.933;7425430.539;0;0.000;-42516.102;193.79;1159.999;0.392;87.1179;0.0605;0.0246;-0.0004;8.845;0.247;4240.9773;1.0390;0.9586;0.0000;20499934.6365;31152722.1529;6563094.8165;772.0772;9832038.66;425974.39150122926
2016-12-01;48194;0.955;3303127.383;0.719;0.002;24.282;84.030;99.647;4615.770;7465099.639;0;0.000;-40699.442;183.91;1166.865;0.390;87.9193;0.0583;0.0248;0.0000;8.977;0.248;4319.2493;1.0404;0.9602;0.0000;20844504.0736;31667988.6956;6677036.8474;590.3207;9975844.90;434951.78375920025
2017-01-01;48219;0.956;3314877.642;0.354;0.003;24.400;84.686;100.652;4618.931;7504381.667;0;0.000;-45231.891;250.39;1143.535;0.389;87.9022;0.0605;0.0267;0.0009;9.111;0.249;4400.7261;1.0408;0.9619;0.0000;21190013.2988;32188480.8284;6791317.7657;443.6084;10118879.35;443886.20278973196
2017-02-01;48237;0.956;3349656.782;1.038;0.002;24.547;85.344;100.888;4629.423;7531230.834;0;0.000;-43693.337;304.79;1157.100;0.388;88.7469;0.0572;0.0245;-0.0005;9.246;0.249;4471.2116;1.0415;0.9628;0.0000;21539902.7598;32711706.6602;6907103.1238;572.7042;10265412.65;453093.0124511493
2017-03-01;48256;0.956;3358462.662;0.262;0.003;24.635;86.020;101.225;4631.891;7580283.538;0;0.000;-45963.514;368.49;1147.084;0.387;89.2061;0.0603;0.0248;0.0001;9.377;0.250;4539.4192;1.0419;0.9640;0.0000;21891376.3159;33243407.9044;7023078.7360;1516.7423;10409993.81;462079.6981647503
2017-04-01;48259;0.956;3392102.776;0.992;0.003;24.751;86.719;101.676;4638.022;7607726.643;0;0.000;-45274.397;286.50;1162.846;0.386;89.5675;0.0568;0.0236;-0.0002;9.515;0.250;4604.5017;1.0453;0.9636;0.0000;22245871.1903;33775927.6018;7140406.0383;865.8804;10548278.36;471009.3557696429
2017-05-01;48278;0.956;3409288.403;0.504;0.003;24.893;87.316;101.468;4645.680;7644906.488;0;0.000;-43448.940;362.06;1142.086;0.385;90.5457;0.0627;0.0226;0.0006;9.656;0.251;4664.8422;1.0507;0.9638;0.0000;22602297.1702;34314816.5131;7258209.4080;921.5080;10698314.42;480740.15776160185
2017-06-01;48308;0.956;3433620.769;0.709;0.003;25.031;88.139;102.642;4651.060;7690818.430;0;0.000;-47619.888;387.33;1130.093;0.384;90.7925;0.0599;0.0229;0.0003;9.781;0.251;4726.2821;1.0523;0.9634;0.0000;22962104.7808;34852115.4226;7376946.9378;1704.2820;10845937.05;490297.57414515474
2017-07-01;48322;0.956;3462235.711;0.826;0.003;25.154;88.663;103.162;4661.216;7725947.859;0;0.000;-47937.466;405.52;1159.755;0.383;91.2275;0.0611;0.0238;0.0001;9.927;0.252;4804.3624;1.0561;0.9643;0.0000;23324231.9905;35395016.5464;7496727.7278;762.2307;10995859.76;500138.7412141976
2017-08-01;48301;0.957;3487795.507;0.733;0.003;25.252;89.145;103.384;4662.451;7752042.429;0;0.000;-48596.271;390.94;1146.100;0.382;91.6641;0.0603;0.0233;0.0002;10.077;0.253;4892.2518;1.0604;0.9653;0.0000;23688827.8155;35953256.1344;7617332.9540;636.2685;11149940.20;509833.924428953
2017-09-01;48321;0.957;3510967.660;0.660;0.003;25.383;89.686;103.481;4670.623;7784674.252;0;0.000;-48798.690;475.34;1131.256;0.381;92.2462;0.0597;0.0226;0.0003;10.221;0.253;4970.7770;1.0629;0.9651;0.0000;24056569.2962;36502455.2692;7738884.3711;1058.4541;11305190.17;519685.62571886403
2017-10-01;48339;0.957;3532018.469;0.596;0.002;25.526;89.999;104.042;4680.895;7812067.706;0;0.000;-48417.986;511.75;1138.755;0.380;92.1908;0.0617;0.0230;0.0002;10.364;0.254;5050.7317;1.0634;0.9656;0.0000;24425440.2597;37057635.1928;7861097.6260;417.8584;11456165.27;529768.6829474969
2017-11-01;48336;0.957;3554401.348;0.630;0.003;25.614;90.422;104.648;4686.444;7835843.792;0;0.000;-51365.482;545.02;1158.344;0.380;92.8341;0.0605;0.0219;0.0001;10.518;0.254;5129.9262;1.0638;0.9665;0.0000;24797118.6518;37619922.1539;7984135.9637;608.4924;11610692.09;539677.6461316643
2017-12-01;48275;0.958;3574968.526;0.575;0.002;25.696;90.569;104.752;4683.157;7847141.327;0;0.000;-51241.468;575.95;1151.641;0.379;92.7889;0.0586;0.0211;0.0003;10.677;0.255;5211.9168;1.0678;0.9668;0.0000;25170799.1525;38196186.9567;8108012.8348;168.2677;11763102.47;549443.1009217355
2018-01-01;48286;0.958;3590511.593;0.433;0.003;25.779;91.009;104.983;4687.833;7870654.746;0;0.000;-53010.360;630.94;1166.309;0.378;92.9767;0.0608;0.0225;0.0002;10.827;0.256;5291.3210;1.0703;0.9670;0.0000;25546346.4682;38766222.1868;8232444.0525;546.1342;11912178.21;559031.6382071623
2018-02-01;48211;0.958;3616937.184;0.731;0.003;25.842;91.351;105.381;4681.626;7888644.612;0;0.000;-50646.202;737.13;1124.683;0.378;93.3496;0.0620;0.0211;0.0000;10.986;0.256;5364.0967;1.0813;0.9657;0.0000;25924702.3153;39332940.7778;8357757.2732;454.2473;12072986.50;569850.0405842756
2018-03-01;48161;0.958;3638909.235;0.604;0.003;25.921;91.755;105.721;4682.539;7911912.059;0;0.000;-50433.278;486.57;1176.907;0.377;93.4118;0.0615;0.0197;0.0002;11.155;0.257;5448.8930;1.0917;0.9648;0.0000;26305977.0479;39918820.6290;8484007.4254;1187.8921;12222066.90;580499.1576453125
2018-04-01;48192;0.958;3651679.480;0.350;0.002;26.050;92.063;105.676;4691.414;7928370.409;0;0.000;-49513.203;539.34;1170.591;0.377;94.0631;0.0611;0.0178;0.0002;11.301;0.257;5528.4498;1.0941;0.9660;0.0000;26688196.2817;40496719.3680;8610577.6778;525.5657;12383356.76;591349.7195118263
2018-05-01;48227;0.958;3675353.730;0.644;0.003;26.151;92.392;106.035;4698.693;7939530.634;0;0.000;-53216.658;545.96;1155.986;0.376;93.9888;0.0615;0.0181;-0.0001;11.441;0.258;5611.5611;1.0953;0.9674;0.0000;27072410.7852;41079174.8793;8737958.3307;235.0173;12543006.61;602158.0578754644
2018-06-01;48260;0.959;3698914.110;0.637;0.003;26.261;92.627;105.997;4701.510;7946633.177;0;0.000;-53825.150;635.25;1149.787;0.375;94.6054;0.0608;0.0190;0.0007;11.590;0.259;5694.7763;1.0983;0.9672;0.0000;27458724.5967;41663784.0442;8866278.0821;240.6825;12701411.62;613381.3500870811
2018-07-01;48285;0.959;3716906.076;0.484;0.002;26.387;92.983;106.638;4714.235;7959962.340;0;0.000;-53089.178;622.18;1147.954;0.375;94.6293;0.0621;0.0180;-0.0001;11.736;0.259;5781.6853;1.1003;0.9663;0.0000;27848076.0574;42263336.0754;8995313.4661;663.8236;12856993.93;624599.7610615059
2018-08-01;48274;0.959;3748672.437;0.847;0.003;26.489;93.531;107.282;4718.396;7986298.289;0;0.000;-56049.166;644.96;1164.196;0.374;95.2650;0.0627;0.0159;-0.0001;11.899;0.260;5869.2420;1.1220;0.9650;0.0000;28241864.7714;42864190.1022;9125529.2139;1947.9824;13010975.00;635983.6350462287
2018-09-01;48291;0.958;3766540.071;0.474;0.002;26.625;93.820;107.291;4726.594;8003731.701;0;0.000;-55840.772;716.21;1178.301;0.374;95.1892;0.0632;0.0182;-0.0002;12.053;0.260;5961.9631;1.1284;0.9659;0.0000;28636133.7992;43470608.9172;9256297.0670;325.0466;13173910.93;647308.6241773458
2018-10-01;48297;0.958;3781444.572;0.394;0.002;26.746;94.131;107.535;4731.193;8021620.879;0;0.000;-59880.817;886.23;1195.110;0.373;95.6080;0.0633;0.0164;0.0001;12.211;0.261;6048.0743;1.1286;0.9678;0.0000;29031902.8231;44080400.5306;9387554.3455;315.3969;13339969.81;658805.433010722
2018-11-01;48320;0.958;3822563.190;1.076;0.002;26.873;94.762;107.737;4740.288;8050721.121;0;0.000;-60130.004;758.67;1189.237;0.372;96.0670;0.0612;0.0154;-0.0003;12.370;0.261;6125.6075;1.1289;0.9680;0.0000;29434128.8321;44694036.9945;9520509.7036;2344.1602;13495952.73;670390.4622083042
2018-12-01;48340;0.957;3844146.764;0.561;0.003;26.986;95.201;108.602;4751.904;8077158.696;0;0.000;-61478.860;767.04;1152.541;0.371;96.3887;0.0642;0.0154;-0.0007;12.521;0.262;6222.7679;1.1411;0.9673;0.0000;29837429.5725;45299920.7970;9654101.3790;1131.2783;13663947.94;680324.5978686057
2019-01-01;48371;0.957;3863889.613;0.511;0.003;27.113;95.450;108.916;4759.687;8112699.232;0;0.000;-60498.789;869.12;1186.259;0.371;96.7361;0.0614;0.0154;-0.0003;12.675;0.263;6318.1205;1.1431;0.9671;0.0000;30242619.0466;45927549.6863;9788394.5750;1019.7351;13827366.74;690685.6646884533
2019-02-01;48353;0.958;3896797.041;0.844;0.003;27.192;95.620;109.301;4760.040;8125969.857;0;0.000;-61198.367;920.93;1151.090;0.370;96.9968;0.0637;0.0147;0.0004;12.837;0.263;6413.7006;1.1441;0.9678;0.0000;30650665.3338;46557153.3031;9923881.2144;194.9716;13991241.18;701074.0166378476
2019-03-01;48380;0.958;3921556.392;0.631;0.002;27.313;95.797;109.991;4770.715;8143796.878;0;0.000;-62507.407;790.91;1202.722;0.370;97.3702;0.0604;0.0140;-0.0000;12.978;0.264;6506.0492;1.1488;0.9679;0.0000;31061726.8921;47193131.7914;10060307.6399;398.7471;14154438.47;711133.8836925916
2019-04-01;48393;0.958;3943860.832;0.566;0.003;27.424;96.111;110.374;4777.611;8165728.381;0;0.000;-61722.360;867.39;1198.731;0.369;98.0546;0.0610;0.0138;0.0003;13.136;0.264;6597.6500;1.1580;0.9677;0.0000;31474934.3742;47828004.3056;10197408.6974;366.2407;14325286.81;721656.1921580172
2019-05-01;48431;0.959;3967366.828;0.592;0.002;27.544;96.581;110.462;4788.947;8200386.150;0;0.000;-60796.331;875.35;1153.115;0.369;98.0389;0.0634;0.0153;0.0007;13.293;0.265;6699.7203;1.1614;0.9682;0.0000;31891644.0086;48463593.9415;10335325.0735;1477.6567;14494049.13;732066.5133935648
2019-06-01;48453;0.959;3995981.182;0.716;0.002;27.656;96.979;110.423;4797.828;8241253.936;0;0.000;-62935.015;847.42;1174.556;0.368;98.2572;0.0643;0.0142;-0.0000;13.453;0.265;6791.8207;1.1635;0.9687;0.0000;32312464.6072;49115771.5717;10474392.8923;2483.4361;14660541.37;742622.1503065374
2019-07-01;48475;0.958;4024694.471;0.713;0.002;27.767;97.365;111.181;4804.278;8280736.306;0;0.000;-63083.022;897.45;1150.822;0.367;98.5361;0.0617;0.0126;-0.0003;13.606;0.266;6879.7750;1.1770;0.9687;0.0000;32735789.9655;49767591.3292;10614482.3468;1962.2683;14830872.85;754641.4837987113
2019-08-01;48496;0.959;4048465.489;0.587;0.003;27.892;97.886;111.717;4810.211;8311285.497;0;0.000;-64658.278;835.87;1152.451;0.367;99.1191;0.0612;0.0112;0.0007;13.785;0.266;6972.5757;1.1784;0.9694;0.0000;33161187.2358;50418745.5811;10755429.8899;1623.9811;14999184.90;766589.7101409251
2019-09-01;48512;0.959;4059184.196;0.264;0.002;28.024;98.363;111.847;4821.920;8343785.239;0;0.000;-65277.766;927.26;1188.045;0.366;99.6473;0.0622;0.0123;0.0000;13.947;0.267;7071.2829;1.1844;0.9701;0.0000;33587906.3418;51074191.3094;10896667.1973;1695.2258;15171091.12;778367.1338724159
2019-10-01;48538;0.959;4098906.791;0.969;0.002;28.143;98.880;112.402;4832.797;8366526.428;0;0.000;-68612.421;905.99;1191.883;0.365;100.0767;0.0620;0.0132;0.0002;14.111;0.267;7156.5033;1.1848;0.9706;0.0000;34019115.6360;51733834.0451;11039538.3897;1615.2929;15341939.84;790340.9201760069
2019-11-01;48551;0.960;4130225.117;0.758;0.003;28.263;99.066;113.483;4843.402;8388003.446;0;0.000;-65605.635;681.02;1172.488;0.365;100.2872;0.0622;0.0125;0.0005;14.276;0.268;7248.5929;1.1940;0.9706;0.0000;34452876.0277;52397530.9012;11183569.8673;459.6707;15515114.14;802375.2326312364
2019-12-01;48572;0.960;4143566.930;0.322;0.003;28.389;99.212;113.363;4850.860;8407353.716;0;0.000;-67223.449;629.74;1131.988;0.364;100.6172;0.0609;0.0139;0.0008;14.446;0.268;7343.8492;1.1985;0.9706;0.0000;34886987.6666;53066844.7491;11327805.7894;348.9768;15681779.33;815667.5578555416
2020-01-01;48584;0.960;4194570.046;1.216;0.002;28.431;99.531;113.503;4851.727;8432408.368;0;0.000;-63006.841;507.98;1138.889;0.364;100.7442;0.0617;0.0120;-0.0004;14.619;0.269;7415.3613;1.2050;0.9709;0.0000;35327162.5661;53738746.0338;11473924.0125;522.1701;15861801.95;828952.5922940006
2020-02-01;48583;0.960;4197233.278;0.063;0.003;28.470;99.763;113.259;4851.502;8454637.441;0;0.000;-67254.891;380.21;1135.094;0.363;101.2233;0.0594;0.0139;-0.0001;14.802;0.270;7523.5263;1.2087;0.9711;0.0000;35766995.8183;54412962.7830;11620028.7854;116.7451;16039253.37;841967.5582051718
2020-03-01;48596;0.960;4205418.694;0.195;0.003;28.522;100.245;113.222;4849.793;8486163.309;0;0.000;-65323.193;364.69;1073.179;0.363;101.2820;0.0608;0.0111;0.0002;14.975;0.270;7629.5385;1.2122;0.9712;0.0000;36208981.2458;55093944.6194;11766399.2378;1617.2634;16214828.21;855000.8592523786
2020-04-01;48622;0.959;4230295.261;0.588;0.003;28.575;100.837;113.062;4849.050;8511399.483;0;0.000;-61100.755;241.21;1152.538;0.362;101.7227;0.0619;0.0107;-0.0006;15.145;0.271;7732.7398;1.2143;0.9714;0.0000;36653895.5948;55781233.4813;11913629.3537;2092.8812;16393963.95;867943.365762642
2020-05-01;48580;0.959;4238600.414;0.196;0.002;28.608;101.305;113.338;4846.498;8546614.676;0;0.000;-63153.196;189.21;1107.726;0.361;102.1092;0.0633;0.0111;-0.0004;15.324;0.271;7831.8055;1.2308;0.9701;0.0000;37100771.7998;56475545.5015;12061095.3414;3277.6085;16576849.65;879607.7318807816
2020-06-01;48569;0.959;4252234.566;0.321;0.003;28.624;101.585;112.957;4840.736;8565567.112;0;0.000;-64515.326;78.48;1126.295;0.361;102.5442;0.0621;0.0136;-0.0003;15.513;0.272;7948.3058;1.2448;0.9701;0.0000;37546534.3085;57159999.1173;12209007.7268;434.4059;16759793.68;891264.9136230159
2020-07-01;48540;0.959;4260202.715;0.187;0.003;28.642;101.772;113.112;4834.193;8583507.797;0;0.000;-63178.033;0.00;1095.149;0.360;102.1926;0.0641;0.0106;-0.0002;15.702;0.272;8066.7161;1.2549;0.9710;0.0000;37993145.9023;57864289.7945;12357249.6880;480.1608;16941986.87;902962.4914499861
2020-08-01;48561;0.957;4267301.887;0.166;0.003;28.697;101.993;112.717;4835.495;8597070.726;0;0.000;-60852.899;0.00;1034.826;0.360;102.3266;0.0624;0.0115;-0.0012;15.873;0.273;8205.3983;1.2638;0.9702;0.0000;38440167.4486;58555207.0514;12505700.0598;387.2432;17123379.01;915832.098941493
2020-09-01;48539;0.957;4266992.057;-0.007;0.002;28.714;102.239;112.267;4831.198;8606863.386;0;0.000;-64635.500;0.00;1037.061;0.360;102.1549;0.0622;0.0133;0.0001;16.045;0.273;8323.7387;1.2670;0.9698;0.0000;38887318.9553;59248926.3564;12653895.7912;466.1087;17322541.91;928880.2496640233
2020-10-01;48567;0.957;4287338.339;0.475;0.002;28.767;102.385;112.860;4827.966;8603703.270;0;0.000;-61723.161;0.00;1005.769;0.359;102.1823;0.0640;0.0099;-0.0004;16.221;0.273;8422.7905;1.2753;0.9704;0.0000;39336226.4448;59955246.6701;12802806.3261;326.1442;17519028.10;942116.4697410935
2020-11-01;48597;0.957;4292359.718;0.117;0.002;28.822;102.569;113.033;4828.321;8609735.849;0;0.000;-63381.109;0.00;1018.358;0.359;102.0536;0.0645;0.0122;0.0002;16.390;0.274;8533.4365;1.2841;0.9703;0.0000;39785977.5358;60653196.8605;12951855.4501;508.6288;17721473.06;955403.2380145615
2020-12-01;48606;0.957;4308298.375;0.370;0.003;28.867;102.864;112.777;4826.680;8618868.602;0;0.000;-63272.767;0.00;1001.250;0.359;102.3582;0.0640;0.0108;0.0002;16.564;0.274;8632.3328;1.2978;0.9698;0.0000;40237551.0909;61360713.3393;13101466.3128;770.7401;17920441.30;968628.1516348526
2021-01-01;48630;0.961;4316918.832;0.200;0.076;27.337;103.039;113.110;4482.784;8610995.926;0;0.000;-61408.212;0.00;997.813;0.359;102.3557;0.0637;0.0126;0.0034;16.738;0.275;8736.8465;1.3029;0.9703;0.0000;40689398.4377;62064647.0282;13251399.1225;419.1387;18117358.98;981956.2755689473
2021-02-01;48656;0.963;4351602.113;0.797;0.080;27.271;103.166;96.195;4475.501;8620352.415;0;0.000;348152.665;0.00;843.251;0.358;102.8471;0.0645;0.0123;0.0021;16.904;0.275;8847.5554;1.3196;0.9690;0.0000;41144058.5584;62772337.0570;13402086.5049;625.8373;18315086.60;993949.1870103255
2021-03-01;48679;0.963;4389361.136;0.860;0.077;27.356;103.105;95.591;4497.491;8525259.725;0;0.000;371003.291;0.00;868.004;0.358;102.4441;0.0828;0.0119;0.0007;17.084;0.275;8951.7581;1.3340;0.9684;0.0000;41602685.4956;63492346.2943;13553865.3792;867.2466;18519364.45;1004933.577159829
2021-04-01;48676;0.964;4423890.711;0.781;0.072;27.460;103.171;96.770;4531.862;8451819.357;0;0.000;359295.159;0.00;869.272;0.358;102.4579;0.0834;0.0125;0.0007;17.259;0.276;9048.5458;1.3490;0.9673;0.0000;42064963.6985;64223478.2824;13706740.7520;1150.4580;18718274.78;1016438.5065194736
2021-05-01;48694;0.965;4458607.229;0.779;0.067;27.592;103.140;97.910;4569.149;8378358.768;0;0.000;332279.502;0.00;838.205;0.358;103.1125;0.0825;0.0114;0.0006;17.447;0.277;9147.1140;1.3533;0.9675;0.0000;42530905.1749;64960339.7112;13860818.3902;1176.4467;18918863.22;1027412.9765719606
2021-06-01;48689;0.966;4483929.019;0.565;0.061;27.732;103.242;99.114;4610.399;8307171.924;0;0.000;306156.611;0.00;857.077;0.358;103.0768;0.0819;0.0125;0.0009;17.616;0.277;9235.6312;1.3653;0.9671;0.0000;42998057.9642;65723160.5969;14015735.6157;895.1543;19114370.77;1038489.4847204809
2021-07-01;48673;0.966;4536634.429;1.162;0.055;27.872;103.285;100.435;4652.804;8255859.626;0;0.000;278182.977;0.00;872.481;0.357;103.5101;0.0822;0.0118;0.0001;17.817;0.278;9331.4614;1.3829;0.9663;0.0000;43471746.3010;66477973.5863;14172425.8192;1008.4964;19318688.68;1049918.3547746227
2021-08-01;48579;0.966;4562563.118;0.568;0.050;27.956;103.363;102.328;4682.224;8208533.782;0;0.000;246726.413;11.62;889.754;0.357;104.0609;0.0808;0.0136;0.0003;18.023;0.279;9419.3050;1.3951;0.9654;0.0000;43948044.7937;67245646.9870;14330097.7651;946.5168;19515722.93;1061479.4746574354
2021-09-01;48562;0.966;4581130.422;0.405;0.045;28.076;103.408;103.486;4716.156;8170806.401;0;0.000;218028.563;0.00;912.993;0.357;104.6070;0.0793;0.0129;-0.0002;18.217;0.279;9543.4959;1.4268;0.9650;0.0000;44426460.5082;68021338.3540;14488292.9197;1064.8135;19726517.92;1073654.978613624
2021-10-01;48559;0.966;4603025.456;0.476;0.040;28.210;103.482;104.917;4753.410;8149262.682;0;0.000;189137.249;34.05;913.836;0.357;104.3948;0.0768;0.0140;0.0008;18.423;0.280;9651.8720;1.4383;0.9648;0.0000;44906743.9792;68800786.4316;14647266.0756;835.7268;19928848.86;1086010.7906701327
2021-11-01;48588;0.967;4641060.134;0.820;0.034;28.368;103.568;106.786;4796.621;8135480.208;0;0.000;161688.330;97.08;1000.926;0.356;104.7314;0.0759;0.0127;0.0002;18.608;0.281;9771.5919;1.4448;0.9649;0.0000;45391532.8145;69576278.3341;14807842.2382;945.5860;20120932.57;1097746.485729698
2021-12-01;48562;0.968;4659944.309;0.405;0.027;28.501;103.730;108.020;4837.920;8142695.017;0;0.000;127707.017;146.97;935.394;0.356;105.1571;0.0764;0.0145;0.0011;18.803;0.281;9884.4011;1.4471;0.9649;0.0000;45877922.9192;70356159.8285;14968825.1638;1032.9503;20324948.31;1110025.6065857066
2022-01-01;48525;0.968;4695680.226;0.761;0.022;28.643;103.729;110.042;4874.232;8155023.340;0;0.000;92281.171;140.91;1011.348;0.356;105.6426;0.0733;0.0118;0.0008;19.020;0.282;10017.4101;1.4853;0.9638;0.0000;46368774.7924;71130228.2001;15131285.1419;1280.3468;20532829.37;1122309.9200098668
2022-02-01;48557;0.969;4707089.237;0.242;0.014;28.827;103.849;111.665;4917.171;8173239.514;0;0.000;59369.203;193.13;1011.852;0.355;105.4363;0.0719;0.0135;0.0002;19.211;0.283;10106.0654;1.4895;0.9639;0.0000;46859885.1918;71937950.2931;15294137.0505;1019.7198;20719176.32;1135185.6953151748
2022-03-01;48575;0.969;4721070.502;0.296;0.007;29.002;103.989;114.038;4966.273;8195650.249;0;0.000;16022.448;265.08;1052.734;0.355;106.2608;0.0675;0.0109;0.0004;19.406;0.283;10210.6852;1.4985;0.9643;0.0000;47352562.6820;72731926.7585;15457502.4408;638.3037;20922629.26;1148201.4729969378
2022-04-01;48568;0.969;4761095.528;0.841;0.000;29.143;104.123;115.818;5019.375;8227533.980;0;0.000;-19281.534;232.73;1095.959;0.355;106.4999;0.0666;0.0119;-0.0003;19.612;0.284;10297.4024;1.5205;0.9631;0.0000;47850463.7648;73512221.7872;15622769.9108;746.0278;21116549.43;1161765.5951728155
2022-05-01;48582;0.969;4747568.610;-0.285;0.000;29.224;104.265;117.277;5030.039;8274455.251;0;0.000;-63757.263;337.57;1108.169;0.354;106.7982;0.0655;0.0097;0.0007;19.809;0.284;10397.7825;1.5279;0.9637;0.0000;48346345.3295;74295440.4114;15787096.0641;757.3689;21321653.18;1175169.7883357517
2022-06-01;48611;0.969;4786200.599;0.807;0.000;29.278;104.524;117.614;5035.921;8318314.461;0;0.000;-63750.156;288.93;1149.095;0.354;107.2992;0.0609;0.0115;-0.0002;20.006;0.285;10515.4039;1.5345;0.9644;0.0000;48846343.9596;75097332.2340;15952970.4503;617.3232;21529544.49;1188742.780343112
2022-07-01;48641;0.969;4791638.596;0.113;0.000;29.338;104.836;118.225;5042.986;8380975.577;0;0.000;-64687.351;295.96;1160.101;0.353;107.2252;0.0635;0.0102;-0.0001;20.191;0.286;10607.2164;1.5412;0.9649;0.0000;49347450.2104;75880882.6152;16119108.5372;836.1064;21737163.57;1202193.5564175989
2022-08-01;48576;0.969;4824275.250;0.677;0.000;29.371;105.107;118.867;5043.910;8426641.630;0;0.000;-63501.780;344.69;1153.169;0.353;107.4745;0.0619;0.0110;-0.0002;20.425;0.286;10732.1715;1.5488;0.9660;0.0000;49852352.7221;76686480.8766;16286446.7336;861.6434;21950304.07;1215785.470919811
2022-09-01;48566;0.970;4825998.466;0.036;0.000;29.405;105.330;119.229;5044.499;8466293.570;0;0.000;-65727.665;409.51;1178.808;0.353;107.4699;0.0604;0.0115;0.0008;20.642;0.287;10871.2267;1.5589;0.9656;0.0000;50356483.7461;77486937.5321;16453761.6687;672.9649;22149794.35;1229376.946136863
2022-10-01;48599;0.970;4848248.147;0.459;0.000;29.482;105.515;118.898;5050.424;8509751.890;0;0.000;-67099.467;357.87;1166.937;0.352;107.7353;0.0618;0.0106;-0.0001;20.833;0.287;11013.2290;1.5623;0.9657;0.0000;50863420.3358;78299712.6357;16622025.0552;763.0387;22352010.83;1243005.655576008
2022-11-01;48625;0.969;4881919.210;0.690;0.000;29.560;105.848;119.881;5059.307;8543656.146;0;0.000;-67162.358;351.07;1220.432;0.352;108.0840;0.0594;0.0117;-0.0002;21.017;0.288;11147.5938;1.5736;0.9666;0.0000;51373939.4063;79110925.8085;16791641.4837;682.7810;22553868.96;1258250.3104222927
2022-12-01;48584;0.969;4875685.293;-0.128;0.000;29.583;106.023;119.841;5059.655;8588286.073;0;0.000;-67546.232;340.18;1188.608;0.351;108.0136;0.0642;0.0112;-0.0001;21.241;0.288;11290.5136;1.5987;0.9668;0.0000;51883438.0938;79935386.0055;16960782.4725;808.7021;22755285.35;1273023.404416772
2023-01-01;48574;0.970;4910965.347;0.718;0.000;29.633;106.200;120.525;5060.089;8611156.413;0;0.000;-69194.194;412.88;1188.731;0.351;108.4572;0.0588;0.0118;0.0004;21.453;0.289;11423.9262;1.6554;0.9660;0.0000;52397316.2114;80749819.5415;17131566.6900;702.1296;22951706.18;1288692.6928935018
2023-02-01;48587;0.969;4936094.706;0.509;0.000;29.707;106.466;120.753;5067.434;8645552.364;0;0.000;-65920.701;457.66;1189.326;0.351;108.7568;0.0598;0.0110;-0.0004;21.638;0.289;11548.4328;1.6628;0.9658;0.0000;52913909.4587;81575407.1819;17303181.4002;666.7447;23159183.16;1304396.2925235815
2023-03-01;48520;0.969;4924354.647;-0.238;0.000;29.743;106.719;120.445;5067.713;8680849.210;0;0.000;-71840.678;376.57;1188.794;0.351;108.3302;0.0622;0.0098;0.0001;21.879;0.290;11678.9441;1.6941;0.9646;0.0000;53428699.6980;82411235.5644;17474271.8634;710.5403;23356752.86;1319971.1991909575
2023-04-01;48445;0.970;4950799.469;0.534;0.000;29.753;106.883;121.105;5065.205;8717578.367;0;0.000;-70771.895;405.72;1210.679;0.350;108.7217;0.0633;0.0103;0.0001;22.118;0.290;11824.5401;1.7281;0.9629;0.0000;53946360.0520;83246586.0000;17646251.4031;857.7047;23564229.75;1335692.2013954807
2023-05-01;48456;0.969;4998799.146;0.960;0.000;29.830;107.123;121.394;5073.016;8751390.206;0;0.000;-67981.709;429.81;1239.873;0.350;109.1216;0.0633;0.0116;-0.0004;22.335;0.290;11959.2207;1.7359;0.9629;0.0000;54469691.1121;84079419.7210;17820442.2936;574.1674;23766618.80;1351526.7474236144
2023-06-01;48434;0.969;4988948.895;-0.197;0.000;29.889;107.376;121.432;5077.220;8796561.854;0;0.000;-68597.185;492.67;1283.837;0.349;108.8538;0.0606;0.0107;-0.0003;22.535;0.291;12062.9337;1.7561;0.9634;0.0000;54991392.8239;84912946.3487;17994017.6832;759.4574;23963607.67;1367599.1952798236
2023-07-01;48413;0.969;5006343.315;0.347;0.000;29.943;107.560;121.984;5078.554;8831645.577;0;0.000;-68002.487;634.44;1286.095;0.349;108.9473;0.0650;0.0087;0.0006;22.752;0.291;12166.5276;1.7700;0.9641;0.0000;55515294.2855;85748578.7056;18168205.6572;659.4294;24169253.63;1383751.5635772913
2023-08-01;48442;0.970;5020961.561;0.291;0.000;30.002;107.773;122.340;5084.359;8861454.329;0;0.000;-72355.824;607.35;1311.627;0.348;109.5451;0.0620;0.0124;0.0003;22.958;0.292;12283.0108;1.7776;0.9637;0.0000;56041041.7282;86593938.2049;18343012.6701;795.9879;24377372.09;1402006.719649055
2023-09-01;48469;0.970;5053066.906;0.635;0.000;30.078;108.031;122.550;5092.003;8901174.025;0;0.000;-73350.728;556.33;1279.628;0.348;109.5323;0.0605;0.0106;0.0005;23.158;0.292;12368.6598;1.7911;0.9633;0.0000;56570603.5267;87440320.3138;18519192.6062;826.5952;24585876.52;1420347.4626589133
2023-10-01;48433;0.971;5061865.426;0.174;0.000;30.118;108.205;122.678;5091.887;8930651.710;0;0.000;-72801.139;565.97;1246.401;0.348;110.0020;0.0620;0.0110;0.0003;23.383;0.292;12431.8726;1.8293;0.9617;0.0000;57101127.2807;88309921.1042;18695422.2382;983.0783;24803175.60;1438816.7714300686
2023-11-01;48457;0.970;5075579.121;0.270;0.000;30.193;108.410;122.824;5100.080;8963601.548;0;0.000;-73915.109;616.87;1311.856;0.348;109.7428;0.0639;0.0113;-0.0001;23.573;0.293;12517.1258;1.8325;0.9621;0.0000;57631516.7638;89166742.2440;18872173.3038;876.8688;25013108.28;1457219.832572416
2023-12-01;48493;0.971;5098478.366;0.449;0.001;30.216;108.648;123.390;5100.358;8988012.788;0;0.000;-75715.162;560.40;1273.583;0.347;109.6750;0.0639;0.0123;0.0002;23.776;0.293;12634.3569;1.8396;0.9626;0.0000;58165126.9611;90025182.5385;19049861.1119;336.8007;25217782.85;1475945.114162363
2024-01-01;48461;0.971;5119229.778;0.405;0.000;30.276;108.776;123.948;5109.358;9022224.662;0;0.000;-65827.805;383.10;1277.485;0.347;109.9135;0.0607;0.0106;0.0003;23.998;0.294;12749.1333;1.8550;0.9622;0.0000;58701399.7118;90871161.5259;19228371.9586;969.9824;25421972.34;1494343.1558895656
2024-02-01;48459;0.971;5126799.659;0.148;0.000;30.326;109.035;123.090;5112.634;9056555.453;0;0.000;-72004.421;689.05;1284.467;0.346;110.2120;0.0645;0.0104;0.0002;24.212;0.294;12873.9789;1.8580;0.9627;0.0000;59238244.4848;91756084.4898;19406888.4967;632.0590;25638245.25;1512858.851516958
2024-03-01;48495;0.970;5158527.025;0.615;0.000;30.381;109.377;124.551;5118.770;9093299.489;0;0.000;-74349.256;509.98;1290.897;0.346;110.4635;0.0640;0.0119;-0.0007;24.410;0.295;12997.0973;1.8604;0.9638;0.0000;59779078.9121;92629507.4651;19586831.9336;968.7802;25844279.20;1531815.242207889
2024-04-01;48460;0.972;5163567.854;0.098;0.000;30.427;109.517;124.521;5120.062;9133330.679;0;0.000;-72898.369;649.12;1317.555;0.346;110.4520;0.0637;0.0129;0.0012;24.647;0.296;13192.3468;1.9378;0.9615;0.0000;60319518.9179;93500810.2263;19766707.9501;1436.4906;26066142.72;1549656.236011742
2024-05-01;48487;0.972;5179953.107;0.316;0.000;30.496;109.723;125.113;5127.938;9160729.042;0;0.000;-74053.252;632.45;1269.992;0.346;110.9440;0.0627;0.0110;0.0001;24.848;0.296;13310.9408;1.9430;0.9622;0.0000;60862666.8962;94374264.0579;19947207.2874;967.8014;26288933.30;1567638.0738747802
2024-06-01;48503;0.972;5198202.376;0.351;0.000;30.555;109.952;125.152;5134.768;9188379.327;0;0.000;-72841.677;624.51;1295.376;0.345;111.1677;0.0628;0.0118;0.0003;25.070;0.296;13379.5096;1.9584;0.9622;0.0000;61406257.2918;95231540.5645;20128390.0967;865.4012;26511283.49;1585731.1710963028
2024-07-01;48514;0.972;5216560.402;0.352;0.000;30.630;110.234;124.960;5142.805;9216781.038;0;0.000;-74719.567;609.15;1330.877;0.345;110.7568;0.0662;0.0111;0.0001;25.283;0.297;13440.1946;1.9670;0.9629;0.0000;61952849.8742;96113307.0953;20310301.1143;834.3081;26727590.50;1603777.101709098
2024-08-01;48544;0.973;5229793.614;0.253;0.000;30.700;110.422;125.567;5148.513;9248526.708;0;0.000;-77182.742;635.69;1346.328;0.344;111.5629;0.0628;0.0107;0.0005;25.489;0.297;13533.2388;1.9785;0.9627;0.0000;62500690.7950;96996238.8338;20492762.9443;753.1464;26937810.76;1621744.2143436656
2024-09-01;48569;0.972;5253390.621;0.449;0.000;30.745;110.541;125.719;5153.484;9276302.791;0;0.000;-77753.975;625.23;1341.958;0.344;111.6198;0.0628;0.0105;-0.0004;25.708;0.298;13639.1275;1.9853;0.9634;0.0000;63051604.7220;97895743.8953;20676129.0707;799.0800;27151628.01;1639671.9320587935
2024-10-01;48583;0.973;5252356.655;-0.020;0.000;30.792;110.836;125.655;5159.820;9305701.736;0;0.000;-76852.724;645.25;1297.281;0.344;111.9472;0.0640;0.0107;0.0006;25.916;0.298;13752.8219;1.9933;0.9630;0.0000;63602058.6620;98780691.5098;20859110.6589;959.7428;27379297.13;1656608.4611324826
2024-11-01;48536;0.973;5296019.201;0.824;0.000;30.826;110.980;126.551;5160.104;9330956.339;0;0.000;-75892.067;519.28;1298.439;0.343;111.8827;0.0620;0.0124;0.0001;26.175;0.299;13874.6660;1.9964;0.9632;0.0000;64157553.4697;99686353.3128;21043973.0871;979.6480;27591394.57;1673626.5102566648
2024-12-01;48552;0.973;5287197.339;-0.167;0.000;30.849;111.219;126.273;5166.014;9358241.106;0;0.000;-78007.516;434.93;1327.554;0.343;112.2443;0.0634;0.0107;-0.0000;26.396;0.299;14022.1128;1.9991;0.9641;0.0000;64711349.9866;100588112.4387;21228244.5269;637.6053;27813199.22;1690493.2173475889
2025-01-01;48573;0.973;5314572.177;0.515;0.000;30.923;111.416;127.367;5174.386;9373636.024;0;0.000;-78065.147;540.70;1347.502;0.343;112.8004;0.0622;0.0109;-0.0001;26.611;0.300;14147.1077;2.0066;0.9639;0.0000;65268735.1896;101502585.4190;21413733.4561;701.8151;28035893.70;1707427.4145225892
2025-02-01;48606;0.971;5338851.339;0.455;0.000;30.982;111.628;127.710;5183.133;9408722.803;0;0.000;-72770.813;416.98;1333.519;0.343;112.3753;0.0648;0.0102;-0.0019;26.832;0.300;14274.9919;2.0174;0.9631;0.0000;65828278.6802;102424032.8512;21600126.8911;1011.0264;28248431.64;1724443.5125773149
2025-03-01;48603;0.971;5347180.457;0.156;0.000;31.029;111.786;127.748;5191.911;9436539.636;0;0.000;-78247.146;784.78;1364.816;0.342;112.7450;0.0620;0.0106;0.0008;27.068;0.300;14400.9389;2.0459;0.9627;0.0000;66389110.3913;103340857.4942;21786766.8240;892.9294;28470847.12;1741432.9616470044
2025-04-01;48623;0.971;5370593.574;0.436;0.000;31.099;112.027;128.760;5198.810;9453360.741;0;0.000;-79293.040;854.10;1390.383;0.342;113.4004;0.0643;0.0094;-0.0001;27.289;0.300;14546.4248;2.0510;0.9628;0.0000;66952343.6824;104256069.3425;21974319.7720;550.0645;28696718.22;1758875.9831057927
2025-05-01;48592;0.971;5381010.324;0.194;0.000;31.128;112.193;128.894;5198.970;9476962.845;0;0.000;-81617.679;809.25;1384.854;0.342;113.4654;0.0631;0.0108;-0.0004;27.534;0.301;14686.3623;2.0868;0.9618;0.0000;67515790.9798;105159693.7059;22162359.3906;677.5023;28926143.98;1776328.232389961
2025-06-01;48610;0.972;5394131.791;0.243;0.000;31.194;112.380;129.177;5204.634;9520080.231;0;0.000;-82954.253;657.25;1385.438;0.342;113.0419;0.0669;0.0098;0.0010;27.758;0.301;14858.5798;2.1022;0.9614;0.0000;68082212.3394;106082791.9616;22350773.6730;1029.5753;29155415.24;1793732.6629735883
2025-07-01;48639;0.972;5431318.455;0.685;0.000;31.266;112.566;130.031;5212.023;9542960.140;0;0.000;-82074.676;750.49;1383.071;0.341;113.4812;0.0642;0.0108;0.0006;27.975;0.301;14998.8616;2.1089;0.9612;0.0000;68651967.5418;106998732.4271;22540762.7201;502.7459;29376001.27;1811680.1052490647
2025-08-01;48639;0.972;5434693.501;0.062;0.000;31.334;112.766;129.850;5216.850;9573044.224;0;0.000;-83099.509;683.23;1417.000;0.341;113.6398;0.0642;0.0097;-0.0001;28.203;0.302;15141.8347;2.1256;0.9615;0.0000;69222472.0661;107952354.9153;22730801.1949;579.5633;29599503.68;1829431.5212741096
2025-09-01;48651;0.972;5446822.485;0.223;0.000;31.387;113.091;130.615;5223.474;9598599.072;0;0.000;-83697.766;627.82;1404.792;0.341;113.7959;0.0637;0.0114;0.0000;28.417;0.302;15311.3828;2.1425;0.9609;0.0000;69794039.8769;108894048.3218;22921326.8370;564.1557;29819528.94;1846146.4508747119
2025-10-01;48617;0.972;5474722.583;0.510;0.000;31.428;113.252;130.740;5227.572;9627835.966;0;0.000;-81212.131;743.46;1399.813;0.340;113.9739;0.0664;0.0125;-0.0000;28.682;0.303;15465.5467;2.1569;0.9613;0.0000;70368727.2987;109839583.1840;23112772.9524;896.0615;30041890.78;1863640.9928878467
2025-11-01;48620;0.972;5494219.114;0.355;0.000;31.448;113.556;131.387;5232.080;9662816.823;0;0.000;-82237.216;600.25;1402.791;0.340;114.2837;0.0635;0.0095;-0.0003;28.920;0.303;15622.7297;2.1590;0.9620;0.0000;70945372.3487;110776259.8708;23304933.1959;686.4941;30265712.64;1882687.1987922457
2025-12-01;48585;0.972;5502723.590;0.155;0.000;31.470;113.798;131.414;5229.574;9694894.963;0;0.000;-82960.648;641.58;1376.775;0.340;114.3783;0.0641;0.0091;0.0001;29.184;0.304;15762.0671;2.1946;0.9608;0.0000;71523033.7836;111742906.4065;23497361.5684;978.9044;30490841.70;1901304.1781536262
2026-01-01;48543;0.971;5533398.750;0.554;0.000;31.440;114.029;131.397;5227.898;9717611.186;0;0.000;-79742.402;519.49;1387.729;0.339;114.7507;0.0651;0.0101;-0.0010;29.471;0.304;15913.9571;2.2047;0.9602;0.0000;72103894.5416;112700277.6890;23691135.9564;830.7422;30714789.07;1920128.731283085
2026-02-01;48556;0.972;5512206.650;-0.384;0.000;31.455;114.303;131.086;5228.664;9747563.719;0;0.000;-85588.892;598.72;1438.900;0.339;114.9637;0.0648;0.0109;0.0005;29.690;0.304;16088.4751;2.2324;0.9602;0.0000;72682478.8692;113637839.7711;23883931.5975;898.0769;30950416.05;1940486.383345466
2026-03-01;48573;0.972;5553618.212;0.746;0.000;31.475;114.642;132.112;5230.639;9771502.749;0;0.000;-82601.382;668.46;1443.503;0.339;114.7159;0.0657;0.0105;0.0001;29.918;0.305;16251.0735;2.2459;0.9605;0.0000;73266011.8115;114584709.6891;24078666.1845;955.3355;31168052.31;1959678.9047909223
2026-04-01;48601;0.972;5547501.544;-0.110;0.000;31.477;114.813;131.711;5230.873;9797968.229;0;0.000;-82768.921;704.95;1456.336;0.338;115.3237;0.0654;0.0088;0.0007;30.150;0.305;16393.5736;2.2670;0.9601;0.0000;73848513.8479;115540155.5887;24273217.0299;636.6008;31390682.24;1982100.935847203
2026-05-01;48579;0.972;5550028.700;0.046;0.000;31.458;114.998;131.825;5227.110;9826582.944;0;0.000;-80401.661;595.87;1458.949;0.338;115.3353;0.0645;0.0105;-0.0001;30.389;0.305;16533.5708;2.2883;0.9589;0.0000;74431798.2775;116476272.6275;24467822.3505;1002.6075;31617590.21;2004375.2011207761
2026-06-01;48600;0.972;5535187.892;-0.268;0.000;31.485;115.201;131.949;5229.421;9850021.090;0;0.000;-87313.972;625.73;1444.287;0.338;115.0958;0.0657;0.0096;-0.0001;30.623;0.306;16682.2654;2.2976;0.9591;0.0000;75013398.6973;117424563.6307;24661888.4097;1004.9804;31839257.29;2026720.4829661609
2026-07-01;48631;0.972;5566446.991;0.562;0.000;31.504;115.408;131.841;5231.547;9871405.480;0;0.000;-83097.321;983.67;1457.024;0.338;115.8169;0.0658;0.0107;-0.0003;30.845;0.306;16807.8601;2.3052;0.9596;0.0000;75598874.3388;118387818.5405;24857263.0683;774.2989;32066254.38;2049175.7743074046
2026-08-01;48637;0.972;5552975.756;-0.243;0.000;31.529;115.646;131.763;5232.721;9888032.849;0;0.000;-88011.430;1081.90;1459.684;0.337;115.4985;0.0652;0.0107;0.0004;31.078;0.306;16931.7634;2.3147;0.9590;0.0000;76182276.3811;119353820.9449;25052045.3366;690.2710;32285376.69;2071451.0948973335
2026-09-01;48662;0.973;5559386.642;0.115;0.000;31.566;115.821;131.542;5236.836;9911745.609;0;0.000;-87994.251;1150.34;1458.064;0.337;115.6784;0.0670;0.0098;0.0012;31.301;0.306;17105.8615;2.3256;0.9596;0.0000;76767074.0178;120297502.0750;25247209.5524;1198.4408;32501516.38;2093846.8877550904
2026-10-01;48670;0.973;5591824.691;0.580;0.000;31.600;115.975;132.568;5238.892;9930668.279;0;0.000;-85307.759;850.97;1451.102;0.337;116.0343;0.0666;0.0104;-0.0002;31.555;0.307;17235.2052;2.3458;0.9591;0.0000;77355429.1855;121250206.2509;25443681.0698;607.5559;32728366.75;2116047.5962727154
2026-11-01;48618;0.974;5579006.602;-0.230;0.000;31.626;116.103;132.612;5234.472;9954848.670;0;0.000;-83589.427;947.23;1455.129;0.337;115.9339;0.0691;0.0098;0.0005;31.805;0.307;17368.8116;2.4148;0.9563;0.0000;77941898.0069;122236572.2242;25639292.3202;1082.2108;32954444.60;2137654.3469656426
2026-12-01;48637;0.974;5609480.637;0.543;0.000;31.637;116.331;132.247;5235.867;9976190.323;0;0.000;-86569.447;803.23;1433.932;0.337;116.4696;0.0671;0.0112;0.0003;32.061;0.307;17534.1902;2.4609;0.9555;0.0000;78532282.9544;123195815.2942;25836287.3995;810.7578;33192173.26;2159331.505673074
2027-01-01;48651;0.975;5606798.027;-0.048;0.000;31.670;116.491;132.222;5237.664;10012566.879;0;0.000;-85973.678;775.11;1482.614;0.336;116.2260;0.0680;0.0079;0.0008;32.305;0.307;17687.2846;2.4678;0.9576;0.0000;79122350.6755;124168578.7070;26033163.0185;1121.4460;33419917.20;2181088.7926116884
2027-02-01;48669;0.976;5616463.571;0.172;0.000;31.696;116.705;132.688;5240.665;10028805.537;0;0.000;-83938.573;935.49;1515.390;0.336;116.6843;0.0659;0.0106;0.0012;32.545;0.308;17832.7294;2.4704;0.9584;0.0000;79712676.6205;125145074.0691;26230270.4506;744.4073;33646400.01;2202876.6056567254
2027-03-01;48617;0.976;5623059.649;0.117;0.000;31.691;116.880;132.491;5236.317;10049864.256;0;0.000;-85218.367;826.92;1471.686;0.336;116.2453;0.0687;0.0104;-0.0003;32.808;0.308;18083.7038;2.5221;0.9571;0.0000;80303380.3865;126126386.8364;26427684.6565;938.5270;33859395.66;2224612.2902383665
2027-04-01;48627;0.976;5634209.409;0.198;0.000;31.726;117.088;133.136;5238.583;10069594.363;0;0.000;-84254.704;763.98;1545.017;0.336;116.0621;0.0692;0.0095;0.0001;33.052;0.308;18272.0701;2.5288;0.9575;0.0000;80895926.1178;127115440.5441;26625588.7124;916.9245;34082455.63;2246430.2404223364
2027-05-01;48642;0.976;5648760.528;0.258;0.000;31.770;117.348;132.852;5242.745;10084664.239;0;0.000;-83597.075;959.53;1467.548;0.335;117.3751;0.0653;0.0101;0.0004;33.297;0.309;18449.6845;2.5382;0.9578;0.0000;81490140.0717;128104654.5779;26823991.3189;788.6903;34315289.48;2268126.665155361
2027-06-01;48639;0.976;5654605.778;0.103;0.000;31.735;117.532;133.283;5243.960;10098544.415;0;0.000;-84081.240;629.55;1491.590;0.335;117.0629;0.0671;0.0110;-0.0002;33.531;0.309;18439.7427;2.5453;0.9576;0.0000;82084486.8527;129103071.6354;27022568.8431;639.5398;34542532.30;2291903.1627882114
2027-07-01;48661;0.976;5664566.149;0.176;0.000;31.770;117.699;133.112;5246.052;10112825.567;0;0.000;-84632.567;659.30;1484.811;0.335;117.5449;0.0663;0.0118;0.0005;33.775;0.309;18627.8894;2.5500;0.9576;0.0000;82680169.4931;130077980.0283;27221716.6499;649.8433;34764097.85;2315720.0384578807
2027-08-01;48691;0.976;5679395.594;0.261;0.000;31.807;117.946;133.331;5248.360;10130293.265;0;0.000;-84568.076;519.28;1463.609;0.334;117.4986;0.0672;0.0112;-0.0005;34.012;0.310;18811.6245;2.5598;0.9574;0.0000;83277289.9572;131090952.4748;27421328.3699;632.8464;34988507.00;2337789.0874584233
2027-09-01;48642;0.976;5680002.272;0.011;0.000;31.787;118.050;133.351;5245.533;10167014.201;0;0.000;-86017.620;595.80;1497.674;0.335;117.3855;0.0696;0.0113;-0.0002;34.296;0.310;18988.9528;2.6169;0.9554;0.0000;83875374.5267;132077453.4463;27620740.7997;2111.2923;35216892.17;2359917.581813234
2027-10-01;48659;0.975;5705323.699;0.444;0.000;31.818;118.223;133.124;5247.719;10204557.945;0;0.000;-83399.974;617.50;1523.147;0.334;117.3099;0.0700;0.0099;-0.0003;34.539;0.310;19247.3679;2.6221;0.9555;0.0000;84476357.2900;133073686.9268;27821387.0653;1776.0558;35439941.30;2381990.3489362844
2027-11-01;48688;0.974;5709561.816;0.074;0.000;31.843;118.433;133.070;5251.200;10220371.069;0;0.000;-84534.721;487.99;1515.372;0.334;118.3763;0.0660;0.0117;-0.0010;34.776;0.310;19430.0686;2.6345;0.9549;0.0000;85076709.9629;134097054.2457;28022057.6476;453.0520;35680422.12;2404102.940948281
2027-12-01;48709;0.974;5727805.169;0.319;0.000;31.872;118.721;133.810;5252.718;10255502.876;0;0.000;-83856.525;754.04;1529.992;0.334;117.9816;0.0683;0.0107;0.0000;35.012;0.311;19615.2380;2.6412;0.9553;0.0000;85678313.3675;135093624.0125;28223634.0308;1322.0110;35907534.22;2426183.2022080207
2028-01-01;48723;0.974;5737530.883;0.170;0.000;31.911;118.996;133.587;5255.965;10281210.141;0;0.000;-86409.244;662.22;1540.577;0.334;117.9202;0.0710;0.0105;-0.0006;35.250;0.311;19815.1061;2.6475;0.9558;0.0000;86282510.5691;136111230.4180;28425539.3372;1262.6258;36142144.83;2448242.5420768564
2028-02-01;48746;0.974;5748655.378;0.194;0.000;31.947;119.134;133.571;5258.729;10304761.126;0;0.000;-85586.376;542.63;1525.008;0.333;118.2333;0.0691;0.0109;-0.0000;35.493;0.311;20007.2497;2.6525;0.9558;0.0000;86887575.2183;137107029.3681;28627914.4048;824.9433;36377588.00;2470363.090959416
2028-03-01;48750;0.974;5752672.330;0.070;0.000;31.980;119.360;133.398;5261.360;10324171.936;0;0.000;-83004.927;618.81;1524.306;0.333;119.1223;0.0694;0.0105;0.0004;35.712;0.311;20180.2392;2.6590;0.9556;0.0000;87492739.8425;138125906.0052;28830257.5716;610.0877;36625854.53;2492376.1346267755
2028-04-01;48715;0.975;5777421.813;0.428;0.000;31.997;119.501;134.543;5261.612;10343825.613;0;0.000;-84637.175;684.81;1541.072;0.333;118.3935;0.0692;0.0111;0.0005;35.967;0.312;20371.4329;2.6766;0.9552;0.0000;88101543.1679;139143293.3442;29033998.3402;1230.2769;36853756.37;2516386.6300264588
2028-05-01;48666;0.975;5779788.532;0.041;0.000;31.960;119.784;133.937;5253.041;10356017.035;0;0.000;-84586.517;735.91;1529.705;0.333;118.4607;0.0701;0.0105;0.0007;36.256;0.312;20553.5483;2.6798;0.9554;0.0000;88709954.9391;140166518.8251;29237541.4567;870.7518;37091743.39;2540393.7258283286
2028-06-01;48615;0.976;5778634.426;-0.020;0.000;31.954;119.984;134.011;5244.000;10378380.142;0;0.000;-87609.039;799.20;1536.990;0.333;118.3064;0.0718;0.0105;0.0005;36.525;0.312;20750.4187;2.7324;0.9537;0.0000;89319030.5853;141182280.1315;29441317.2336;1495.9953;37313207.52;2564427.753840072
2028-07-01;48637;0.976;5777606.430;-0.018;0.000;31.970;120.187;133.771;5245.445;10400434.199;0;0.000;-86752.074;672.67;1526.803;0.333;118.3842;0.0730;0.0117;0.0002;36.766;0.313;20926.9429;2.7448;0.9537;0.0000;89927113.2171;142218589.8881;29644842.5283;1035.2135;37536804.08;2588384.8496128144
2028-08-01;48646;0.977;5790266.583;0.219;0.000;31.999;120.336;134.500;5247.489;10412871.740;0;0.000;-88826.097;635.75;1543.155;0.332;118.5407;0.0703;0.0119;0.0010;37.030;0.313;21053.1685;2.7530;0.9542;0.0000;90537073.1865;143235298.1490;29849028.6351;918.8084;37766102.15;2609893.8570755213
2028-09-01;48676;0.977;5795407.091;0.089;0.000;32.036;120.507;134.313;5250.358;10434368.761;0;0.000;-87785.507;722.40;1540.953;0.332;118.8292;0.0718;0.0125;-0.0001;37.253;0.313;21168.8224;2.7625;0.9538;0.0000;91146029.0250;144263112.5903;30053286.4313;1033.5438;37996870.04;2631396.877309885
2028-10-01;48609;0.977;5821188.377;0.443;0.000;32.035;120.727;134.478;5245.888;10460730.962;0;0.000;-89532.799;533.50;1530.308;0.332;119.1994;0.0718;0.0121;0.0000;37.567;0.314;21291.9219;2.7924;0.9536;0.0000;91760535.2014;145285450.9408;30258665.0326;1914.4322;38232392.46;2652789.045468902
2028-11-01;48603;0.977;5821130.907;-0.001;0.000;32.015;120.946;133.919;5243.092;10477347.672;0;0.000;-86506.024;541.13;1540.871;0.332;118.6870;0.0734;0.0120;0.0005;37.841;0.314;21450.0777;2.8178;0.9527;0.0000;92373496.2406;146312034.6529;30463962.0635;809.1136;38464205.50;2674170.0354284435
2028-12-01;48607;0.978;5818811.774;-0.040;0.000;32.025;121.096;134.951;5247.155;10482937.952;0;0.000;-89284.494;439.12;1544.293;0.332;118.9684;0.0720;0.0110;0.0008;38.107;0.314;21611.7418;2.8536;0.9525;0.0000;92986711.5187;147339478.8835;30669077.5203;1069.5230;38705619.63;2695512.634976924
2029-01-01;48632;0.978;5833355.643;0.249;0.000;32.068;121.245;134.324;5250.450;10510319.088;0;0.000;-87964.272;452.96;1545.250;0.332;118.9288;0.0746;0.0124;0.0001;38.352;0.314;21729.0700;2.8621;0.9534;0.0000;93601137.9035;148368831.8598;30874838.4728;1075.5271;38934446.80;2713832.404822329
2029-02-01;48605;0.978;5853626.736;0.346;0.000;32.083;121.476;135.088;5248.661;10531160.456;0;0.000;-87061.114;614.03;1552.019;0.331;119.4701;0.0735;0.0118;-0.0006;38.626;0.314;21880.6996;2.8887;0.9534;0.0000;94218977.3792;149437543.1168;31081531.4410;1964.8700;39159077.12;2733557.7640685015
2029-03-01;48635;0.977;5866632.175;0.222;0.000;32.102;121.674;134.941;5251.785;10551226.869;0;0.000;-85983.350;673.99;1549.821;0.331;119.7999;0.0702;0.0122;-0.0006;38.865;0.314;22045.0779;2.8971;0.9534;0.0000;94837326.7910;150500286.1144;31288568.2450;1616.6496;39386179.24;2753317.9914377825
2029-04-01;48659;0.977;5875033.746;0.143;0.000;32.145;121.790;135.111;5253.717;10576092.568;0;0.000;-89393.184;502.13;1551.669;0.331;119.9811;0.0720;0.0138;-0.0004;39.117;0.315;22163.8124;2.9046;0.9537;0.0000;95456892.0295;151534445.1995;31496041.3273;978.4155;39632050.79;2774033.2965645296
2029-05-01;48672;0.977;5870248.058;-0.082;0.000;32.180;122.004;135.318;5256.596;10588729.438;0;0.000;-89335.907;457.25;1549.655;0.331;120.0646;0.0737;0.0110;0.0004;39.373;0.315;22313.4943;2.9082;0.9539;0.0000;96075803.4470;152563433.4041;31703274.5034;1067.2648;39873863.35;2794384.8916642484
2029-06-01;48658;0.978;5901352.801;0.527;0.000;32.209;122.141;134.893;5257.443;10610369.929;0;0.000;-84648.562;383.54;1560.307;0.331;120.1211;0.0716;0.0122;0.0003;39.627;0.315;22479.6468;2.9448;0.9533;0.0000;96696570.2833;153611762.8172;31911733.9500;1355.9721;40103897.30;2814711.8986852267
2029-07-01;48645;0.977;5884169.215;-0.292;0.000;32.231;122.255;134.148;5256.287;10634228.481;0;0.000;-86099.458;318.83;1529.412;0.331;119.8909;0.0746;0.0128;-0.0006;39.883;0.316;22670.1088;2.9654;0.9526;0.0000;97317148.2101;154663838.6222;32119450.9629;1350.7496;40342379.00;2835038.067767118
2029-08-01;48670;0.977;5909674.410;0.432;0.000;32.221;122.485;135.062;5257.717;10651533.330;0;0.000;-87567.989;341.90;1555.823;0.330;119.8594;0.0730;0.0128;0.0002;40.140;0.316;22880.2235;2.9710;0.9530;0.0000;97940629.5060;155722346.8120;32328291.7486;1584.9318;40570176.61;2855426.397029761
2029-09-01;48630;0.979;5900777.623;-0.151;0.000;32.215;122.694;134.586;5257.186;10674997.750;0;0.000;-89126.928;331.96;1555.468;0.330;120.2337;0.0758;0.0123;0.0016;40.413;0.316;22816.8291;2.9986;0.9530;0.0000;98560989.2609;156791393.9480;32536564.4133;925.0085;40808602.21;2875843.6711005378
2029-10-01;48588;0.979;5912012.491;0.190;0.000;32.209;122.836;134.775;5252.003;10691859.362;0;0.000;-90498.766;317.73;1575.563;0.330;120.2510;0.0727;0.0137;0.0006;40.674;0.317;23036.2522;3.0748;0.9517;0.0000;99184788.2305;157889090.6541;32745384.0927;1868.6962;41040494.92;2895482.4320481927
2029-11-01;48602;0.979;5925962.824;0.235;0.000;32.239;123.148;134.761;5254.695;10711013.420;0;0.000;-86810.509;259.25;1534.064;0.330;120.0033;0.0745;0.0123;0.0001;40.911;0.317;23193.9072;3.0962;0.9522;0.0000;99810004.3551;158951075.3856;32954984.1917;1479.4125;41271180.30;2915526.3784508314
2029-12-01;48629;0.980;5930997.213;0.085;0.000;32.275;123.399;134.906;5258.221;10725289.656;0;0.000;-87482.987;317.73;1555.174;0.330;121.0807;0.0719;0.0147;0.0007;41.154;0.317;23335.1266;3.1019;0.9526;0.0000;100435462.0588;160016976.2013;33164476.0023;1522.8304;41507749.58;2935496.4950341918
