2010-01-01;47510.0;1.0015;1268990.898;100.0;0.0395;17.984;0.099;17.593;3403.1135;154661.001;0.0;0.0;-101856.05;978.845;71.357;0.491;0.1282;0.17875000000000002;0.0;0.0;0.7745;0.083;251.1853;0.21195;0.005;0.0;123333.8749;190347.22340000002;36622.1811;0.0;145816.055;2141.602959203116
2010-02-01;47615.0;1.002;1399126.599;9.301;0.042499999999999996;18.0025;8.973;28.9155;3413.996;362483.15650000004;0.0;0.0;-119095.05900000001;1823.96;372.252;0.5785;18.745449999999998;0.05215;0.018349999999999998;0.0005499999999999999;0.827;0.083;237.73160000000001;0.22915;0.6976;0.0;259094.83750000002;402653.02155;77766.6484;0.35965;245392.43;4742.48760954653
2010-03-01;47677.5;1.0015;1454861.6660000002;3.8305;0.045;18.009999999999998;16.3015;31.778;3421.8095;636326.5234999999;0.0;0.0;-108049.066;2642.62;508.414;0.558;27.88955;0.0373;0.02055;-0.0003;0.881;0.081;263.69405;0.24295;0.7706999999999999;0.0;401324.2822;621631.29965;121089.19205;19.986600000000003;346852.485;7512.989046181907
2010-04-01;47782.0;1.0015;1484987.316;2.028;0.0475;18.031;20.4155;32.903000000000006;3433.2754999999997;859598.013;0.0;0.0;-99549.909;3189.545;589.8515;0.5495000000000001;32.1838;0.036500000000000005;0.025599999999999998;-0.00045;0.938;0.081;293.0679;0.25895;0.78925;0.0;546781.8445;845630.7785;165499.06425;38.3795;446643.86;10238.945691545487
2010-05-01;47863.0;1.001;1507931.4275;1.522;0.049;18.073999999999998;23.1635;33.3035;3447.9660000000003;1043598.2175;0.0;0.0;-91322.20550000001;3829.585;613.1935000000001;0.5425;35.0133;0.0347;0.03165;-0.00015000000000000001;0.997;0.08;325.04819999999995;0.27790000000000004;0.8006500000000001;0.0;694764.04105;1073011.8835999998;210718.23255000002;73.96805;547829.745;12972.546623825121
2010-06-01;47943.0;1.0005;1533571.2820000001;1.6715;0.051;18.1015;25.6555;33.920500000000004;3460.69;1191681.71;0.0;0.0;-83656.908;4389.725;618.2735;0.534;37.11565;0.03145;0.03765;-0.00045;1.0554999999999999;0.08;353.05155;0.3015;0.82205;0.0;845559.77625;1304425.6419;256823.27505;140.03255000000001;650960.9299999999;15823.119153305515
2010-07-01;48015.5;1.001;1551223.8530000001;1.138;0.053;18.1155;27.604;34.405;3468.6105;1328037.5405000001;0.0;0.0;-75650.293;4924.99;630.425;0.5275000000000001;38.64765;0.0321;0.03905;-0.00015000000000000001;1.116;0.08;380.74775;0.32489999999999997;0.8343;0.0;998305.3549;1538443.6315000001;303492.2517;448.61675;751531.885;18636.951957953366
2010-08-01;48074.0;1.0;1573268.6264999998;1.4015;0.055;18.147;29.1385;34.3395;3479.9755;1441365.4445;0.0;0.0;-66743.0485;5387.595;655.697;0.5225;39.68055;0.033350000000000005;0.0464;-0.0002;1.177;0.079;409.71659999999997;0.3544;0.8447;0.0;1153222.6483999998;1775709.0885;350935.76355000003;272.5722;851652.2;21447.139235534178
2010-09-01;48137.0;1.0;1589552.5320000001;1.0245;0.057;18.183500000000002;30.1235;34.518;3493.8435;1536636.5890000002;0.0;0.0;-60687.067500000005;5872.33;652.8;0.521;40.5205;0.0345;0.05295;-5e-05;1.239;0.0785;440.62379999999996;0.3893;0.8463;0.0;1309738.65375;2016059.88705;398956.17390000005;92.46475000000001;952459.0549999999;24245.10975378725
2010-10-01;48181.5;1.0;1608279.1179999998;1.1640000000000001;0.058;18.2155;30.612000000000002;34.5775;3506.87;1622164.245;0.0;0.0;-55744.2565;6460.925;678.3050000000001;0.5205;41.1117;0.038400000000000004;0.05775;-0.00015000000000000001;1.302;0.0785;472.22974999999997;0.4269;0.8463499999999999;0.0;1468365.4952;2260057.9051;447703.79575;12.564250000000001;1054560.4300000002;27093.383995303113
2010-11-01;48243.5;1.0;1623899.7110000001;0.962;0.0595;18.256;31.0705;34.803;3517.982;1703266.787;0.0;0.0;-50777.4125;6937.695;668.6845000000001;0.52;41.79245;0.03995;0.058899999999999994;0.0;1.366;0.0795;503.29935;0.4607;0.84665;0.0;1628372.24015;2505510.79265;496915.72545;26.53725;1159804.7349999999;29911.886860970997
2010-12-01;48269.0;1.0;1644194.4575;1.234;0.061;18.264499999999998;31.575000000000003;35.144;3528.232;1777119.942;0.0;0.0;-45930.087;7265.92;675.45;0.5185;42.32995;0.0442;0.0668;-0.0002;1.432;0.08;534.5069000000001;0.5073;0.84575;0.0;1790939.50255;2755439.91455;546910.93975;82.2498;1264855.7;32810.153940786404
2011-01-01;48281.5;1.0;1654969.887;0.651;0.057999999999999996;18.3485;31.893500000000003;35.0695;3552.8995;1857527.669;0.0;0.0;-39134.643500000006;7690.425;665.9775;0.5185;42.593199999999996;0.0497;0.06985;5e-05;1.499;0.0815;566.01625;0.54745;0.84445;0.0;1954365.1486;3007113.27685;598694.5899499999;21.44295;1371185.435;35705.04763816798
2011-02-01;48290.5;0.995;1673919.1625;1.1320000000000001;0.057999999999999996;18.366;32.251000000000005;35.733000000000004;3564.1965;1922167.0165;0.0;0.0;-43522.274000000005;7982.63;695.5540000000001;0.5175000000000001;42.844;0.0542;0.0751;-0.00485;1.5665;0.083;593.30935;0.59775;0.84705;0.0;2120014.0043;3263025.56955;651273.1483499999;12.6009;1476884.415;38684.5816745319
2011-03-01;48291.0;0.9924999999999999;1683474.494;0.5675;0.057999999999999996;18.408;32.6485;36.632000000000005;3579.6525;1991397.204;0.0;0.0;-50289.851500000004;8243.11;614.881;0.5165;43.3056;0.05765;0.0739;-0.0025;1.6345;0.085;626.7402500000001;0.64535;0.8481;0.0;2287863.79505;3520075.76575;704722.62155;40.03765;1584438.855;41812.850023093095
2011-04-01;48284.5;0.991;1698836.2;0.9045000000000001;0.0575;18.4365;33.0045;37.1035;3593.0685;2060410.348;0.0;0.0;-46475.795;8498.990000000002;642.6495;0.515;43.709199999999996;0.059;0.0726;-0.00175;1.7035;0.087;660.03465;0.7019500000000001;0.84875;0.0;2457262.44005;3778656.8809;758703.8445;20.606299999999997;1691628.6400000001;45005.497422751505
2011-05-01;48297.5;0.9894999999999999;1711984.0499999998;0.768;0.058499999999999996;18.4645;33.581999999999994;37.569500000000005;3602.3785;2125247.668;0.0;0.0;-46760.880000000005;8676.925;637.0219999999999;0.5125;44.118700000000004;0.06205000000000001;0.0797;-0.0017000000000000001;1.7719999999999998;0.0875;699.1031499999999;0.7881;0.84875;0.05;2628282.3932499997;4039116.4134;813277.43955;159.153;1800696.885;48183.40597563215
2011-06-01;48246.5;0.9875;1727307.1435;0.8865;0.0595;18.488500000000002;34.222;37.6915;3610.099;2185906.4765;0.0;0.0;-40103.066;8795.415;622.8240000000001;0.5085;44.69945;0.06470000000000001;0.08295;-0.0017000000000000001;1.8445;0.089;733.93255;0.90185;0.8471;0.05;2801102.7534499997;4303623.90865;868358.7795;283.37425;1908273.4100000001;51417.64861683896
2011-07-01;48242.0;0.986;1742097.034;0.849;0.0595;18.5175;34.861000000000004;38.8055;3620.902;2246496.3945;0.0;0.0;-37605.7;9038.74;647.4185;0.505;45.157849999999996;0.06665;0.07765;-0.0015500000000000002;1.9165;0.0935;770.6052999999999;0.92125;0.8483;0.05;2975861.70645;4570736.101600001;924140.52625;421.04965000000004;2012552.37;54652.85646936738
2011-08-01;48220.0;0.9844999999999999;1756624.0644999999;0.8265;0.0605;18.558;35.489999999999995;39.229;3634.645;2303517.434;0.0;0.0;-32881.183;9173.75;636.365;0.5025;45.58415;0.07095;0.07700000000000001;-0.0017000000000000001;1.9885000000000002;0.0975;803.1378;0.92135;0.85175;0.07735;3152038.8371;4839704.9761500005;980404.9352500001;383.90995;2116829.8449999997;57888.27610268236
2011-09-01;48192.0;0.983;1770784.779;0.7995;0.061;18.578;35.949;40.149;3642.8725;2355376.0985000003;0.0;0.0;-30073.387000000002;9471.560000000001;643.836;0.5005;46.092;0.07415;0.0752;-0.0014999999999999998;2.061;0.1015;838.3613;0.9226;0.85405;0.07415;3329608.11155;5111265.6855999995;1037182.19485;175.80885;2223485.2199999997;61178.34185494493
2011-10-01;48203.0;0.9815;1785619.6025;0.831;0.0605;18.6235;36.324;40.42;3656.7765;2401334.9965;0.0;0.0;-25748.8075;9497.895;668.0905;0.4985;46.5086;0.0754;0.07469999999999999;-0.0015;2.133;0.1065;877.5214;0.923;0.8557999999999999;0.0718;3508757.1735;5386696.29325;1094524.5784;153.2195;2329138.1550000003;64490.08331096481
2011-11-01;48197.0;0.9804999999999999;1798990.96;0.7435;0.0605;18.6685;36.7085;41.4775;3670.7315;2447323.1895;0.0;0.0;-24248.764499999997;9704.400000000001;671.8734999999999;0.497;46.953149999999994;0.08035;0.07665;-0.0011;2.207;0.1105;915.93395;0.9234;0.8577;0.03125;3689278.4288;5663891.3018;1152299.6667499999;122.55365;2437781.1900000004;67838.21000860541
2011-12-01;48185.5;0.974;1813581.1014999999;0.8045;0.0605;18.707;37.168000000000006;42.3845;3684.8615;2493193.5525;0.0;0.0;-21559.5495;9626.849999999999;669.3555;0.495;47.293;0.08474999999999999;0.07369999999999999;-0.006200000000000001;2.2809999999999997;0.1145;958.04565;0.9238500000000001;0.8587;0.03125;3871409.10605;5944701.9357;1210634.6705999998;150.52125;2545306.915;71273.73589112243
2012-01-01;48175.5;0.972;1822943.787;0.514;0.0655;18.632;37.5375;44.2725;3675.041;2539509.057;0.0;0.0;-30543.635499999997;9839.505;632.058;0.4935;47.68025;0.08760000000000001;0.0728;-0.0026;2.3565;0.1195;993.7821;0.9237500000000001;0.8605;0.0294;4055614.1418000003;6225212.14255;1267671.30165;155.361;2650668.3200000003;74786.4447126073
2012-02-01;48188.5;0.9695;1840286.5335;0.9425;0.0655;18.665;37.9865;44.8065;3686.0434999999998;2590666.934;0.0;0.0;-15816.233;9905.1;616.4995;0.492;48.0107;0.08785;0.06935;-0.0026;2.4314999999999998;0.1235;1036.65935;0.9238;0.863;0.03125;4242166.41485;6509020.94185;1325405.3361;153.90385;2758134.05;78271.87713995398
2012-03-01;48194.5;0.967;1856117.0935;0.8520000000000001;0.066;18.6935;38.5405;45.274;3700.6105;2633999.806;0.0;0.0;-10811.449;9897.455;627.8530000000001;0.4895;48.4833;0.0917;0.06915;-0.00185;2.5065;0.1275;1079.9825;0.92405;0.86545;0.03125;4430336.729250001;6796821.84705;1383612.8583;257.1531;2866046.815;81711.25971056556
2012-04-01;48208.0;0.966;1868341.952;0.6545000000000001;0.0665;18.722;38.8825;46.6165;3713.784;2671770.505;0.0;0.0;-9893.29;10085.32;624.7215;0.4885;48.90625;0.09315000000000001;0.06825;-0.0014;2.583;0.1315;1118.67675;0.9239999999999999;0.86705;0.0294;4619733.68495;7086651.348300001;1442280.9514;26.069200000000002;2976157.005;85252.45786358102
2012-05-01;48216.5;0.964;1886508.1145;0.9630000000000001;0.067;18.746000000000002;39.44499999999999;47.077;3723.6525;2708689.8755;0.0;0.0;-4046.8345;9968.505000000001;609.307;0.4865;49.24625;0.0952;0.0677;-0.0020499999999999997;2.66;0.1355;1151.8146;0.9241;0.86795;0.0278;4810802.2597;7377654.0279;1501541.88285;147.60399999999998;3084941.255;88851.6661222632
2012-06-01;48207.5;0.9624999999999999;1902493.4075000002;0.8400000000000001;0.067;18.773;39.957;47.6325;3737.6315;2747444.0105;0.0;0.0;614.512;9988.154999999999;612.259;0.4845;49.64315;0.0973;0.06525;-0.0015;2.7405;0.1395;1185.92695;0.9251;0.87015;0.0278;5004021.2007;7673464.81105;1561378.7351;238.81220000000002;3196380.765;92428.76817913406
2012-07-01;48184.5;0.961;1911764.975;0.485;0.0665;18.798000000000002;40.3905;48.514;3749.7555;2785628.1525;0.0;0.0;-300.29150000000027;9616.39;635.1025;0.4835;50.0711;0.09855;0.06559999999999999;-0.00165;2.8215000000000003;0.1435;1225.1904;0.92525;0.8713500000000001;0.0278;5198185.85355;7971539.98145;1621575.48635;116.93504999999999;3307728.955;95962.83196268918
2012-08-01;48138.0;0.9595;1929584.278;0.923;0.0665;18.8145;40.917500000000004;49.123000000000005;3759.4475;2819426.955;0.0;0.0;3604.4310000000005;9646.335;603.8824999999999;0.4815;50.278549999999996;0.0985;0.06615;-0.0017000000000000001;2.9044999999999996;0.148;1266.4996999999998;0.92645;0.8725;0.0263;5394230.55955;8273297.56195;1682438.5905;122.2008;3415411.6799999997;99572.77186148522
2012-09-01;48127.0;0.9584999999999999;1938368.528;0.45299999999999996;0.0675;18.843;41.303;49.7195;3772.992;2851705.283;0.0;0.0;5266.1035;9594.05;629.738;0.4805;50.59125;0.0991;0.06515;-0.001;2.9825;0.1515;1308.6563;0.9278500000000001;0.8738;0.025;5591063.7478;8575686.450599998;1743558.13465;41.57645;3524520.8;103196.30988086147
2012-10-01;48130.5;0.9575;1951409.9309999999;0.6685;0.0675;18.875;41.623000000000005;50.311499999999995;3785.8590000000004;2880639.5655;0.0;0.0;7985.2135;9817.244999999999;639.3955000000001;0.48;50.91235;0.10189999999999999;0.06675;-0.00105;3.0625;0.1555;1350.8461499999999;0.9298500000000001;0.87435;0.0238;5789452.91515;8879627.280650001;1805229.70725;7.848749999999999;3633151.96;106774.67128204217
2012-11-01;48137.0;0.9564999999999999;1966575.674;0.771;0.0665;18.906;42.010000000000005;50.915;3800.575;2911363.7645;0.0;0.0;11257.621500000001;9759.45;630.5025;0.479;51.095749999999995;0.10665;0.06365;-0.0008;3.1425;0.1595;1392.5113999999999;0.93025;0.875;0.0238;5989378.001150001;9187537.01565;1867360.47355;33.31145;3743405.475;110368.5059829275
2012-12-01;48149.5;0.9564999999999999;1977846.8375;0.5700000000000001;0.0665;18.951;42.4155;51.313;3815.5845;2941256.1045;0.0;0.0;12924.663499999999;9885.945;624.465;0.478;51.573499999999996;0.10485;0.06205000000000001;-0.00065;3.2235;0.1635;1437.91555;0.9302999999999999;0.87685;0.0238;6190491.57295;9498097.5056;1929843.45475;37.9597;3855932.565;114000.54758040521
2013-01-01;48147.0;0.956;1993624.131;0.791;0.0645;19.024;42.823;52.2665;3840.5595000000003;2973505.4979999997;0.0;0.0;15563.1795;9699.470000000001;623.3955000000001;0.477;51.7085;0.10915;0.062400000000000004;-0.0003;3.3049999999999997;0.1675;1482.48855;0.9316;0.8777;0.0238;6393202.3004;9810536.7097;1993831.79335;37.03225;3967084.445;117604.86260608517
2013-02-01;48110.0;0.955;2011703.525;0.8985;0.0635;19.070999999999998;43.131;53.1405;3855.9175;3004958.7055;0.0;0.0;13497.0;9654.935;651.005;0.476;52.25515;0.10844999999999999;0.060899999999999996;-0.00075;3.393;0.17099999999999999;1530.5573;0.93215;0.8785000000000001;0.02275;6597889.57955;10127389.36655;2058450.73275;46.7896;4080018.635;121379.25857352988
2013-03-01;48115.0;0.955;2021970.28;0.5075;0.063;19.112000000000002;43.51;53.475;3869.0735;3040310.9414999997;0.0;0.0;12982.265;9196.255;656.7355;0.475;52.3527;0.10995;0.06135;-0.00035;3.4775;0.1745;1576.67375;0.93255;0.87985;0.02175;6803521.7955;10447231.8326;2123375.56285;29.5888;4193018.7800000003;125087.15471244436
2013-04-01;48117.0;0.9544999999999999;2039237.0005;0.8465;0.063;19.15;43.790000000000006;54.323;3884.3019999999997;3078737.5204999996;0.0;0.0;13985.2065;9009.130000000001;647.4295;0.4745;52.64135;0.11125;0.063;-0.0002;3.5620000000000003;0.178;1615.22145;0.93265;0.8809;0.02085;7011037.2693;10769083.98345;2188972.3511;22.52955;4304722.87;128941.23271206375
2013-05-01;48129.5;0.9535;2049853.9425;0.518;0.064;19.184;44.2315;54.786;3898.044;3121240.435;0.0;0.0;16859.464;8779.48;665.5935;0.473;52.97905;0.1132;0.06335;-0.0007000000000000001;3.6470000000000002;0.1815;1656.95185;0.93345;0.88245;0.02085;7219566.11625;11092627.50225;2254827.015;91.57995;4417879.355;132763.94881837937
2013-06-01;48104.0;0.9535;2068729.9305;0.911;0.064;19.191;44.721999999999994;55.502;3904.989;3156498.4745;0.0;0.0;21117.6985;7731.9;638.2194999999999;0.4715;53.518649999999994;0.1126;0.062;-0.00065;3.735;0.185;1703.37795;0.935;0.88335;0.02085;7430276.985649999;11418636.56845;2321413.9307500003;136.7426;4531507.615;136609.07140193068
2013-07-01;48098.5;0.9535;2075677.851;0.33499999999999996;0.0635;19.22;45.4065;55.9935;3916.7865;3203445.527;0.0;0.0;22780.23;7559.83;635.5474999999999;0.46950000000000003;53.79125;0.11525;0.0616;0.0002;3.8245;0.1885;1754.32195;0.93565;0.88445;0.02085;7641836.553400001;11748801.91465;2388193.1291;310.2712;4647800.140000001;140468.89555759414
2013-08-01;48108.5;0.953;2097487.5270000002;1.0394999999999999;0.063;19.2625;45.9;57.123000000000005;3931.637;3240213.249;0.0;0.0;24983.329;7389.3;649.4555;0.4675;54.16115;0.11485000000000001;0.06015;-0.00065;3.9115;0.1915;1802.03735;0.9362999999999999;0.88635;0.02;7855742.0247;12079924.1295;2455842.73035;214.21685000000002;4760863.01;144404.11728296016
2013-09-01;48123.5;0.952;2106866.7285;0.445;0.0635;19.299500000000002;46.3715;57.917;3945.0730000000003;3277245.4155;0.0;0.0;25570.532;7199.139999999999;657.5350000000001;0.466;54.60525;0.11635000000000001;0.0596;-0.0005;4.0015;0.195;1851.2024000000001;0.93695;0.8876;0.02;8070473.7136;12414409.716200002;2523780.4247500002;156.676;4872881.775;148444.34548722958
2013-10-01;48141.0;0.952;2124362.5515;0.8235;0.0635;19.336;46.7735;58.6025;3957.8235;3313561.385;0.0;0.0;28726.870000000003;7103.055;654.1315;0.465;54.9723;0.11685000000000001;0.05885;-0.00030000000000000003;4.09;0.1975;1904.824;0.9373;0.8883000000000001;0.02;8287052.64235;12752967.163350001;2592279.5861;112.6215;4989907.6899999995;152430.67623296342
2013-11-01;48128.5;0.952;2140017.6955000004;0.7315;0.063;19.3675;47.1055;58.8315;3969.7045;3350530.0755000003;0.0;0.0;32432.78;7188.66;636.321;0.464;55.2248;0.1164;0.05845;-0.0001;4.182;0.201;1952.97195;0.93845;0.8883000000000001;0.01925;8505227.18145;13092254.7933;2661336.0014500003;70.0127;5105386.15;156440.32331334817
2013-12-01;48127.5;0.952;2151386.654;0.5285;0.063;19.4025;47.471000000000004;59.7755;3980.964;3384301.1509999996;0.0;0.0;32757.4535;6769.415;653.4965;0.4635;55.6629;0.11560000000000001;0.060450000000000004;5e-05;4.269500000000001;0.20450000000000002;2001.97195;0.93965;0.8895;0.01925;8724555.624;13438984.24455;2730759.38165;45.2739;5222791.92;160454.9036494649
2014-01-01;48101.0;0.952;2166416.654;0.694;0.0615;19.42;47.9915;60.251999999999995;3990.7565;3417759.743;0.0;0.0;34910.3925;6248.855;648.7819999999999;0.462;55.8393;0.11835000000000001;0.0626;-0.0001;4.3645;0.2075;2052.7228999999998;0.9418;0.8904000000000001;0.01925;8945552.38915;13784230.1741;2800696.2896;127.61545;5339113.445;164560.9847002427
2014-02-01;48080.5;0.952;2174817.469;0.386;0.059;19.445999999999998;48.357;60.7565;3999.2945;3451942.4340000004;0.0;0.0;32936.108;6052.39;666.4745;0.4615;56.3119;0.1179;0.0621;0.0001;4.4585;0.2105;2103.1633;0.94505;0.89025;0.0185;9167340.58165;14132453.75685;2870904.0789;55.8098;5456097.515;168612.09259023448
2014-03-01;48059.5;0.952;2186750.584;0.5455;0.056999999999999995;19.482999999999997;48.6395;61.495999999999995;4013.712;3482966.9955;0.0;0.0;29531.1125;5704.49;675.8219999999999;0.4605;56.472300000000004;0.11905000000000002;0.05925;-0.0001;4.555;0.2135;2157.3540000000003;0.9466;0.89105;0.01785;9390465.757;14482832.048999999;2941516.33055;40.65915;5576845.279999999;172726.63428063472
2014-04-01;48059.0;0.953;2193742.476;0.3185;0.054;19.506999999999998;48.996;62.247;4025.273;3519526.1395;0.0;0.0;24262.371;5132.385;683.1665;0.4595;56.7472;0.1174;0.059;0.0006000000000000001;4.65;0.2165;2209.39095;0.94825;0.8923;0.01785;9613944.34045;14834706.75035;3012375.14465;65.42165;5693491.6;176906.73470275936
2014-05-01;48049.5;0.9524999999999999;2208988.449;0.69;0.052500000000000005;19.5415;49.503;63.147;4034.683;3558778.8575;0.0;0.0;20968.505;4669.610000000001;702.944;0.458;57.14375;0.11979999999999999;0.05615;-0.0001;4.7445;0.2195;2245.88625;0.9509000000000001;0.89285;0.01785;9839497.9472;15190470.6622;3083807.1167;200.78915;5809093.015;181257.99980258668
2014-06-01;48067.0;0.953;2213442.257;0.201;0.0495;19.5965;50.022;63.5215;4048.45;3607244.5719999997;0.0;0.0;17762.3245;4643.765;720.4984999999999;0.4565;57.5814;0.1164;0.05285;0.0001;4.839;0.2225;2288.37655;0.9540500000000001;0.8943000000000001;0.01665;10065534.6582;15547922.06255;3155335.75735;273.48834999999997;5927675.18;185613.3372484917
2014-07-01;48072.0;0.953;2227627.3550000004;0.6365000000000001;0.0475;19.633499999999998;50.794;64.2955;4061.1814999999997;3655341.4225;0.0;0.0;13309.818;4410.395;680.668;0.4545;58.2432;0.11854999999999999;0.051750000000000004;0.0002;4.9335;0.225;2332.98765;0.9582999999999999;0.89585;0.03335;10293200.0574;15907032.49705;3227353.20365;554.2915;6052442.130000001;189984.48672063148
2014-08-01;48069.5;0.953;2242741.8200000003;0.6735;0.045;19.6705;51.3565;65.34;4078.438;3704349.437;0.0;0.0;10622.460000000001;4395.15;671.9375;0.4525;58.45015;0.1196;0.04965;-0.0001;5.0265;0.2275;2373.96785;0.95865;0.89705;0.047850000000000004;10522368.3067;16266978.82565;3299940.3463500002;310.83695;6172236.55;194442.4839995426
2014-09-01;48089.5;0.953;2248816.91;0.27;0.042499999999999996;19.717;51.731;66.1105;4096.04;3758192.8655;0.0;0.0;5604.2785;3995.715;690.6435;0.4515;58.9461;0.11805;0.047549999999999995;0.00035;5.1175;0.23;2424.18395;0.9592;0.8981;0.03225;10752124.443500001;16631812.97355;3372682.7488;244.23845;6294318.475;198848.75396786374
2014-10-01;48115.5;0.953;2263581.6344999997;0.652;0.04;19.773;52.325;66.77600000000001;4115.5205000000005;3807380.2795;0.0;0.0;1002.3280000000004;3692.12;702.527;0.45;59.32515;0.11725;0.0464;-9.999999999999999e-05;5.2105;0.23299999999999998;2463.23335;0.9595499999999999;0.8992;0.060649999999999996;10983465.7278;16999675.277549997;3446031.30305;259.2332;6413102.775;203427.47935185998
2014-11-01;48130.0;0.9535;2269890.6775;0.27799999999999997;0.038;19.814500000000002;52.846500000000006;67.65350000000001;4132.001;3859786.225;0.0;0.0;-5637.9015;3328.175;742.9359999999999;0.4485;59.572100000000006;0.1143;0.043550000000000005;0.00035;5.3055;0.2355;2508.4698;0.96175;0.9007000000000001;0.060649999999999996;11215148.636500001;17366106.527999997;3519631.4616;176.774;6528310.805;208033.3327220783
2014-12-01;48120.5;0.953;2284635.3575;0.645;0.035;19.862000000000002;53.2185;68.1865;4147.3;3909628.399;0.0;0.0;-6514.4025;3085.99;707.2665;0.4485;60.11995;0.1133;0.042800000000000005;-0.0002;5.3985;0.239;2566.2243500000004;0.9644999999999999;0.9015;0.0597;11448378.88855;17737242.8212;3593637.8909;62.63965;6648746.9;212698.38400135934
2015-01-01;48141.0;0.953;2292299.486;0.3345;0.0505;19.572;53.67400000000001;68.89500000000001;4089.434;3960793.7565;0.0;0.0;-14398.7835;2953.735;749.5745;0.4475;60.328900000000004;0.10930000000000001;0.04095;0.0;5.4945;0.241;2621.228;0.9653499999999999;0.90215;0.0442;11682487.8073;18107782.51095;3667879.08215;44.76375;6764570.699999999;217412.69852748504
2015-02-01;48115.5;0.953;2301525.2535;0.401;0.0505;19.5875;53.97;67.292;4097.9225;4013638.3880000003;0.0;0.0;35646.425;3089.485;700.816;0.4465;60.82455;0.11069999999999999;0.039;0.0001;5.595000000000001;0.244;2676.1977;0.9689;0.9028499999999999;0.028650000000000002;11917708.02445;18480125.2791;3742366.967;41.1734;6889062.345;221971.415163556
2015-03-01;48136.5;0.953;2319599.8;0.779;0.0495;19.624;54.275499999999994;68.0995;4112.8495;4046689.9995;0.0;0.0;38430.931;2846.93;695.033;0.4465;61.0283;0.1121;0.04055;0.0;5.6899999999999995;0.2465;2730.8065500000002;0.96975;0.9039999999999999;0.0139;12154654.47205;18857702.78425;3817489.5998;34.3024;7007967.92;226475.38701419713
2015-04-01;48154.0;0.953;2338235.7965;0.797;0.048;19.68;54.629000000000005;68.919;4130.628;4087447.1895;0.0;0.0;38141.139500000005;2757.85;675.9780000000001;0.445;61.39935;0.11265;0.0414;4.999999999999998e-05;5.7895;0.249;2784.2690000000002;0.9702;0.9064;0.01315;12393620.684349999;19240039.5498;3893212.0569;133.68125;7128568.825;231146.86309881747
2015-05-01;48185.0;0.953;2357805.383;0.8300000000000001;0.048;19.7225;54.9695;69.7945;4146.107;4127404.7075;0.0;0.0;36571.1505;2316.2349999999997;718.5630000000001;0.4445;61.7144;0.1115;0.0423;-5.000000000000002e-05;5.882;0.251;2839.6119;0.9711000000000001;0.9072;0.0122;12634651.5677;19623557.00505;3969616.2604;114.65025;7249214.34;235804.12560882646
2015-06-01;48202.5;0.953;2369686.3844999997;0.501;0.049;19.750500000000002;55.3715;70.281;4159.262000000001;4173352.3295;0.0;0.0;36267.885500000004;2418.7749999999996;723.8835;0.4435;61.97725;0.11165;0.04215;0.0;5.9815000000000005;0.254;2886.46625;0.9725;0.9077;0.0119;12876806.2435;20011154.1188;4046392.1413000003;178.9332;7368914.68;240705.8079072211
2015-07-01;48220.0;0.9535;2390753.9165000003;0.881;0.0475;19.812;55.863;70.301;4176.4745;4220239.3705;0.0;0.0;41989.9025;2060.64;700.0740000000001;0.4415;62.6416;0.1116;0.0414;0.00015;6.0809999999999995;0.256;2928.36285;0.97275;0.90915;0.01165;13121542.83915;20399153.25705;4123908.8018;379.3192;7494473.855;245565.9615566705
2015-08-01;48234.5;0.9535;2403247.7295000004;0.52;0.046;19.864;56.5005;71.1925;4195.255499999999;4271835.02;0.0;0.0;39578.750499999995;1811.875;706.7145;0.4395;63.0237;0.1122;0.0403;0.0;6.1805;0.258;2983.38505;0.9750000000000001;0.91075;0.01165;13367651.5247;20792067.5111;4201809.40955;608.5739000000001;7617027.73;250518.3975566886
2015-09-01;48243.5;0.953;2425554.3305;0.9185;0.046;19.909;57.018;72.1965;4208.384;4317491.6355;0.0;0.0;37990.051;1816.49;723.2975;0.4385;63.50835;0.11245;0.0405;-0.0003;6.2805;0.2605;3037.73975;0.97675;0.9116500000000001;0.01165;13615912.942000002;21188824.0799;4280561.1354;263.83905000000004;7742225.085;255493.73771323336
2015-10-01;48210.0;0.953;2436851.0415000003;0.4635;0.045;19.961;57.416;72.7925;4225.5830000000005;4361699.608;0.0;0.0;39467.0265;1678.025;749.9445000000001;0.437;63.7667;0.1105;0.0415;0.00015;6.388999999999999;0.263;3095.56205;0.9773000000000001;0.9127000000000001;0.01135;13865155.670249999;21587665.006;4359694.2517;204.08769999999998;7864804.78;260518.29249825544
2015-11-01;48218.0;0.9535;2451896.27;0.6135;0.044;20.0045;57.6255;73.35499999999999;4240.575500000001;4404848.4095;0.0;0.0;36521.3405;1645.8400000000001;728.317;0.4365;64.1782;0.1102;0.040499999999999994;0.0006000000000000001;6.4905;0.265;3152.4037500000004;0.98085;0.9132;0.01135;14115869.8589;21988739.236550003;4439361.9136500005;33.8867;7991674.404999999;265616.25884819566
2015-12-01;48202.0;0.9535;2465999.1305;0.5715;0.041999999999999996;20.055;58.051;73.87549999999999;4257.531;4449066.977;0.0;0.0;36883.915;1658.065;751.4095;0.4355;64.58115000000001;0.10825;0.0411;0.00025;6.5995;0.2675;3209.9258;0.982;0.914;0.01135;14368203.28335;22392598.4178;4519458.7277;136.85445;8122158.365;270743.6081839405
2016-01-01;48219.0;0.9535;2485066.6225;0.767;0.039;20.1585;58.385999999999996;74.898;4286.3845;4486325.9435;0.0;0.0;32311.957;1559.855;773.4024999999999;0.4345;64.87110000000001;0.1057;0.0416;-0.0001;6.7055;0.2695;3269.7668999999996;0.9822;0.91435;0.01135;14622497.765;22802519.6986;4602463.39635;53.59445;8247878.025;275935.08462404815
2016-02-01;48213.5;0.9535;2498380.744;0.533;0.037;20.2115;58.6815;75.9025;4306.3915;4527042.3475;0.0;0.0;23500.14;1591.37;755.3969999999999;0.434;65.12555;0.10619999999999999;0.0413;0.0;6.8115000000000006;0.2715;3307.3193499999998;0.98415;0.9145;0.01165;14878186.34585;23212146.2168;4685904.03675;46.782799999999995;8376537.205;281278.67176442186
2016-03-01;48197.0;0.954;2512042.225;0.544;0.036500000000000005;20.256500000000003;59.296499999999995;76.6465;4323.0465;4584308.6265;0.0;0.0;20023.023;1634.52;759.1045;0.4325;65.6849;0.10515;0.039349999999999996;-9.999999999999999e-05;6.920999999999999;0.2735;3362.3722;0.98675;0.91455;0.01165;15135699.61985;23627589.45825;4769859.9841;543.6275499999999;8502942.595;286662.4663083607
2016-04-01;48219.0;0.953;2528112.7775;0.6355;0.035500000000000004;20.304000000000002;59.706;77.3375;4340.672500000001;4632722.2715;0.0;0.0;20390.371;1641.67;775.972;0.4315;66.1046;0.1038;0.03805;-0.00039999999999999996;7.0275;0.2755;3430.50525;0.98865;0.91455;0.0119;15394685.480250001;24045391.145999998;4854409.6844;246.567;8628658.36;292200.4450796779
2016-05-01;48233.5;0.9535;2537411.2785;0.3665;0.034;20.3595;60.180499999999995;77.872;4358.9155;4684655.9595;0.0;0.0;17221.68;1852.9050000000002;781.2985;0.43;66.5531;0.10235;0.03785;0.00015000000000000001;7.1365;0.2775;3493.39615;0.99155;0.9155;0.01165;15654728.905250002;24460183.8042;4939201.2412;269.36705;8763447.455;297823.8510189729
2016-06-01;48247.5;0.953;2562888.8525;0.994;0.0335;20.423000000000002;60.7485;78.721;4376.632;4744582.693;0.0;0.0;18242.201;1273.7;796.8925;0.4285;67.00450000000001;0.10545;0.03745;-0.00025;7.244999999999999;0.27949999999999997;3553.6725;0.9976;0.91605;0.0;15917871.09045;24882914.727250002;5025065.8607;590.2761499999999;8893651.41;303469.702207375
2016-07-01;48233.0;0.9535;2572628.0615;0.3775;0.032;20.4555;61.348;79.0265;4394.0225;4804959.4245;0.0;0.0;15777.26;1225.03;793.119;0.427;67.4462;0.10345;0.038400000000000004;0.0001;7.3585;0.28049999999999997;3617.8629499999997;1.00305;0.9161999999999999;0.0;16181857.6021;25305945.2992;5111225.301200001;509.64;9023305.815;309383.06854931207
2016-08-01;48234.0;0.954;2588004.6545;0.5945;0.0305;20.516;62.049499999999995;79.92099999999999;4414.339;4865641.0375;0.0;0.0;12056.287;1208.74;827.024;0.4255;68.04085;0.10200000000000001;0.03775;0.00035;7.469;0.2825;3686.6116;1.0036;0.9168499999999999;0.0;16447567.501400001;25731231.1262;5197900.6932;571.5129;9154691.08;315337.8295699999
2016-09-01;48251.0;0.954;2603264.4605;0.5865;0.028499999999999998;20.5775;62.789500000000004;80.75999999999999;4434.618;4931377.9969999995;0.0;0.0;7220.921;1179.24;837.0935;0.4235;68.56030000000001;0.10425000000000001;0.03655;0.0;7.5760000000000005;0.2845;3741.34725;1.0038;0.91815;0.0;16715068.74375;26166555.845;5285156.3536;722.25635;9285520.434999999;321217.3242241348
2016-10-01;48240.5;0.954;2619991.0039999997;0.638;0.027999999999999997;20.6265;63.465999999999994;81.513;4453.3225;4991110.3105;0.0;0.0;5008.448;1033.81;830.5830000000001;0.4215;69.3063;0.10145000000000001;0.03665;0.00025;7.691000000000001;0.2865;3801.858;1.00805;0.9185000000000001;0.0;16984222.9825;26602406.35365;5373042.7664;424.151;9423012.78;327281.8273361486
2016-11-01;48258.0;0.954;2636283.41;0.618;0.025500000000000002;20.697000000000003;64.172;82.46350000000001;4474.4475;5052578.357000001;0.0;0.0;3309.076;1012.63;852.8969999999999;0.4205;69.79745;0.1028;0.03655;-0.00025;7.8015;0.288;3870.82855;1.0084499999999998;0.919;0.0;17255403.585249998;27038228.679700002;5461563.04655;711.21835;9557431.885000002;333442.09198279283
2016-12-01;48284.0;0.954;2648394.451;0.4575;0.025;20.7485;64.809;83.1095;4490.9974999999995;5111380.1105;0.0;0.0;-3284.6685;1059.22;865.8095;0.4185;70.1558;0.10325000000000001;0.0345;0.00025;7.907500000000001;0.2895;3927.57175;1.01085;0.92035;0.0;17527338.952150002;27476461.67295;5550465.3785500005;399.7147;9689335.555;339298.48512527754
2017-01-01;48291.5;0.954;2665136.1335;0.628;0.019;20.8875;65.4075;83.8255;4532.003500000001;5173885.077500001;0.0;0.0;-5585.527;936.115;897.8225;0.4175;70.80595;0.1023;0.0349;0.0002;8.02;0.2915;3986.03975;1.0138;0.92075;0.0;17801614.39125;27917842.40515;5640011.9092;752.5347;9824663.535;345557.6661956936
2017-02-01;48302.0;0.954;2675019.086;0.3695;0.016;20.982;65.8885;85.24549999999999;4562.918;5230315.21;0.0;0.0;-24734.8975;868.7349999999999;883.028;0.416;71.24815000000001;0.10020000000000001;0.033949999999999994;-5e-05;8.137;0.293;4049.53125;1.0159500000000001;0.9210499999999999;0.0;18076463.1034;28361172.5909;5729879.8459;513.5359000000001;9958792.27;351928.4918929625
2017-03-01;48327.5;0.954;2703046.8125;1.037;0.014499999999999999;21.052999999999997;66.553;86.5435;4583.8425;5294891.484;0.0;0.0;-31327.487;777.725;895.0395000000001;0.4145;71.81605;0.10020000000000001;0.03505;-0.0001;8.2495;0.2945;4113.64725;1.0161;0.92215;0.0;18354696.210150003;28810443.9589;5820876.6563;551.46495;10097902.745000001;358379.2279821709
2017-04-01;48331.5;0.9544999999999999;2710554.6744999997;0.277;0.0125;21.1125;67.1285;87.1165;4609.489;5363341.9215;0.0;0.0;-36310.807;643.505;901.639;0.4135;72.43615;0.09865;0.0336;0.00039999999999999996;8.3655;0.296;4170.47215;1.02115;0.9227000000000001;0.0;18633692.27855;29258085.402149998;5912086.97975;692.95145;10234800.235;364793.56306431454
2017-05-01;48342.5;0.9544999999999999;2725472.103;0.5475;0.009999999999999998;21.192;67.67699999999999;88.315;4637.2345000000005;5427708.1525;0.0;0.0;-43858.306;654.28;955.366;0.4125;72.91165000000001;0.0974;0.03215;9.999999999999999e-05;8.4815;0.297;4224.194600000001;1.02435;0.9239999999999999;0.0;18913941.13555;29708657.6048;6003872.26045;462.04855;10373258.055;371155.2315718344
2017-06-01;48326.5;0.954;2746236.533;0.756;0.0085;21.2545;68.482;89.4505;4663.635;5501313.761;0.0;0.0;-47759.901;529.3399999999999;996.479;0.4105;73.46685;0.09809999999999999;0.032100000000000004;-0.0006;8.6035;0.299;4269.39095;1.0259;0.9252499999999999;0.0;19196802.86755;30162337.751199998;6096424.344149999;717.6800499999999;10509823.285;377856.46374315675
2017-07-01;48324.5;0.9535;2762635.929;0.5934999999999999;0.007;21.2965;68.971;90.275;4689.284;5569191.108;0.0;0.0;-51505.2475;360.425;1007.946;0.4095;73.84815;0.09484999999999999;0.0315;-0.00015000000000000001;8.7305;0.3;4321.2705000000005;1.0314;0.9250499999999999;0.0;19481030.748400003;30620163.264349997;6189628.9932;486.68905000000007;10640033.055;384533.3263686823
2017-08-01;48341.5;0.9535;2773485.1355;0.391;0.0055;21.372500000000002;69.52799999999999;90.94800000000001;4717.992;5639706.183;0.0;0.0;-57133.3935;418.695;1024.204;0.4085;74.44885;0.09645000000000001;0.0298;-0.0003;8.850000000000001;0.3015;4384.8681;1.0342500000000001;0.9257;0.0;19766789.248499997;31078453.04935;6283220.60585;594.03385;10776965.665;391114.4134344504
2017-09-01;48323.5;0.9535;2791340.0725;0.6395;0.004;21.432000000000002;70.0565;91.76650000000001;4752.441;5702938.652000001;0.0;0.0;-60581.1785;349.28999999999996;1029.196;0.4075;75.0558;0.09345;0.029699999999999997;-0.00019999999999999998;8.971;0.3025;4445.37045;1.0392000000000001;0.9261;0.0;20054268.5411;31545782.67555;6377435.73515;407.4839;10917648.725;398088.2147833116
2017-10-01;48306.5;0.953;2807090.607;0.5609999999999999;0.0025;21.4825;70.3905;92.469;4774.8724999999995;5755990.0505;0.0;0.0;-66828.8405;227.54999999999998;1056.6475;0.4065;75.44284999999999;0.09335;0.02885;0.0;9.096;0.303;4520.58095;1.0460500000000001;0.9272;0.0;20343360.07175;32008138.3994;6472223.4635499995;125.21025;11061979.504999999;405105.2046541079
2017-11-01;48313.0;0.9535;2814909.04;0.27799999999999997;0.002;21.5345;70.7635;93.26;4797.3150000000005;5820424.396;0.0;0.0;-71035.755;132.23;1043.346;0.4055;75.63435;0.0907;0.029400000000000003;-9.999999999999999e-05;9.215;0.3045;4591.49525;1.0497;0.92755;0.0;20633263.436350003;32474772.155649997;6567250.9122;267.1927;11205508.025;411921.4410641864
2017-12-01;48301.0;0.9524999999999999;2830069.7225;0.535;0.002;21.5785;71.08949999999999;94.10900000000001;4805.898499999999;5875988.0125;0.0;0.0;-71639.6595;89.255;1075.28;0.4055;75.84595;0.08885000000000001;0.0295;-0.00045;9.3415;0.3055;4669.50935;1.0572499999999998;0.9281999999999999;0.0;20924416.923649997;32940119.422650002;6662847.8748;75.5301;11345859.665;418818.7094424089
2018-01-01;48287.5;0.9524999999999999;2853400.5395;0.8175;0.002;21.586;71.4905;94.31899999999999;4814.5805;5935737.332;0.0;0.0;-68646.062;51.3;1109.5605;0.4045;76.0826;0.0892;0.02935;-0.00015000000000000001;9.4635;0.3065;4736.981750000001;1.05985;0.9298500000000001;0.0;21218386.99775;33410877.5532;6759268.5655000005;271.5505;11494259.09;426064.938658979
2018-02-01;48309.0;0.9524999999999999;2854561.7654999997;0.04000000000000001;0.0015;21.654;71.7565;94.91149999999999;4824.0575;5990706.273;0.0;0.0;-70268.913;21.75;1153.6245;0.4035;76.2287;0.0875;0.02935;-0.00025;9.5815;0.3075;4801.0782500000005;1.0617999999999999;0.9310499999999999;0.0;21511981.5626;33879968.8106;6855645.1855500005;104.46225000000001;11637101.879999999;433345.10160823626
2018-03-01;48327.0;0.9524999999999999;2870551.694;0.557;0.002;21.701999999999998;72.2485;95.215;4833.062;6053984.751;0.0;0.0;-69335.69099999999;9.245;1155.473;0.4025;76.63575;0.08915000000000001;0.0298;-5e-05;9.701;0.308;4867.19225;1.0666;0.9310499999999999;0.0;21807476.436499998;34356469.51025;6952610.71325;337.31315;11779087.915;440536.1057988935
2018-04-01;48326.0;0.952;2885126.5125;0.5055000000000001;0.002;21.7575;72.726;95.697;4839.859;6106684.6855;0.0;0.0;-68509.103;0.0;1149.8339999999998;0.402;76.8015;0.08935000000000001;0.029150000000000002;-5e-05;9.8275;0.309;4921.8498;1.06985;0.93135;0.0;22104282.54495;34829160.418850005;7050029.35055;155.47480000000002;11923653.08;447899.8745616748
2018-05-01;48304.0;0.952;2896562.642;0.395;0.002;21.7975;73.10849999999999;95.9805;4843.8665;6153408.3215;0.0;0.0;-69828.6325;0.0;1187.2435;0.4015;77.03790000000001;0.08465;0.02775;4.999999999999998e-05;9.959;0.31;4979.4532500000005;1.07415;0.9320999999999999;0.0;22402230.7209;35306606.49175;7147855.3471;85.8341;12068334.225;455246.755827252
2018-06-01;48329.5;0.952;2915730.509;0.6575;0.002;21.866500000000002;73.467;96.67599999999999;4851.6015;6196173.2325;0.0;0.0;-70089.035;0.0;1215.571;0.4005;77.1632;0.0852;0.02855;-0.00035;10.0755;0.3105;5042.9014;1.0749;0.9331;0.0;22702238.27635;35787398.34285;7246426.45255;71.85305;12209354.0;462710.0962635565
2018-07-01;48317.5;0.9524999999999999;2926654.8090000004;0.3735;0.002;21.916;73.90549999999999;96.696;4853.2564999999995;6245797.488;0.0;0.0;-69577.7055;0.0;1190.7379999999998;0.4;77.59944999999999;0.08565;0.0278;0.00039999999999999996;10.204;0.311;5114.886350000001;1.08545;0.9336;0.0111;23003536.61505;36269024.586449996;7345297.5954;166.4137;12357815.555;470387.34994342865
2018-08-01;48336.5;0.9524999999999999;2943493.261;0.572;0.002;21.997;74.517;97.002;4863.904;6307796.085;0.0;0.0;-69132.0285;0.0;1159.5285;0.3985;78.1149;0.08675;0.0284;0.0001;10.327;0.312;5197.24625;1.0864;0.9347000000000001;0.0111;23306900.81715;36756996.28435;7444809.245750001;803.3575000000001;12504217.455;478206.82904851687
2018-09-01;48357.0;0.9524999999999999;2959556.895;0.5429999999999999;0.002;22.063499999999998;74.805;97.6105;4872.9265;6350831.0765;0.0;0.0;-69864.59400000001;0.0;1177.2365;0.398;78.6542;0.08349999999999999;0.02685;-0.0002;10.451;0.3125;5266.38295;1.0897999999999999;0.9349000000000001;0.01085;23611776.61735;37241476.07545;7544903.857;50.089200000000005;12655339.19;486178.1398536557
2018-10-01;48319.0;0.9524999999999999;2978865.387;0.6479999999999999;0.002;22.1295;75.12100000000001;97.94749999999999;4875.174999999999;6391866.916999999;0.0;0.0;-69164.8575;0.0;1217.826;0.3975;79.0392;0.08349999999999999;0.02765;0.0;10.5795;0.313;5334.764499999999;1.09315;0.9352;0.01085;23918596.35085;37734823.4543;7645624.83185;64.11705;12811980.285;494248.396594314
2018-11-01;48319.5;0.9524999999999999;2995759.097;0.5635;0.002;22.2025;75.7585;98.3615;4881.366;6447857.696;0.0;0.0;-67400.03899999999;0.0;1194.8564999999999;0.3965;79.54435000000001;0.08310000000000001;0.02675;9.999999999999999e-05;10.7055;0.3135;5424.0274;1.09805;0.9358;0.01065;24227755.2674;38227845.75975;7747006.64795;681.3972;12963820.08;502369.190909415
2018-12-01;48340.0;0.9524999999999999;3010807.308;0.5;0.002;22.293999999999997;76.25;98.616;4894.3415;6492266.246;0.0;0.0;-69369.6365;0.0;1202.259;0.3955;80.1331;0.08349999999999999;0.0271;0.0002;10.8275;0.314;5505.5774;1.1011;0.93625;0.01065;24537995.144649997;38726629.48465;7848921.27735;234.97145;13115694.465;510651.66986820113
2019-01-01;48309.0;0.953;3035770.1454999996;0.8225;0.0015;22.3565;76.55699999999999;99.38300000000001;4896.905000000001;6532288.165;0.0;0.0;-69548.3815;0.0;1186.1215;0.3945;80.4646;0.08299999999999999;0.02705;0.00010000000000000002;10.956;0.3145;5578.15655;1.1101;0.9369000000000001;0.0104;24850496.76915;39227475.2953;7951791.3774;154.6156;13262519.415;518992.8879648674
2019-02-01;48309.5;0.953;3049265.5695;0.4425;0.001;22.423000000000002;76.8965;99.90549999999999;4900.875;6569311.783;0.0;0.0;-71576.2765;0.0;1222.1535;0.3945;81.1029;0.08065;0.02645;0.0002;11.088000000000001;0.3155;5657.2816;1.11895;0.93765;0.01065;25164806.90825;39723981.222049996;8055116.9505;57.59565;13414899.91;527364.1419015805
2019-03-01;48327.5;0.9524999999999999;3069563.202;0.6615;0.002;22.487;77.2415;100.25049999999999;4906.541499999999;6606249.268999999;0.0;0.0;-72960.1305;0.0;1198.435;0.3935;81.2968;0.0828;0.02585;-4.999999999999998e-05;11.221;0.3155;5718.68235;1.1224500000000002;0.93815;0.01065;25481402.5014;40229729.4746;8159277.1855999995;61.11925;13568060.74;536083.4390126453
2019-04-01;48342.0;0.9535;3091420.9155;0.7065;0.002;22.5745;77.5375;100.90899999999999;4916.2605;6640615.3065;0.0;0.0;-70141.8205;0.0;1234.591;0.393;81.8115;0.07895;0.025500000000000002;0.0002;11.350999999999999;0.3165;5788.558950000001;1.1242;0.9398;0.01065;25800331.70625;40740113.4061;8264225.36675;64.62695;13719010.995000001;544743.7815778318
2019-05-01;48324.0;0.9535;3111211.4035;0.6365000000000001;0.002;22.64;78.009;101.277;4925.2245;6687696.01;0.0;0.0;-71164.705;0.0;1205.682;0.392;82.3254;0.0806;0.02475;0.0001;11.481;0.3165;5859.6701;1.1355;0.9394499999999999;0.01085;26121729.81625;41251181.4816;8369818.5626;582.656;13874757.719999999;553843.420168228
2019-06-01;48321.5;0.953;3128388.9105;0.5489999999999999;0.0015;22.703;78.531;101.771;4927.615;6731549.119999999;0.0;0.0;-71852.297;0.0;1217.732;0.391;82.60634999999999;0.0807;0.02555;0.0001;11.608;0.3175;5931.668250000001;1.13795;0.9403;0.01085;26444628.1959;41764725.80255;8476089.95325;559.1013;14026543.594999999;563256.4518804032
2019-07-01;48347.0;0.9535;3146141.812;0.5640000000000001;0.0015;22.789499999999997;79.03899999999999;101.881;4935.333500000001;6776167.83;0.0;0.0;-72274.7685;0.0;1232.3505;0.3905;83.18865;0.08;0.024599999999999997;0.00045000000000000004;11.7325;0.318;5983.3111499999995;1.1402;0.9412;0.01065;26769335.24985;42280757.475549996;8582999.98555;336.57805;14179283.345;572558.5168140016
2019-08-01;48351.0;0.9535;3168543.471;0.7070000000000001;0.002;22.875500000000002;79.4985;102.72200000000001;4942.582;6819518.8215;0.0;0.0;-73419.57949999999;0.0;1210.4185;0.3895;83.5535;0.0799;0.025750000000000002;-0.00030000000000000003;11.8665;0.3185;6054.7685;1.14215;0.9418;0.0104;27096653.7767;42797520.211899996;8690773.7319;430.14715;14337079.87;582062.3620395216
2019-09-01;48374.5;0.9535;3184090.1695;0.48850000000000005;0.002;22.965;80.01249999999999;102.821;4950.773;6870041.358;0.0;0.0;-73067.74350000001;0.0;1215.8495;0.3885;84.08615;0.08115;0.025349999999999998;-9.999999999999996e-05;11.999;0.319;6131.8009999999995;1.1451;0.94255;0.01;27426059.58705;43317515.888950005;8799042.374;656.6293000000001;14495121.475;591524.9962013119
2019-10-01;48331.0;0.9535;3206934.455;0.7125;0.001;23.024;80.4705;103.435;4957.557000000001;6907844.8575;0.0;0.0;-73597.346;0.0;1224.2424999999998;0.388;84.78655;0.07775;0.024550000000000002;0.0004;12.156;0.3195;6203.95465;1.1476000000000002;0.94295;0.0098;27757798.93035;43850510.596650004;8908180.64095;551.4736;14650272.92;600893.7793624038
2019-11-01;48346.0;0.954;3227354.5955;0.6325000000000001;0.002;23.0995;80.756;103.9425;4966.9295;6940249.5115;0.0;0.0;-75575.591;0.0;1251.925;0.387;84.961;0.07844999999999999;0.02415;0.00015000000000000001;12.2945;0.32;6273.6794;1.1496;0.9434499999999999;0.0098;28091358.717600003;44383952.48735;9018075.25625;105.43285;14806971.765;610187.4775527124
2019-12-01;48372.5;0.954;3243537.474;0.497;0.002;23.179000000000002;80.94399999999999;104.20750000000001;4976.130999999999;6976172.8555;0.0;0.0;-76516.493;13.505;1205.4470000000001;0.3865;85.16145;0.0788;0.0246;0.0002;12.426;0.3205;6334.0181;1.1531;0.9427;0.0;28426800.872500002;44913833.72865;9128557.68175;161.28965;14964959.780000001;619880.6798099363
2020-01-01;48380.0;0.954;3270079.1365;0.8125;0.0015;23.2135;81.2225;104.60650000000001;4976.0815;7010723.2805;0.0;0.0;-74650.45449999999;0.0;1225.6465;0.386;85.887;0.076;0.0247;-4.9999999999999996e-05;12.563;0.3205;6390.2531;1.15835;0.9421999999999999;0.0;28765184.288549997;45451070.45365;9240052.56295;340.52175;15121749.02;629468.4120776085
2020-02-01;48388.5;0.9544999999999999;3272168.9315;0.064;0.002;23.242;81.549;104.87049999999999;4973.273499999999;7045342.547;0.0;0.0;-75949.78;34.295;1237.3555000000001;0.3855;85.90905000000001;0.0776;0.02445;0.00025;12.703;0.3215;6466.9825;1.1606;0.9439500000000001;0.0;29103493.73625;45995077.1194;9351554.6731;72.52375;15276325.685;639141.5681683286
2020-03-01;48392.0;0.9544999999999999;3289506.281;0.527;0.0015;23.2785;81.945;105.055;4974.189;7083526.210999999;0.0;0.0;-74711.9075;40.81;1233.365;0.3845;86.26415;0.07765;0.02375;-0.0002;12.8425;0.322;6555.076950000001;1.16985;0.9447;0.0;29444098.617349997;46532420.72364999;9463828.70415;370.16634999999997;15432324.565;649565.8070420751
2020-04-01;48383.5;0.9544999999999999;3291992.9965;0.075;0.002;23.307000000000002;82.5295;104.80250000000001;4970.3485;7131118.71;0.0;0.0;-74317.93100000001;80.195;1204.7595000000001;0.384;86.8066;0.07735;0.023649999999999997;0.0002;12.9815;0.322;6636.07905;1.17425;0.9451;0.0;29785820.381300002;47074853.2629;9576064.91255;1253.59505;15595958.489999998;659969.8636997828
2020-05-01;48406.0;0.9544999999999999;3300852.9365;0.269;0.0015;23.320999999999998;83.12;105.1375;4971.3805;7178541.582;0.0;0.0;-73698.7515;52.06;1215.8795;0.383;87.19065;0.07825;0.023350000000000003;-0.00025;13.115;0.3225;6714.8692;1.1759;0.9451499999999999;0.0;30128500.8941;47618672.4189;9688662.1009;1400.10265;15758262.79;670264.0411340842
2020-06-01;48424.0;0.9544999999999999;3305998.8945;0.1555;0.0015;23.343;83.3255;105.143;4970.635;7208812.6475;0.0;0.0;-74499.35399999999;96.815;1243.9085;0.3825;87.3608;0.07905000000000001;0.02335;0.0001;13.2515;0.323;6786.415;1.17775;0.94625;0.0;30470681.93315;48157916.5496;9801465.1042;250.9629;15918114.96;680318.2300187175
2020-07-01;48451.0;0.954;3321785.5719999997;0.4755;0.001;23.386;83.5825;105.4445;4972.641;7234614.819499999;0.0;0.0;-73860.15299999999;52.78;1245.7735;0.382;87.61619999999999;0.07700000000000001;0.022350000000000002;-0.00019999999999999998;13.3825;0.3235;6866.00725;1.1832;0.9457500000000001;0.0;30814678.03995;48706942.12005;9914943.1356;188.82549999999998;16077714.905000001;690987.6766547742
2020-08-01;48472.5;0.954;3325767.6765;0.1185;0.002;23.4095;83.982;105.794;4970.3485;7260189.3355;0.0;0.0;-76048.1265;50.4;1232.1545;0.3815;87.9942;0.07655;0.0232;5e-05;13.521;0.3235;6936.42085;1.1846;0.94625;0.0;31158989.3331;49252553.03215;10028532.23215;165.2629;16239133.285;701548.6858395741
2020-09-01;48487.0;0.9544999999999999;3330326.1095000003;0.137;0.0015;23.4405;84.3035;106.017;4969.276;7286552.524;0.0;0.0;-75819.197;142.17;1228.3825000000002;0.381;88.0489;0.078;0.02305;0.00015;13.664000000000001;0.324;7004.756600000001;1.18775;0.9473499999999999;0.0;31503826.15795;49800757.872250006;10142385.83255;151.62075;16396691.705;711999.4543635313
2020-10-01;48510.5;0.9535;3347015.8645;0.49849999999999994;0.0015;23.4685;84.6455;106.263;4966.6810000000005;7309142.998500001;0.0;0.0;-74523.3425;188.905;1243.393;0.3805;88.2928;0.0785;0.023;-0.00025;13.796;0.3245;7076.05535;1.18855;0.94845;0.0;31850592.5168;50349524.3417;10256892.178199999;165.63425;16554186.68;722572.4175216251
2020-11-01;48524.5;0.954;3349375.996;0.07050000000000001;0.002;23.5045;84.9185;105.747;4965.4605;7328837.4004999995;0.0;0.0;-72863.6685;271.005;1227.1655;0.3805;88.8337;0.07405;0.022699999999999998;-0.0001;13.9435;0.325;7145.0326000000005;1.19345;0.94895;0.0;32197511.071050003;50900988.2087;10371481.4429;148.1394;16710443.49;733134.1253787646
2020-12-01;48553.0;0.954;3353545.952;0.125;0.0015;23.536;85.1725;105.8815;4966.631;7356676.643999999;0.0;0.0;-73793.8885;273.48;1227.2805;0.3795;89.0127;0.07565;0.02185;0.0002;14.078;0.325;7225.722949999999;1.19555;0.9492;0.0;32545162.50695;51453507.6718;10486185.2846;274.72220000000004;16873210.05;743663.5601963524
2021-01-01;48561.0;0.9564999999999999;3369020.5149999997;0.45799999999999996;0.094;21.563;85.41;106.347;4534.253500000001;7376924.436;0.0;0.0;-72555.704;382.36;1225.9495;0.3795;89.0704;0.07555;0.0206;0.00265;14.220500000000001;0.326;7297.32245;1.1989999999999998;0.9493;0.0;32894384.9351;52014643.411;10601602.96065;170.593;17027972.41;754214.1383032212
2021-02-01;48567.5;0.9575;3369149.7545;0.0040000000000000036;0.1005;21.429000000000002;85.583;86.789;4509.478499999999;7406126.6565000005;0.0;0.0;320612.3865;424.28499999999997;982.5415;0.379;89.54485;0.07805000000000001;0.021150000000000002;0.0013;14.3625;0.326;7365.9197;1.2122000000000002;0.9486;0.0;33241897.063950002;52580511.2738;10716378.47225;326.44849999999997;17180295.925;762770.4070773787
2021-03-01;48600.5;0.959;3386200.7785;0.5035;0.10200000000000001;21.424999999999997;85.69;85.3965;4511.130999999999;7308820.7765;0.0;0.0;349769.50049999997;496.995;926.021;0.3785;88.4161;0.09734999999999999;0.015799999999999998;0.0012000000000000001;14.5;0.3265;7456.3421;1.22055;0.94845;0.0;33591239.810949996;53143855.69905;10831597.72345;302.72515;17337354.53;771273.4562899885
2021-04-01;48625.5;0.961;3406688.952;0.6015;0.101;21.4665;85.7655;85.327;4521.2970000000005;7212531.393;0.0;0.0;358151.2035;561.8299999999999;926.9705;0.3785;88.26429999999999;0.10039999999999999;0.01655;0.00195;14.6405;0.3265;7544.79685;1.22825;0.9480500000000001;0.0;33942472.2778;53712231.01715;10947452.76185;424.46235;17496697.634999998;779950.8374390013
2021-05-01;48655.5;0.9615;3431439.196;0.7205;0.1;21.518;85.8675;86.072;4536.5925;7121862.7475000005;0.0;0.0;358627.229;528.975;930.0095;0.378;88.47720000000001;0.10015;0.0169;0.0008;14.7725;0.3275;7642.25295;1.2352500000000002;0.9476500000000001;0.0;34296929.16245;54296992.9347;11064258.94505;437.8324;17654208.060000002;788867.927305564
2021-06-01;48652.5;0.9624999999999999;3445509.732;0.40850000000000003;0.0985;21.566499999999998;85.975;86.54599999999999;4551.0785;7037176.639;0.0;0.0;352743.1885;604.1949999999999;914.942;0.378;88.35535;0.10085;0.0173;0.00105;14.925;0.328;7727.6752;1.2434500000000002;0.9473499999999999;0.0;34652322.21365;54885467.37105;11181402.95705;408.47159999999997;17813639.6;797922.0941878703
2021-07-01;48674.0;0.9624999999999999;3470571.2479999997;0.722;0.096;21.625;86.0855;87.4925;4570.1;6946884.609999999;0.0;0.0;348595.16500000004;735.04;943.9925000000001;0.3775;88.5778;0.10045;0.0171;-0.00030000000000000003;15.073;0.3285;7811.3323;1.2465000000000002;0.9480500000000001;0.0;35010580.80395;55470220.15555;11299530.170699999;271.95865000000003;17976148.025;806930.0674252699
2021-08-01;48655.0;0.962;3491641.285;0.603;0.0945;21.6655;86.1195;88.134;4583.4325;6873254.334000001;0.0;0.0;343235.63049999997;719.1;946.7755;0.377;88.518;0.0994;0.016649999999999998;0.0;15.2325;0.3285;7894.83135;1.25175;0.9475;0.0;35371053.68705;56061977.63655;11418401.307;550.8195499999999;18133751.77;816143.1790774262
2021-09-01;48678.5;0.9615;3514065.034;0.6385000000000001;0.092;21.7485;86.2195;89.0255;4605.413500000001;6808488.11;0.0;0.0;337787.4565;760.9649999999999;964.7595;0.377;88.7353;0.09820000000000001;0.01695;-0.00035;15.382;0.3295;7997.0616;1.2575;0.9476;0.0;35733708.734699994;56646862.748050004;11538183.89865;527.86135;18292924.48;825694.1003002485
2021-10-01;48680.5;0.9615;3531178.73;0.48450000000000004;0.0905;21.816499999999998;86.316;89.6755;4622.8395;6750212.2190000005;0.0;0.0;327413.49;788.65;956.559;0.3765;89.03415;0.09855;0.01675;-0.0001;15.539;0.33;8089.748149999999;1.2657500000000002;0.9474;0.0;36098444.275299996;57246240.108500004;11658437.503800001;537.7785;18457914.895;834974.3352733493
2021-11-01;48663.5;0.9615;3544758.885;0.383;0.088;21.872999999999998;86.426;90.4;4636.922500000001;6693392.817;0.0;0.0;319981.96900000004;892.87;962.137;0.3765;89.39185;0.09445;0.018099999999999998;-0.00030000000000000003;15.7035;0.3305;8201.433949999999;1.2747;0.9471;0.0;36464537.14575;57855425.6148;11779083.75945;609.3181;18622947.905;844078.6725189803
2021-12-01;48677.5;0.9615;3561819.0425;0.47900000000000004;0.08499999999999999;21.935000000000002;86.5535;91.1015;4660.499;6643899.835;0.0;0.0;313302.3375;870.1700000000001;934.1165000000001;0.376;89.2526;0.0958;0.0177;-9.999999999999999e-05;15.853000000000002;0.331;8290.86715;1.2795;0.94805;0.0;36832627.2076;58455067.4569;11900426.4047;455.4438;18789463.92;853541.4521161036
2022-01-01;48668.0;0.9615;3583130.8444999997;0.5945;0.0835;21.982;86.67699999999999;92.13999999999999;4677.744000000001;6603533.8255;0.0;0.0;301740.97699999996;1057.7;937.0464999999999;0.3755;89.30785;0.09705;0.0185;5e-05;16.0095;0.331;8386.50935;1.2999;0.9471;0.0;37203218.40985;59067941.33315;12022595.5007;601.6967500000001;18954926.155;863141.5890598006
2022-02-01;48650.5;0.961;3599339.563;0.4495;0.081;22.0385;86.80199999999999;92.64349999999999;4693.5435;6561247.779;0.0;0.0;295046.4155;1047.8400000000001;960.6610000000001;0.3755;89.80279999999999;0.09325;0.01555;-0.0002;16.1615;0.332;8485.44705;1.31665;0.9464;0.0;37575648.47;59672765.0273;12145369.1824;518.0153;19123397.535;872813.0702682426
2022-03-01;48652.5;0.9615;3613950.9735000003;0.40399999999999997;0.0785;22.105;86.9365;93.0495;4713.59;6531289.024;0.0;0.0;285640.345;1127.495;956.3075;0.375;89.81495000000001;0.0923;0.0169;0.00025;16.313000000000002;0.3325;8585.7601;1.32315;0.94655;0.0;37949574.2137;60291367.125750005;12268599.11205;640.34015;19294381.965;882355.5154256339
2022-04-01;48654.0;0.962;3631087.6624999996;0.472;0.0755;22.1755;87.072;94.1225;4734.7185;6514161.79;0.0;0.0;276062.97;1311.6399999999999;939.7764999999999;0.3745;89.85665;0.0935;0.01845;0.00045000000000000004;16.4745;0.333;8674.05535;1.32885;0.9478500000000001;0.0;38325388.2786;60907870.0761;12392482.717750002;647.0892;19464686.365000002;892529.8057004877
2022-05-01;48636.0;0.9624999999999999;3641370.9390000002;0.2825;0.073;22.240499999999997;87.1795;94.9045;4753.862;6491581.8625;0.0;0.0;263794.62549999997;1461.5900000000001;918.982;0.374;90.2097;0.09084999999999999;0.01695;0.00035;16.645000000000003;0.334;8771.00885;1.34375;0.94765;0.0;38701680.76295;61528812.163949996;12516644.3275;636.01075;19635597.15;902705.4636470418
2022-06-01;48630.0;0.9624999999999999;3660025.592;0.509;0.07;22.308500000000002;87.3495;96.0455;4776.5575;6477192.159;0.0;0.0;254778.28999999998;1371.825;934.4215;0.3735;90.2404;0.09085;0.01785;-9.999999999999994e-05;16.807000000000002;0.3345;8866.31175;1.3476;0.94805;0.0;39080577.5195;62158642.20535;12641538.48885;670.8471;19806364.155;913164.4279832527
2022-07-01;48640.0;0.9624999999999999;3678770.156;0.5095000000000001;0.0675;22.381500000000003;87.482;96.98150000000001;4799.75;6459980.5995000005;0.0;0.0;241961.96500000003;1402.675;945.1435;0.373;90.46935;0.09065000000000001;0.017;0.00025;16.9615;0.335;8963.7148;1.35155;0.9489000000000001;0.0;39461388.8185;62789800.78405;12767055.9701;556.367;19981976.075;923844.5350903335
2022-08-01;48661.0;0.9624999999999999;3697203.459;0.49849999999999994;0.065;22.4655;87.69200000000001;97.9265;4822.0244999999995;6456668.5745;0.0;0.0;232363.90649999998;1436.51;916.4375;0.3725;91.10294999999999;0.08535000000000001;0.0169;0.0002;17.1095;0.3355;9045.94425;1.3563;0.95;0.0;39844290.868599996;63423154.491799995;12893298.4408;760.9021;20151885.23;934702.3191630091
2022-09-01;48657.0;0.9624999999999999;3713500.8315000003;0.4385;0.063;22.533;87.8925;98.66900000000001;4841.076;6454245.245999999;0.0;0.0;221015.2585;1582.555;957.989;0.3725;90.99825;0.0874;0.0169;-0.0002;17.256500000000003;0.336;9154.3549;1.36925;0.9497;0.0;40229110.8599;64063945.03755;13020080.9211;780.41815;20325731.65;945588.6432293449
2022-10-01;48677.0;0.9624999999999999;3728382.591;0.399;0.0605;22.6;88.06700000000001;99.791;4862.2985;6458272.54;0.0;0.0;213324.4365;1313.665;984.8405;0.3715;91.46815000000001;0.08455;0.018099999999999998;5e-05;17.401;0.3365;9259.1976;1.3732;0.94985;0.0;40615599.54205;64703499.05725;13147319.804650001;792.03355;20509211.7;956187.68034533
2022-11-01;48635.5;0.962;3743447.4744999995;0.4015;0.059;22.649;88.23400000000001;100.572;4879.1025;6465987.5795;0.0;0.0;204599.1685;1466.6350000000002;964.7645;0.371;91.27235;0.0876;0.0162;-0.00019999999999999998;17.576;0.3375;9345.662;1.3822999999999999;0.95055;0.0;41003256.4523;65359925.978149995;13275143.373750001;654.13735;20682834.92;966618.8663095604
2022-12-01;48636.5;0.962;3763212.675;0.525;0.057;22.718;88.338;101.426;4901.3505000000005;6481626.9555;0.0;0.0;196990.8245;1651.615;1001.348;0.3705;91.68915;0.08399999999999999;0.0175;9.999999999999999e-05;17.741500000000002;0.3375;9452.98215;1.3896000000000002;0.95095;0.0;41393407.58615;66009201.673700005;13403749.0676;952.94735;20858814.6;977322.1480053382
2023-01-01;48655.0;0.9624999999999999;3774758.071;0.3065;0.054;22.8035;88.507;102.4645;4926.0419999999995;6495724.925000001;0.0;0.0;186009.928;1608.18;992.3265;0.37;92.0526;0.0832;0.0156;0.00035;17.8985;0.3385;9541.3318;1.3965;0.9514;0.0;41784271.90615;66669083.53485;13532690.90285;599.4590000000001;21035838.695;988511.8266575877
2023-02-01;48661.5;0.963;3798770.448;0.6315;0.051500000000000004;22.886000000000003;88.72149999999999;103.2585;4949.380999999999;6512906.2125;0.0;0.0;175181.269;1822.4450000000002;1008.051;0.3695;92.25005;0.0815;0.0177;0.00035;18.052500000000002;0.339;9626.378550000001;1.4003999999999999;0.95255;0.0;42177935.284549996;67329198.78865;13662586.51095;641.49;21215493.060000002;1001454.8675779256
2023-03-01;48628.5;0.963;3818090.968;0.5065;0.05;22.921999999999997;88.98349999999999;104.479;4965.3585;6537373.3195;0.0;0.0;165127.05349999998;1943.365;1032.506;0.369;92.58885000000001;0.08030000000000001;0.01635;-0.00015000000000000001;18.226;0.3395;9716.91895;1.4136;0.9528;0.0;42573763.1281;67980454.66165;13793207.0861;814.67795;21395511.415;1014585.7265827769
2023-04-01;48647.0;0.9624999999999999;3830277.384;0.3175;0.0475;22.994500000000002;89.16;105.0775;4988.157499999999;6576574.487500001;0.0;0.0;158991.14649999997;1684.105;1008.864;0.3685;92.75925;0.0795;0.0158;-0.00035;18.3885;0.3405;9832.38205;1.4157;0.9535499999999999;0.0;42971271.405949995;68635341.01190001;13924313.98325;1091.2310499999999;21576735.65;1027851.0040709544
2023-05-01;48634.0;0.963;3845521.1169999996;0.39649999999999996;0.045;23.069499999999998;89.37950000000001;106.09649999999999;5008.859;6612405.396;0.0;0.0;148760.9045;1811.835;1076.4540000000002;0.368;92.99485;0.07775;0.0168;0.0;18.5655;0.34099999999999997;9934.950649999999;1.4179;0.95435;0.0;43369698.46485;69297211.6087;14056049.1491;807.32105;21749238.32;1040749.3889535137
2023-06-01;48601.0;0.9624999999999999;3856499.986;0.285;0.043;23.111;89.59;106.7465;5024.764499999999;6654002.467;0.0;0.0;137715.6255;1921.77;1065.377;0.3675;93.44205;0.0766;0.016300000000000002;-0.00019999999999999998;18.743499999999997;0.34099999999999997;10049.860850000001;1.4291;0.9546;0.0;43769754.8124;69963175.85985;14187997.0408;985.40375;21937537.689999998;1053745.5514204665
2023-07-01;48594.0;0.9624999999999999;3870282.6339999996;0.356;0.0405;23.183500000000002;89.8035;107.514;5046.468;6685966.3905;0.0;0.0;128927.445;1851.7849999999999;1045.54;0.367;93.77535;0.0753;0.01565;0.00025;18.9135;0.34199999999999997;10181.2748;1.4348999999999998;0.95465;0.0;44171298.4277;70624670.2845;14320555.1483;776.7324;22121055.855;1066873.5168882143
2023-08-01;48607.5;0.9624999999999999;3880766.8325;0.27;0.038;23.27;90.033;108.479;5068.3755;6730828.843;0.0;0.0;116874.6;2116.21;1049.6190000000001;0.3665;93.8516;0.07435;0.017750000000000002;0.00015000000000000001;19.0735;0.3425;10299.03565;1.4421;0.95445;0.0;44573553.954950005;71291976.58255;14453486.165849999;639.5223000000001;22298346.155;1080145.2049110222
2023-09-01;48628.0;0.963;3897382.7715;0.4265;0.036;23.3485;90.2745;109.3765;5090.555;6766100.705;0.0;0.0;107287.9875;1655.88;1068.836;0.3655;94.09535;0.0731;0.01595;4.9999999999999996e-05;19.2275;0.34299999999999997;10412.83945;1.44245;0.95495;0.0;44977725.8636;71963973.12724999;14587039.559050001;652.47065;22476002.384999998;1093214.5525502595
2023-10-01;48637.0;0.9624999999999999;3909128.6205;0.30000000000000004;0.033;23.430999999999997;90.48949999999999;110.4785;5109.2185;6804304.76;0.0;0.0;95015.536;1857.2199999999998;1070.6154999999999;0.3655;94.64410000000001;0.07035;0.016300000000000002;-0.0001;19.3975;0.344;10522.274249999999;1.4526;0.9563999999999999;0.0;45383161.7402;72647779.3791;14720982.66935;593.4636;22657631.475;1106729.0188889778
2023-11-01;48652.5;0.9624999999999999;3919957.8455;0.27649999999999997;0.031;23.512999999999998;90.711;111.515;5129.4715;6846398.0195;0.0;0.0;82412.4805;1882.79;1093.473;0.3645;94.84295;0.07139999999999999;0.017349999999999997;0.0;19.5645;0.344;10631.25925;1.4556;0.95665;0.0;45789844.40095;73324853.51835;14855379.8308;643.4195;22839724.955;1120282.4444958055
2023-12-01;48640.5;0.9624999999999999;3938052.0714999996;0.45949999999999996;0.0285;23.566;90.9245;112.689;5145.5795;6894015.698;0.0;0.0;72384.294;1891.31;1093.52;0.3645;95.33314999999999;0.06845;0.015;-0.00015000000000000001;19.7345;0.345;10732.43785;1.47885;0.9560500000000001;0.0;46198827.51975;74004088.137;14990425.4822;908.69295;23026256.545;1133898.5864579799
2024-01-01;48647.5;0.9624999999999999;3950298.722;0.31;0.026;23.631;91.22;113.558;5163.130999999999;6940043.3005;0.0;0.0;62496.7625;2050.625;1135.3600000000001;0.364;95.26865000000001;0.06945000000000001;0.01595;0.0;19.9045;0.345;10829.543399999999;1.48745;0.9558;0.0;46608948.79865;74689464.09889999;15125971.2181;597.47525;23210983.295;1147607.1625031007
2024-02-01;48648.0;0.963;3950372.3195;0.0015000000000000013;0.023;23.7035;91.417;113.9505;5183.173000000001;6984900.2725;0.0;0.0;48569.401;2038.1;1117.7915;0.3635;95.77145;0.0667;0.0171;5e-05;20.076999999999998;0.34550000000000003;10920.2581;1.5054;0.9558;0.0;47018938.90275;75382093.51195;15261462.626200002;415.875;23398321.884999998;1161091.961690687
2024-03-01;48678.5;0.963;3979483.507;0.7315;0.0215;23.772;91.702;115.15549999999999;5203.764999999999;7040560.8975;0.0;0.0;37570.883;1939.135;1143.2395000000001;0.363;96.0273;0.06739999999999999;0.014950000000000001;-5e-05;20.238500000000002;0.346;11005.8398;1.5139;0.956;0.0;47431989.4262;76077820.2431;15398115.518399999;786.04175;23584889.675;1175542.1244325994
2024-04-01;48675.0;0.9624999999999999;3984028.0820000004;0.1135;0.019;23.820500000000003;91.93549999999999;115.9795;5224.432000000001;7095891.984999999;0.0;0.0;27180.891;1895.27;1141.3825;0.3625;96.39335;0.0632;0.01705;-0.00025;20.4185;0.34650000000000003;11092.25575;1.5291000000000001;0.9553499999999999;0.0;47845620.38755;76770396.573;15534945.40115;650.76515;23768346.25;1189923.6019265642
2024-05-01;48660.5;0.963;3999708.3705;0.39249999999999996;0.017;23.875;92.162;116.83699999999999;5245.6955;7142843.1375;0.0;0.0;18196.913500000002;2136.4900000000002;1128.417;0.362;96.743;0.06315000000000001;0.0157;0.0009;20.5985;0.34650000000000003;11199.87585;1.5339;0.9569;0.0;48260956.83745;77471756.95315;15672352.1379;367.02265;23957725.07;1204522.3705855082
2024-06-01;48673.5;0.9635;4009429.1569999997;0.242;0.014;23.9375;92.3895;117.564;5271.554;7205206.21;0.0;0.0;8130.242;2270.425;1158.1325;0.361;96.8555;0.061399999999999996;0.0159;0.00030000000000000003;20.776;0.3475;11300.139449999999;1.5354;0.95825;0.0;48677631.7012;78169414.04335001;15810110.25915;650.44035;24149433.515;1219181.3237870587
2024-07-01;48636.5;0.9635;4023933.3475;0.36050000000000004;0.012;23.9865;92.60300000000001;118.5765;5289.8544999999995;7256282.7015;0.0;0.0;-5480.284;1846.12;1166.491;0.361;97.32554999999999;0.0605;0.0156;0.0002;20.9795;0.3475;11419.2193;1.5471499999999998;0.9581;0.0;49095821.1374;78859844.6139;15948465.695349999;460.53959999999995;24338758.125;1234146.2235242594
2024-08-01;48658.5;0.9635;4026744.98;0.068;0.0095;24.058999999999997;92.84;119.666;5311.211499999999;7308154.0185;0.0;0.0;-17626.303;2055.6099999999997;1164.713;0.36;97.64815;0.0593;0.0151;5e-05;21.158;0.348;11537.3158;1.55015;0.9581500000000001;0.0;49514226.93525;79566423.39835;16086876.10155;398.5018;24531377.064999998;1248906.113670833
2024-09-01;48653.0;0.9635;4045577.357;0.466;0.006500000000000001;24.1215;93.154;120.62950000000001;5331.1165;7359701.209;0.0;0.0;-29409.442;1990.015;1156.6665;0.36;97.95555;0.0593;0.01505;5e-05;21.3355;0.3485;11662.560000000001;1.5596999999999999;0.9583;0.0;49934690.20825;80267748.90564999;16226035.583700001;463.4325;24720362.32;1263769.4712352757
2024-10-01;48651.0;0.964;4056008.1550000003;0.257;0.004;24.188000000000002;93.3735;121.525;5354.3385;7409585.479499999;0.0;0.0;-43725.402;2154.485;1168.8580000000002;0.359;98.4675;0.05655;0.015349999999999999;0.0001;21.5075;0.349;11807.94965;1.5629499999999998;0.9587;0.0;50356406.70255;80976840.0356;16365645.33825;486.16185;24912128.53;1278735.9649994913
2024-11-01;48640.0;0.9635;4059610.205;0.088;0.001;24.2665;93.594;122.4195;5388.2625;7466125.6245;0.0;0.0;-57588.820999999996;1938.025;1159.8205;0.359;98.33515;0.0581;0.0149;-0.0001;21.6815;0.3495;11939.18145;1.5791;0.9589;0.0;50778058.008;81679852.29965;16505384.63315;482.9458;25101857.58;1293785.6788234052
2024-12-01;48665.0;0.963;4085310.9905;0.629;0.0;24.336;93.86;123.4425;5409.030000000001;7516442.072000001;0.0;0.0;-70220.14799999999;1798.95;1185.7559999999999;0.3585;98.9875;0.055349999999999996;0.01515;-0.0006000000000000001;21.8465;0.3505;12073.71365;1.5877;0.9590000000000001;0.0;51203000.51465;82393646.5292;16646234.353149999;236.704;25289610.41;1309122.4907433628
2025-01-01;48654.5;0.963;4092203.832;0.16849999999999998;0.0;24.360999999999997;94.131;123.8765;5413.853;7579951.327;0.0;0.0;-74771.764;2093.355;1200.239;0.358;99.08955;0.054400000000000004;0.0142;-0.00025;22.027;0.3505;12185.0167;1.59835;0.95915;0.0;51628734.1329;83118885.5638;16787216.299200002;474.9558;25482514.035;1324553.629163267
2025-02-01;48635.0;0.963;4106563.135;0.3495;0.0;24.393;94.398;124.1035;5418.1175;7638395.293500001;0.0;0.0;-74733.35149999999;2198.215;1192.376;0.357;99.4924;0.05455;0.0161;-9.999999999999999e-05;22.229;0.3505;12309.94625;1.61945;0.95905;0.0;52055464.7425;83839318.34560001;16928710.8575;379.91975;25676519.72;1339894.6387951227
2025-03-01;48664.5;0.963;4120954.9790000003;0.348;0.0;24.445500000000003;94.6865;124.7095;5427.526;7696441.193;0.0;0.0;-75185.1235;1896.565;1228.495;0.357;99.69865;0.05475;0.01405;0.00025;22.396;0.351;12473.4141;1.62385;0.9592;0.0;52484317.6878;84558081.8793;17070813.3061;340.84085;25868865.595;1353403.5435854965
2025-04-01;48689.0;0.9635;4142534.9354999997;0.5215;0.0;24.503500000000003;94.94550000000001;124.92349999999999;5436.335499999999;7753686.266;0.0;0.0;-74663.2395;2031.085;1209.0155;0.3565;100.09575000000001;0.052750000000000005;0.01415;0.0003;22.5685;0.3515;12588.4191;1.6313499999999999;0.96025;0.0;52915510.081650004;85281820.51370001;17213751.07235;383.13025;26060818.495;1367137.1022706232
2025-05-01;48706.0;0.9635;4156750.12;0.34199999999999997;0.0;24.552;95.2565;125.8815;5443.443;7813664.7184999995;0.0;0.0;-75320.666;1707.525;1186.2525;0.356;100.48635;0.0527;0.014450000000000001;0.00035;22.740499999999997;0.352;12672.89565;1.63765;0.96075;0.0;53348131.5586;86004179.12535;17357168.612350002;474.12100000000004;26249398.96;1381014.985982413
2025-06-01;48690.5;0.964;4163386.989;0.159;0.0;24.570500000000003;95.529;126.4505;5445.764999999999;7874145.8855;0.0;0.0;-75843.8615;1876.21;1197.1725000000001;0.3555;100.4764;0.05435;0.01565;0.00019999999999999998;22.9405;0.352;12793.70725;1.6669;0.95985;0.0;53781430.47505;86738469.85014999;17500767.77895;378.9394;26443887.509999998;1395774.711045538
2025-07-01;48705.5;0.9644999999999999;4183014.988;0.4695;0.0;24.6065;95.819;126.019;5455.365;7927593.547;0.0;0.0;-75527.675;1910.62;1172.4605000000001;0.355;100.93975;0.05315;0.014499999999999999;0.00045;23.1145;0.353;12928.390650000001;1.6698;0.96085;0.0;54216431.464049995;87469396.7105;17645062.0021;510.1436;26640102.439999998;1410200.7100230781
2025-08-01;48691.5;0.9644999999999999;4193785.6440000003;0.2555;0.0;24.639000000000003;96.0975;126.9325;5459.197;7984503.973;0.0;0.0;-76120.18049999999;1834.2350000000001;1215.2205;0.3545;101.21289999999999;0.052750000000000005;0.0142;0.00045;23.3125;0.353;13063.251400000001;1.69585;0.9605;0.0;54653320.48615;88202070.5501;17789763.669150002;492.8916;26837779.855;1424544.8844375117
2025-09-01;48692.5;0.9644999999999999;4216427.2175;0.5375;0.0;24.6665;96.39150000000001;127.2175;5464.804;8032432.12;0.0;0.0;-75002.62049999999;1656.6;1205.691;0.354;101.5195;0.05155;0.0133;-0.00015000000000000001;23.499;0.354;13203.31415;1.72035;0.9609000000000001;0.0;55092432.228750005;88948651.22115001;17935389.1191;445.02715;27028596.255000003;1438903.3135195351
2025-10-01;48682.5;0.9644999999999999;4221614.8025;0.12249999999999998;0.0;24.706;96.7375;126.705;5470.2905;8087373.831499999;0.0;0.0;-74636.136;1701.185;1244.407;0.3535;101.735;0.054;0.0143;-0.00015000000000000001;23.6905;0.354;13302.61275;1.7359499999999999;0.9612;0.0;55532198.5708;89707161.21585;18081103.160800003;549.37415;27227238.18;1453137.5455208113
2025-11-01;48685.0;0.965;4235717.766;0.3335;0.0;24.742;96.989;127.089;5474.575000000001;8136300.097;0.0;0.0;-76430.2245;1857.58;1227.958;0.3535;101.92515;0.0516;0.01435;0.00065;23.8785;0.354;13441.480899999999;1.7388;0.96165;0.0;55972908.95335;90451111.23545;18227383.53205;355.69165;27425859.89;1467314.5853251447
2025-12-01;48708.5;0.9655;4251407.211999999;0.369;0.0;24.7835;97.237;127.7285;5480.0375;8177309.544;0.0;0.0;-76944.28;1714.23;1226.3115;0.3525;102.24065;0.05265;0.01455;-5e-05;24.054000000000002;0.355;13587.361099999998;1.74185;0.9623999999999999;0.0;56415678.3035;91216147.90285;18374208.789049998;336.27465;27621622.509999998;1481595.591204565
2026-01-01;48730.0;0.965;4266394.0585;0.351;0.0;24.782;97.4525;128.08800000000002;5481.325000000001;8223587.1620000005;0.0;0.0;-76238.211;1521.19;1233.0255;0.3525;102.33855;0.0533;0.0143;0.0002;24.22;0.355;13822.9186;1.75975;0.9621;0.0;56860136.86135;91967385.72854999;18521626.54605;420.5813;27819311.425;1495808.412211882
2026-02-01;48726.0;0.966;4272863.237;0.15150000000000002;0.0;24.7795;97.759;128.1825;5479.945;8273217.828;0.0;0.0;-76184.7445;1425.54;1257.5725;0.352;102.80955;0.051449999999999996;0.012799999999999999;0.0004;24.424;0.3555;13965.93305;1.7656;0.9618500000000001;0.0;57305468.086349994;92719561.44819999;18669329.1325;480.68415000000005;28017274.415;1510083.326975158
2026-03-01;48732.5;0.966;4269113.6745;-0.0875;0.0;24.7675;98.059;127.955;5479.0855;8319105.1215;0.0;0.0;-76553.0255;1253.83;1227.1190000000001;0.3515;103.06899999999999;0.0541;0.01345;0.00045;24.599;0.356;14108.5906;1.778;0.9619;0.0;57750320.47400001;93476499.51875;18816861.50025;438.76315;28216351.695;1524872.969925621
2026-04-01;48735.5;0.966;4274970.9895;0.1365;0.0;24.7695;98.387;128.4355;5477.675;8364435.675999999;0.0;0.0;-75687.818;1485.855;1257.927;0.351;103.24665;0.05295;0.0133;0.00015000000000000001;24.78;0.3565;14238.754;1.78925;0.9627;0.0;58195879.88775;94231793.16335;18964595.93255;381.31595;28422338.695;1539270.3199944543
2026-05-01;48734.0;0.967;4277035.444;0.04849999999999999;0.0;24.775;98.66399999999999;128.2935;5477.302;8398737.875500001;0.0;0.0;-76079.189;1395.37;1253.9144999999999;0.3505;103.5034;0.0518;0.01505;0.00039999999999999996;24.974;0.3565;14380.54975;1.8058;0.96295;0.0;58641651.2634;94995937.45;19112522.429449998;373.49345;28618833.880000003;1553331.0557209076
2026-06-01;48748.5;0.9664999999999999;4286478.91;0.22;0.0;24.7845;98.8985;128.495;5479.5875;8436093.2315;0.0;0.0;-76426.3685;1427.575;1296.304;0.35;103.88034999999999;0.0521;0.01355;-0.0002;25.158;0.357;14519.8257;1.81125;0.96295;0.0;59088469.73425;95764295.7428;19260724.564;365.8121;28824503.1;1568232.8365455754
2026-07-01;48728.0;0.9664999999999999;4281247.184;-0.1225;0.0;24.7885;99.13499999999999;128.61950000000002;5476.939;8473990.75;0.0;0.0;-77625.6225;1561.15;1233.6135;0.3495;103.88775;0.052500000000000005;0.0132;-0.0001;25.3465;0.3575;14602.54095;1.82275;0.9630000000000001;0.0;59534556.58195;96539448.3612;19408787.3447;426.19255;29016358.009999998;1582792.9894702467
2026-08-01;48745.5;0.9664999999999999;4303393.9925;0.5145;0.0;24.788;99.3935;128.49200000000002;5479.225;8508485.4365;0.0;0.0;-75685.3425;1249.72;1279.884;0.349;104.0174;0.05445;0.01425;0.00015000000000000001;25.529;0.3575;14714.146250000002;1.82675;0.9635499999999999;0.0;59982834.377399996;97317485.2401;19557751.7352;471.46595;29218369.259999998;1597563.2322822004
2026-09-01;48749.0;0.9664999999999999;4304806.8465;0.032999999999999995;0.0;24.8035;99.6985;128.79149999999998;5478.9475;8547562.999000002;0.0;0.0;-76138.85800000001;1122.835;1282.9205000000002;0.349;104.39845;0.052199999999999996;0.013399999999999999;0.0002;25.7055;0.3585;14938.00705;1.83485;0.96355;0.0;60431459.6308;98092833.6754;19706742.7618;453.46445;29416114.939999998;1613515.243024157
2026-10-01;48741.5;0.967;4318989.442;0.3285;0.0;24.8;99.981;128.38299999999998;5478.987499999999;8582118.1805;0.0;0.0;-75613.448;994.3050000000001;1299.442;0.3485;104.82115;0.0527;0.01315;0.0005;25.901;0.3585;15085.6479;1.8526;0.9633;0.0;60882017.551249996;98869119.4392;19856351.37455;498.55395;29619934.125;1629498.6245067704
2026-11-01;48712.0;0.9675;4319302.733;0.006999999999999999;0.0;24.787;100.2715;128.328;5476.387500000001;8620079.672;0.0;0.0;-75419.225;1007.135;1274.874;0.3485;104.8159;0.0539;0.013500000000000002;-5e-05;26.1205;0.359;15051.08305;1.8564;0.9639500000000001;0.0;61332473.376550004;99641454.2102;20005938.4536;587.56705;29818141.1;1646084.7355610777
2026-12-01;48650.0;0.9675;4321813.531;0.057999999999999996;0.0;24.7815;100.531;128.495;5469.6255;8649898.557500001;0.0;0.0;-76398.357;934.1800000000001;1306.2035;0.348;104.92945;0.0527;0.013600000000000001;0.0002;26.347;0.3595;15238.5687;1.9039000000000001;0.9633;0.0;61783220.977400005;100413875.25455001;20155614.5041;675.3345999999999;30012992.98;1662750.7571236151
2027-01-01;48676.0;0.9675;4329226.783;0.17099999999999999;0.0;24.822;100.814;128.1685;5473.308;8684255.023;0.0;0.0;-76852.707;815.5;1311.7745;0.348;105.1142;0.05475;0.0129;0.0002;26.539;0.3595;15364.4729;1.9095;0.9631000000000001;0.0;62234747.62955;101182850.7312;20305608.5278;583.84175;30208876.305;1679755.8747001668
2027-02-01;48655.5;0.968;4334617.9285;0.124;0.0;24.8325;101.056;128.45350000000002;5472.37;8715888.3935;0.0;0.0;-77261.485;775.12;1282.9479999999999;0.347;105.36265;0.05475;0.012;0.0007;26.744999999999997;0.36;15441.249650000002;1.91785;0.9634499999999999;0.0;62686848.051149994;101967066.84185;20455709.8582;528.0783;30411290.265;1696611.7784674205
2027-03-01;48680.0;0.969;4349351.0015;0.33949999999999997;0.0;24.856;101.3175;129.2855;5475.2654999999995;8746909.640500002;0.0;0.0;-76722.394;671.2;1315.4005;0.347;105.7208;0.05285;0.0127;0.00075;26.916;0.36;15598.79375;1.9211999999999998;0.9641;0.0;63140711.67695;102738896.60635;20606453.36005;561.4046000000001;30611572.785;1713874.8880006976
2027-04-01;48665.0;0.9684999999999999;4356283.825;0.1585;0.0;24.863500000000002;101.5625;129.0435;5474.0165;8779026.84;0.0;0.0;-76913.847;502.45000000000005;1302.208;0.3465;105.7432;0.05365;0.01245;-0.0002;27.101;0.3605;15757.4977;1.9434;0.96365;0.0;63595319.9726;103525308.007;20757456.952699997;468.62405;30813716.225;1731184.5208417042
2027-05-01;48691.0;0.9684999999999999;4360945.331;0.10700000000000001;0.0;24.8955;101.77250000000001;128.6945;5478.425499999999;8810676.795;0.0;0.0;-75858.2705;489.275;1288.1185;0.346;106.0009;0.054599999999999996;0.0133;-0.00024999999999999995;27.2805;0.361;15902.04205;1.9475;0.9641;0.0;64050298.7201;104324151.2766;20908513.8521;408.2487;31021746.53;1748515.226697479
2027-06-01;48665.5;0.9684999999999999;4372820.5;0.271;0.0;24.901;101.94999999999999;128.9205;5475.7775;8841498.81;0.0;0.0;-77097.51550000001;379.28499999999997;1292.192;0.3455;106.0085;0.0575;0.01265;-0.00015000000000000001;27.462;0.361;15980.37215;1.9818500000000001;0.9633499999999999;0.0;64505302.46655;105105437.72975;21060065.343000002;749.00815;31214691.25;1765174.4817412717
2027-07-01;48629.0;0.9684999999999999;4379256.348;0.147;0.0;24.911499999999997;102.1585;128.9355;5474.114;8870424.0425;0.0;0.0;-76396.36850000001;269.875;1311.8505;0.3455;106.49665;0.0556;0.012;-0.0001;27.665999999999997;0.3615;16102.667099999999;1.99605;0.9633499999999999;0.0;64962548.45445;105895438.03875;21211860.57985;875.7253000000001;31416298.825000003;1782076.5850409337
2027-08-01;48616.5;0.9675;4390665.4505;0.26;0.0;24.9265;102.416;129.1695;5473.509;8897102.989;0.0;0.0;-76564.4125;147.935;1267.5169999999998;0.3445;106.59505;0.054150000000000004;0.01315;-0.0007;27.877000000000002;0.3615;16183.2209;2.0038;0.9640500000000001;0.0;65420450.3764;106685041.97805;21364146.76805;558.94885;31613666.77;1798814.6685602805
2027-09-01;48629.0;0.967;4393916.167;0.07400000000000001;0.0;24.945500000000003;102.6155;129.1;5474.344499999999;8926937.605;0.0;0.0;-77093.9615;51.59;1227.7984999999999;0.3445;106.8892;0.0559;0.0115;-0.0004;28.055;0.362;16338.4896;2.02475;0.9632000000000001;0.0;65878977.86585;107467235.6273;21516476.462899998;566.69865;31820621.009999998;1815587.5099285333
2027-10-01;48646.0;0.967;4407004.711;0.297;0.0;24.9675;102.914;129.208;5478.774;8955746.1475;0.0;0.0;-76076.027;0.0;1238.01;0.3445;106.73695000000001;0.0559;0.01325;-0.0002;28.249000000000002;0.3625;16448.528;2.0459;0.9633;0.0;66338612.7814;108279243.97760001;21669286.43345;565.37175;32019719.925;1832509.6887531667
2027-11-01;48658.5;0.967;4410380.0385;0.0755;0.0;24.972;103.16749999999999;129.2665;5479.9995;8983540.657000002;0.0;0.0;-77668.7495;0.0;1233.9879999999998;0.344;107.18950000000001;0.0567;0.01175;-0.00020000000000000004;28.439;0.3625;16567.5907;2.0496499999999997;0.9641;0.0;66798900.8172;109068237.94150001;21822149.063950002;771.4527;32231343.145000003;1849370.6525988441
2027-12-01;48677.0;0.966;4423961.041999999;0.307;0.0;25.002;103.44200000000001;129.4025;5483.378500000001;9006182.299;0.0;0.0;-75604.976;0.0;1246.982;0.3435;107.44315;0.05455;0.012050000000000002;-0.00035;28.63;0.363;16670.54245;2.0505;0.9642999999999999;0.0;67260570.42300001;109873269.9061;21975521.231;647.13045;32440806.189999998;1866492.662213116
2028-01-01;48707.0;0.966;4426735.501;0.0625;0.0;25.0315;103.6525;129.285;5485.4105;9034978.5425;0.0;0.0;-77463.26449999999;0.0;1228.8965;0.343;107.21845;0.056749999999999995;0.0119;-0.00019999999999999998;28.819000000000003;0.363;16775.23915;2.05405;0.96455;0.0;67722650.04385;110670788.45629999;22128906.765249997;838.5260999999999;32658183.91;1883607.8022237595
2028-02-01;48710.5;0.9655;4427354.7095;0.013500000000000002;0.0;25.063000000000002;103.91;128.993;5488.0755;9062535.864500001;0.0;0.0;-75681.855;0.0;1206.3784999999998;0.343;107.18625;0.0566;0.0138;-0.00035;29.024;0.3635;16875.271500000003;2.0705999999999998;0.96385;0.0;68184811.9923;111477114.07355;22282225.27625;1055.6111500000002;32873334.985;1900613.116963863
2028-03-01;48703.5;0.9664999999999999;4431349.808;0.09;0.0;25.08;104.186;129.4645;5490.1585;9088426.7265;0.0;0.0;-78155.6675;0.0;1203.8815;0.343;107.15775;0.05735;0.01105;0.00015000000000000001;29.226;0.3635;17019.68465;2.0815;0.9633499999999999;0.0;68647190.91319999;112280327.67685;22435666.85235;865.1638;33086919.36;1916434.9846677058
2028-04-01;48678.0;0.966;4437003.1755;0.1275;0.0;25.0815;104.388;129.31150000000002;5488.6905;9116024.803;0.0;0.0;-78803.14050000001;0.0;1210.257;0.342;107.17255;0.0577;0.01345;-0.00035;29.430999999999997;0.364;17169.63045;2.089;0.9637;0.0;69110231.76705;113094807.0507;22589166.38415;1106.85755;33304678.365;1932323.4750598394
2028-05-01;48687.0;0.9655;4439603.195499999;0.057999999999999996;0.0;25.0965;104.5715;129.263;5487.388;9132912.4825;0.0;0.0;-78576.993;0.0;1183.1015;0.342;107.0818;0.0579;0.01175;-0.00015000000000000001;29.6235;0.364;17325.877800000002;2.1264000000000003;0.96315;0.0;69572861.69804999;113902740.5327;22742709.88975;598.6186;33521512.775;1948709.794750876
2028-06-01;48710.5;0.9655;4452176.125;0.28300000000000003;0.0;25.111;104.78200000000001;129.11450000000002;5491.8724999999995;9149926.6035;0.0;0.0;-77240.105;0.0;1196.1975;0.342;107.2945;0.0577;0.01145;0.00010000000000000002;29.816499999999998;0.365;17433.27835;2.1355;0.96305;0.0;70036630.7728;114732310.07980001;22896671.62195;531.14265;33740463.705;1965547.9709947687
2028-07-01;48710.0;0.966;4458593.086999999;0.14400000000000002;0.0;25.137;104.99950000000001;129.42950000000002;5494.3099999999995;9168170.5755;0.0;0.0;-78987.1425;0.0;1224.4155;0.342;107.54679999999999;0.05765;0.01225;0.00025;30.0;0.365;17619.48455;2.16005;0.96235;0.0;70501753.62685;115552594.35319999;23050980.318350002;941.9952;33959770.92;1981761.332284126
2028-08-01;48703.5;0.966;4464962.716;0.14250000000000002;0.0;25.1315;105.189;129.804;5491.5475;9194480.819;0.0;0.0;-79567.94750000001;0.0;1202.133;0.3415;107.61500000000001;0.0603;0.012799999999999999;0.00015000000000000001;30.194000000000003;0.365;17801.002249999998;2.1867;0.9621;0.0;70967535.10625;116374395.0524;23205485.3724;799.67055;34185117.739999995;1998095.5401308197
2028-09-01;48687.5;0.9664999999999999;4469303.2695;0.097;0.0;25.141;105.46;129.803;5491.222;9216574.08;0.0;0.0;-78689.2965;0.0;1165.0825;0.341;107.63985;0.058300000000000005;0.0112;0.0006000000000000001;30.371000000000002;0.365;17925.26985;2.2045500000000002;0.96195;0.0;71433018.18015;117183384.2589;23360092.59505;780.3577;34406372.7;2013940.0596543443
2028-10-01;48717.5;0.9664999999999999;4476888.1545;0.1695;0.0;25.1465;105.70400000000001;129.99599999999998;5494.476500000001;9238470.0555;0.0;0.0;-78242.587;0.0;1181.8465;0.341;108.1874;0.058249999999999996;0.0125;-0.00015000000000000001;30.5445;0.3655;17980.562100000003;2.2117;0.9623999999999999;0.0;71900206.06835;118022836.08000001;23514828.2577;968.99015;34644257.375;2030066.3529516426
2028-11-01;48722.5;0.9675;4486674.949999999;0.218;0.0;25.161499999999997;105.9185;129.77100000000002;5494.399;9259937.872;0.0;0.0;-78935.084;0.0;1171.7855;0.3405;108.04079999999999;0.059399999999999994;0.0116;0.0006000000000000001;30.746000000000002;0.366;18016.478750000002;2.2348;0.9622999999999999;0.0;72368179.603;118853165.43145001;23670071.1985;730.5252;34873038.51;2046684.07364546
2028-12-01;48716.0;0.967;4492365.1925;0.1265;0.0;25.1825;106.1195;130.006;5495.9455;9284285.8765;0.0;0.0;-79306.78099999999;0.0;1172.2875;0.34;108.06285;0.0598;0.01235;-0.0002;30.941;0.366;18138.2107;2.24535;0.9627;0.0;72837054.51315;119676849.0781;23825536.0537;979.9542;35102268.165;2064319.6113972436
2029-01-01;48695.0;0.967;4504878.207;0.27749999999999997;0.0;25.192;106.3375;129.5695;5494.96;9306260.219999999;0.0;0.0;-79539.32949999999;0.0;1217.6840000000002;0.34;108.54570000000001;0.06;0.01345;0.00035;31.1465;0.3665;18258.7575;2.25915;0.96315;0.0;73307357.11524999;120503787.5102;23981421.883550003;1053.70065;35335766.644999996;2082127.3580258745
2029-02-01;48679.0;0.967;4515208.297499999;0.22899999999999998;0.0;25.2115;106.614;129.7235;5495.282;9328110.8215;0.0;0.0;-78473.11050000001;0.0;1180.8175;0.3395;108.57875000000001;0.0599;0.011800000000000001;0.00025;31.360500000000002;0.3665;18394.583;2.2832999999999997;0.96315;0.0;73778021.6893;121326392.25245;24137696.888800003;926.8793499999999;35569900.195;2100018.045446919
2029-03-01;48662.5;0.9675;4515916.984;0.015499999999999993;0.0;25.229;106.8515;129.76999999999998;5494.3565;9355752.907;0.0;0.0;-80115.5215;0.0;1216.1785;0.339;108.79525000000001;0.06035;0.01255;0.0003;31.570999999999998;0.367;18503.87235;2.30555;0.96255;0.0;74249552.1959;122151520.98855;24293935.49285;1234.7038499999999;35808007.935;2117754.9318736973
2029-04-01;48675.0;0.967;4522716.888;0.1505;0.0;25.256;107.0805;129.936;5496.915;9379221.3895;0.0;0.0;-78624.218;0.0;1207.5365000000002;0.339;108.92635;0.05995;0.0127;-0.00045000000000000004;31.753;0.367;18645.6234;2.30715;0.96295;0.0;74721024.60885;122981719.44285;24450444.7878;1004.8265;36041351.965;2135586.6678032284
2029-05-01;48675.0;0.967;4537202.268999999;0.318;0.0;25.264499999999998;107.2365;129.99;5497.7265;9394789.412999999;0.0;0.0;-80593.52799999999;0.0;1209.4569999999999;0.339;109.196;0.061399999999999996;0.0132;-0.00065;31.945;0.368;18776.8737;2.3282;0.9630000000000001;0.0;75194351.19215;123812026.9842;24607634.91685;667.2394;36270464.165;2153458.212575265
2029-06-01;48675.0;0.967;4538729.983;0.032999999999999995;0.0;25.2625;107.44399999999999;129.5685;5498.475;9414229.853999998;0.0;0.0;-79008.4695;0.0;1207.7604999999999;0.3385;109.10595;0.0621;0.0118;0.00030000000000000003;32.159;0.368;18922.8946;2.3546;0.9624;0.0;75668123.44755;124670415.70865;24764769.7024;883.7641;36506776.955;2171263.436246766
2029-07-01;48701.5;0.967;4546412.194;0.16849999999999998;0.0;25.277500000000003;107.6555;130.10500000000002;5502.7515;9428426.0695;0.0;0.0;-79679.0395;0.0;1179.9524999999999;0.338;109.44800000000001;0.06104999999999999;0.01155;-5.000000000000002e-05;32.36;0.368;19128.2085;2.3651999999999997;0.9618500000000001;0.0;76142358.59025;125521951.49495;24922217.6541;609.7625;36739705.9;2188995.3056318727
2029-08-01;48729.0;0.967;4558069.4505;0.2555;0.0;25.302;107.8845;130.1985;5505.061;9450804.5425;0.0;0.0;-80624.7175;0.0;1210.3285;0.338;109.6756;0.0605;0.012199999999999999;0.00015;32.5555;0.368;19264.819450000003;2.3739;0.9619;0.0;76618219.84385;126364086.12055;25080065.0638;1043.00005;36971850.21;2207828.617840471
2029-09-01;48740.5;0.967;4569615.9344999995;0.253;0.0005;25.316000000000003;108.11099999999999;130.1655;5504.909;9477371.809999999;0.0;0.0;-81000.1535;0.0;1177.3850000000002;0.338;109.6717;0.06255;0.0116;-0.00015000000000000001;32.754999999999995;0.369;19406.64375;2.37595;0.9628;0.0;77095135.2604;127217139.1971;25238278.00325;994.15555;37205165.955;2226359.378221024
2029-10-01;48753.5;0.9664999999999999;4569406.592499999;-0.0045000000000000005;0.0;25.336;108.3565;130.1345;5507.732;9497367.8385;0.0;0.0;-79517.8265;0.0;1198.8125;0.337;109.95089999999999;0.06215;0.012549999999999999;-0.0006000000000000001;32.953;0.369;19510.284249999997;2.37595;0.9633;0.0;77572436.93895;128061871.72055;25396524.36335;1075.4655;37445828.17;2244894.870564879
2029-11-01;48768.0;0.9664999999999999;4580299.5525;0.2365;0.0;25.359;108.5655;130.4485;5510.4425;9518484.84;0.0;0.0;-80389.132;0.0;1242.2125;0.337;109.98769999999999;0.062200000000000005;0.011699999999999999;0.00045000000000000004;33.144499999999994;0.369;19604.47215;2.38745;0.9632499999999999;0.0;78050730.79685;128923041.2412;25555169.237099998;1003.59925;37681729.305;2264309.4521974055
2029-12-01;48735.5;0.9664999999999999;4595128.821;0.3235;0.0;25.356;108.71350000000001;130.6995;5508.329;9537217.742;0.0;0.0;-80141.149;0.0;1248.6554999999998;0.337;110.4907;0.06205;0.01325;-0.0003;33.411500000000004;0.3695;19805.20065;2.4154;0.96255;0.0;78530535.11344999;129781362.78285;25714370.1368;973.84025;37918536.275;2285919.232391999
