2010-01-01;36482.166666666664;1.0013333333333332;6449.834333333333;100.0;0.18600000000000003;12.376333333333333;0.09733333333333334;0.04633333333333334;264.828;119735.97000000002;0.0;0.0;2136003.2611666666;80.15216666666667;43.416666666666664;0.3985;0.4923333333333333;0.135;0.0798;0.44675;0.0;0.7308333333333333;0.08033333333333333;249.54841666666667;0.0036666666666666666;0.19386666666666666;0.0;1663.8980833333335;5193.274916666666;377.5979666666667;0.0;11561.738333333333;22.897141278970366
2010-02-01;36575.833333333336;1.0053333333333334;9548.354833333333;32.465;0.20283333333333334;12.177166666666666;0.275;0.163;263.82216666666665;11475.439666666667;0.0;0.0;2146948.8485;-364.481;67.82333333333334;1.558;0.5333333333333333;0.45039999999999997;0.0248;0.45535;0.004;0.7303333333333333;0.077;203.6694;0.00235;0.7390500000000001;0.0;3987.1664;12808.788083333333;936.2858833333333;0.27468333333333333;27465.501666666667;59.214177452572464
2010-03-01;36649.0;1.0075;13256.053166666667;27.962166666666665;0.21233333333333335;12.0845;0.5003333333333333;0.27566666666666667;264.84233333333333;12475.267166666667;0.0;0.0;2160997.9805;-634.8958333333334;85.86;2.799;0.4888333333333333;0.7484666666666667;0.010916666666666667;0.46376666666666666;0.0023333333333333335;0.7308333333333333;0.0745;197.69083333333333;0.0011;0.8502000000000001;0.0;6845.737700000001;20682.808733333335;1712.5400833333333;28.36815;43848.915;110.70538822329314
2010-04-01;36712.166666666664;1.0094999999999998;14838.394833333334;10.661833333333334;0.21933333333333335;12.031166666666666;0.5436666666666667;0.31783333333333336;266.9305;27834.451833333336;0.0;0.0;2178873.9353333334;-1217.6283333333333;99.145;3.255333333333333;0.5091666666666667;0.8610666666666668;0.010799999999999999;0.4720333333333333;0.0017666666666666666;0.7308333333333333;0.07216666666666666;194.33173333333335;-0.00011666666666666667;0.8662833333333334;0.0;10007.589316666666;28625.848433333333;2580.43925;131.36318333333332;60286.130000000005;169.2970413010498
2010-05-01;36760.666666666664;1.0094999999999998;17243.759000000002;13.93;0.2245;11.997666666666667;0.6995;0.3815;269.461;38265.84133333334;0.0;0.0;2201449.8800000004;-1775.7148333333334;109.85333333333334;4.027833333333334;0.494;1.0712166666666667;0.0094;0.4792666666666667;-1.6666666666666705e-05;0.7324999999999999;0.07016666666666667;191.26566666666668;-0.0010166666666666666;0.89515;0.0;13577.363616666667;36691.36633333333;3586.9089833333333;237.42836666666668;76851.01833333333;236.5625865512569
2010-06-01;36818.166666666664;1.0086666666666666;20565.8095;16.098666666666666;0.22916666666666666;11.981333333333334;1.0233333333333332;0.47100000000000003;272.48383333333334;43105.63566666667;0.0;0.0;2229485.4803333334;-1734.9108333333334;114.745;5.2636666666666665;0.45883333333333337;1.4014666666666666;0.0074;0.48625;-0.0009000000000000001;0.733;0.06866666666666667;194.1123;-0.0017499999999999998;0.93295;0.0;17721.930016666665;45251.632849999995;4787.96045;394.40478333333334;93304.54166666667;313.55224094897187
2010-07-01;36875.0;1.0081666666666667;23171.2215;11.224666666666666;0.2325;11.976666666666667;1.2908333333333333;0.5685;276.4291666666667;50432.935999999994;0.0;0.0;2263568.2739999997;-1882.9483333333335;118.57000000000001;6.317833333333333;0.445;1.6488166666666666;0.007783333333333333;0.49225;-0.00025;0.7334999999999999;0.06683333333333334;194.68544999999997;-0.00295;0.9499333333333334;0.0;22419.240550000002;54058.16711666667;6141.7028;634.6468833333333;109605.21833333334;416.55030754606486
2010-08-01;36918.0;1.0078333333333334;25648.833833333334;9.631833333333333;0.23583333333333334;11.972;1.5083333333333335;0.6443333333333333;280.08233333333334;78987.75083333334;0.0;0.0;2303738.1468333337;-2210.778;119.17833333333334;7.237333333333333;0.43766666666666665;1.8247;0.0086;0.49816666666666665;-0.00035;0.7353333333333333;0.06483333333333334;198.36528333333334;-0.003783333333333333;0.9594333333333332;0.0;27989.104616666667;62994.64465;7640.346266666666;1252.9911166666668;125914.37833333334;550.7675932490778
2010-09-01;36971.5;1.0086666666666666;26810.28;4.337833333333333;0.23866666666666667;11.9685;1.5614999999999999;0.6863333333333334;284.2375;89036.36833333333;0.0;0.0;2350578.4966666666;-2981.3908333333334;118.425;7.623833333333334;0.4426666666666667;1.8943166666666666;0.008916666666666666;0.5041166666666667;0.0008166666666666666;0.7356666666666666;0.06266666666666666;199.75328333333334;-0.0049;0.9609833333333334;0.0;32806.16345;71894.47233333334;9206.6737;264.4047;141976.995;727.4447359979299
2010-10-01;37000.833333333336;1.0093333333333332;26965.336166666664;0.6141666666666666;0.24083333333333332;11.965166666666667;1.5176666666666667;0.7026666666666667;288.2665;90991.78916666667;0.0;0.0;2404514.992833333;-3461.9995;119.28166666666665;7.768833333333333;0.45450000000000007;1.8989;0.010466666666666666;0.509;0.0006333333333333333;0.7374999999999999;0.06066666666666667;196.62154999999998;-0.005833333333333333;0.9551166666666666;0.010450000000000001;37407.255183333335;80675.99643333333;10781.101133333334;22.118916666666667;157853.94999999998;933.1733841289146
2010-11-01;37028.333333333336;1.0101666666666667;27581.179333333333;2.1875;0.24383333333333335;11.960166666666666;1.4875;0.7178333333333334;291.83216666666664;91488.51150000001;0.0;0.0;2466548.2945000003;-4013.214;120.47666666666667;7.945666666666668;0.4648333333333334;1.9005166666666666;0.013066666666666666;0.5129666666666667;0.0008666666666666666;0.7393333333333333;0.05883333333333333;199.69198333333335;-0.006683333333333333;0.9503166666666667;0.022733333333333338;42080.21523333333;89314.02390000001;12392.289633333334;34.83141666666667;173381.80166666667;1173.6304941999647
2010-12-01;37047.333333333336;1.0113333333333332;28470.24166666667;3.1508333333333334;0.24583333333333335;11.961333333333334;1.5118333333333334;0.7508333333333334;296.077;90975.55283333334;0.0;0.0;2537070.240833333;-4472.345666666667;120.52499999999999;8.113333333333333;0.4693333333333333;1.9494999999999998;0.014866666666666667;0.5171333333333333;0.0011833333333333333;0.741;0.05683333333333334;201.39143333333334;-0.00765;0.9494000000000001;0.016616666666666665;46906.60623333333;97920.85743333334;14055.311833333333;91.005;188742.43166666667;1451.9840644493186
2011-01-01;37030.666666666664;1.0116666666666667;28913.183833333333;1.546;0.24766666666666667;11.965000000000002;1.4758333333333333;0.7655;301.03749999999997;94818.5805;0.0;0.0;2617080.9906666665;-5134.482333333333;120.79333333333334;8.203333333333333;0.4785;1.9486833333333333;0.016783333333333334;0.5205500000000001;0.00028333333333333335;0.7433333333333333;0.056;204.10215000000002;-0.0082;0.9466666666666667;0.02045;51713.39776666666;106361.43716666667;15613.060216666667;23.605866666666667;203894.68166666667;1765.398639713264
2011-02-01;36994.5;1.0125;29366.502833333332;1.5476666666666665;0.249;11.960666666666667;1.4525;0.7775;304.94483333333335;94134.66283333332;0.0;0.0;2707471.760166667;-5757.899333333334;122.48833333333334;8.334166666666667;0.48633333333333334;1.9489166666666666;0.019733333333333335;0.5223;0.0008333333333333334;0.746;0.05516666666666667;207.5916;-0.008783333333333332;0.9430999999999999;0.02045;56555.05343333333;114748.87095;17195.458166666667;13.864600000000001;218743.13;2130.5998265678686
2011-03-01;36974.166666666664;1.0123333333333333;29790.415333333334;1.4073333333333335;0.2505;11.964666666666666;1.4491666666666667;0.8006666666666667;309.785;93978.20366666665;0.0;0.0;2809219.311;-6245.639666666667;123.37666666666667;8.423499999999999;0.492;1.9461166666666667;0.023583333333333335;0.5244;-0.00046666666666666666;0.7484999999999999;0.054;208.3587;-0.009433333333333334;0.9422833333333333;0.020233333333333336;61466.43335;122980.85993333334;18800.594383333333;45.15110000000001;233457.42166666666;2539.8104925402026
2011-04-01;36940.666666666664;1.0134999999999998;30516.394166666665;2.3826666666666667;0.2515;11.968166666666667;1.438;0.815;314.43966666666665;101763.669;0.0;0.0;2923447.5179999997;-6681.488833333334;122.11;8.506;0.49816666666666665;1.9691166666666666;0.02648333333333333;0.5276666666666667;0.0013166666666666665;0.751;0.05333333333333334;208.3583;-0.010050000000000002;0.9411166666666667;0.023500000000000004;66490.21831666667;131152.78766666667;20444.484516666667;86.03590000000001;247881.18333333335;2956.8176483342363
2011-05-01;36942.5;1.0143333333333333;31500.00116666667;3.106666666666667;0.25266666666666665;11.979833333333334;1.5056666666666667;0.8363333333333333;319.9225;105015.02483333333;0.0;0.0;3051208.587166667;-6949.763333333333;122.34666666666665;8.738833333333334;0.49583333333333335;2.0146666666666664;0.0294;0.5308;0.0008666666666666666;0.7531666666666667;0.052;210.1355166666667;-0.010833333333333334;0.9434333333333332;0.024683333333333335;71893.25983333333;139456.39105;22141.29663333333;374.5699833333333;262220.7083333333;3388.2072793368493
2011-06-01;36935.166666666664;1.0146666666666666;32958.90349999999;4.4255;0.2535;11.990499999999999;1.6144999999999998;0.8701666666666666;324.6311666666667;108039.64983333333;0.0;0.0;3194012.4443333335;-7148.320833333334;122.125;9.208833333333333;0.4895;2.0786333333333333;0.033133333333333334;0.5342;0.0002833333333333333;0.7553333333333333;0.049999999999999996;211.44723333333332;-0.011533333333333333;0.9482166666666667;0.027383333333333332;77704.94781666667;147785.86398333334;23916.1487;635.8734833333333;276335.4166666667;3864.319174327268
2011-07-01;36935.333333333336;1.0145;34266.427833333335;3.813333333333334;0.25533333333333336;12.001166666666668;1.7138333333333333;0.9093333333333334;329.07466666666664;110074.90683333333;0.0;0.0;3353350.6999999997;-7561.179;121.075;9.488833333333334;0.4851666666666667;2.1281;0.03638333333333333;0.5346833333333333;-1.6666666666666657e-05;0.7576666666666667;0.04883333333333333;213.9728;-0.0121;0.9509666666666666;0.026533333333333336;83682.22388333334;156269.3485;25761.50205;648.77365;290202.855;4353.300183472528
2011-08-01;36929.5;1.0151666666666666;35230.926166666664;2.7325;0.2568333333333333;12.010166666666668;1.7898333333333334;0.9196666666666666;334.0175;115374.09749999999;0.0;0.0;3530658.4171666666;-7850.561833333333;118.585;9.6635;0.48266666666666663;2.1601333333333335;0.041166666666666664;0.5376;0.0005833333333333334;0.7601666666666667;0.04700000000000001;216.40215;-0.013166666666666667;0.9526833333333333;0.029800000000000004;89905.91399999999;164754.85648333334;27659.40378333333;794.6573666666667;303902.0416666667;4847.905374999128
2011-09-01;36897.5;1.0158333333333334;36383.80433333333;3.176166666666667;0.25783333333333336;12.015500000000001;1.8205;0.9393333333333334;338.75666666666666;119620.92833333333;0.0;0.0;3727822.1678333334;-7842.954833333333;114.555;9.7745;0.484;2.1823333333333337;0.0466;0.5406833333333333;0.0007833333333333334;0.7635000000000001;0.045500000000000006;218.67893333333333;-0.013916666666666667;0.95235;0.03358333333333333;95859.28433333333;173420.85421666666;29618.492500000004;345.6236333333334;317286.59;5341.5576973499665
2011-10-01;36894.666666666664;1.017;37369.30466666667;2.6350000000000002;0.2588333333333333;12.028;1.8546666666666667;0.9723333333333333;343.57716666666664;126191.18433333334;0.0;0.0;3946739.1311666667;-8231.741166666667;110.89;10.102;0.4851666666666667;2.1900666666666666;0.05125;0.5415666666666666;0.0009333333333333333;0.7656666666666667;0.044000000000000004;220.25446666666667;-0.013850000000000001;0.9514833333333333;0.037899999999999996;101986.39368333334;182017.8265333333;31631.313299999998;403.10816666666665;330591.7183333333;5849.168910971617
2011-11-01;36886.833333333336;1.0170000000000001;38364.829666666665;2.5853333333333333;0.26;12.037;1.8739999999999999;0.9758333333333334;348.2065;128390.13166666667;0.0;0.0;4189693.571;-8488.240166666666;106.925;10.2355;0.48666666666666664;2.2074333333333334;0.05615;0.5407833333333333;0.00018333333333333334;0.7685;0.043500000000000004;220.54043333333334;-0.013166666666666667;0.94995;0.041699999999999994;108065.85088333332;190725.71131666665;33698.106;221.67258333333334;343593.31;6365.420212517479
2011-12-01;36892.333333333336;1.0174999999999998;39617.57266666667;3.1543333333333337;0.261;12.051499999999999;1.9036666666666668;0.9953333333333333;353.02683333333334;130123.90333333332;0.0;0.0;4458962.020333334;-8702.762333333334;103.89;10.316;0.4876666666666667;2.23435;0.060816666666666665;0.5397;0.0003666666666666666;0.7708333333333334;0.044333333333333336;220.67596666666668;-0.013066666666666666;0.9502833333333333;0.03735;114331.92156666667;199543.06281666667;35831.913733333335;260.3897666666667;356453.8983333334;6895.672096438285
2012-01-01;36886.5;1.0181666666666667;40467.666;2.1056666666666666;0.26216666666666666;12.060833333333333;1.9235;1.0038333333333334;357.46883333333335;130501.482;0.0;0.0;4757187.084833333;-9028.327666666666;102.915;10.247;0.48900000000000005;2.2219833333333336;0.06536666666666667;0.5395;0.0006166666666666666;0.7731666666666667;0.044833333333333336;221.43256666666665;-0.013;0.9502666666666667;0.032400000000000005;120631.68058333332;208399.9516;38009.90688333334;188.86006666666665;369108.61999999994;7438.761590031609
2012-02-01;36886.5;1.0181666666666667;41654.318166666664;2.8408333333333338;0.263;12.0715;1.938;0.983;362.3098333333333;133083.98716666666;0.0;0.0;5087381.077333333;-9046.303;98.13;10.099166666666667;0.4911666666666667;2.2350666666666665;0.07083333333333333;0.5387000000000001;1.6666666666666674e-05;0.7756666666666666;0.04566666666666667;222.85986666666668;-0.013;0.9504666666666667;0.03968333333333333;127127.3494;217297.96598333333;40250.970916666665;249.58220000000003;381512.0316666667;7987.066971269179
2012-03-01;36889.166666666664;1.0186666666666666;43096.80416666666;3.3398333333333334;0.26383333333333336;12.087333333333333;1.9863333333333333;0.9903333333333334;367.574;136583.77583333335;0.0;0.0;5452594.986333334;-8860.532;92.50166666666667;10.320666666666666;0.49066666666666664;2.2649;0.07648333333333333;0.53795;0.0005833333333333334;0.778;0.04649999999999999;222.6984;-0.012983333333333333;0.9514;0.04431666666666667;134053.76821666668;226434.49865;42571.03636666667;529.3015833333333;393722.91500000004;8536.583433648997
2012-04-01;36883.166666666664;1.0183333333333333;44270.31466666667;2.655333333333333;0.26466666666666666;12.096333333333334;1.9740000000000002;0.9781666666666666;372.4316666666667;136449.1745;0.0;0.0;5856185.559333333;-9071.673;84.375;10.349166666666667;0.4945;2.25495;0.07988333333333333;0.5377166666666666;-0.00018333333333333334;0.7803333333333334;0.047499999999999994;223.97893333333332;-0.012933333333333333;0.9504166666666668;0.04801666666666667;140686.68998333332;235760.7404;44953.34541666667;40.36811666666667;405865.86000000004;9098.588701595692
2012-05-01;36884.666666666664;1.0196666666666667;45606.473;2.9175000000000004;0.2655;12.109;1.9963333333333333;0.9826666666666667;377.8055;140864.5335;0.0;0.0;6302454.462;-8957.732;78.27166666666666;10.495166666666668;0.49583333333333335;2.2715833333333335;0.08611666666666666;0.5379166666666667;0.0012833333333333334;0.7831666666666667;0.04783333333333333;225.054;-0.0129;0.9508666666666666;0.038566666666666666;147746.81838333333;245127.06256666666;47408.00331666667;334.8120333333333;417808.45166666666;9655.899664697488
2012-06-01;36869.333333333336;1.0196666666666667;46952.45616666667;2.8635;0.26633333333333337;12.116999999999999;2.0396666666666667;0.9824999999999999;382.82033333333334;141763.29116666666;0.0;0.0;6795700.004333333;-9214.169;68.40333333333334;10.653166666666667;0.49583333333333335;2.287783333333333;0.09063333333333334;0.53795;0.00024999999999999995;0.7863333333333333;0.048666666666666664;225.5114166666667;-0.012883333333333335;0.95175;0.041883333333333335;154993.72043333334;254661.90583333335;49935.137233333335;355.94665000000003;429605.22;10218.963303740002
2012-07-01;36835.0;1.0188333333333333;45953.34766666667;-2.391;0.267;12.118;2.0498333333333334;0.9956666666666667;387.67350000000005;142531.25083333332;0.0;0.0;7343235.175;-9325.196333333333;54.873333333333335;10.817;0.49783333333333335;2.2912500000000002;0.0949;0.53735;-0.0011333333333333334;0.7895;0.049166666666666664;227.29958333333332;-0.01285;0.9515666666666668;0.041883333333333335;161914.1317;263938.78925;52408.19525;155.55268333333333;441240.17166666663;10781.221484762063
2012-08-01;36822.666666666664;1.0155;45153.560666666664;-1.9765000000000004;0.2675;12.129;2.0643333333333334;0.9948333333333332;393.23083333333335;144550.5925;0.0;0.0;7950815.030333333;-9402.934333333333;42.949999999999996;11.191333333333333;0.49899999999999994;2.299116666666667;0.10043333333333333;0.5376;-0.0032166666666666667;0.793;0.049833333333333334;230.76843333333332;-0.01285;0.952;0.045116666666666666;168782.62468333333;273086.02978333336;54838.228200000005;227.57308333333333;452719.82666666666;11350.398982333742
2012-09-01;36810.666666666664;1.011;41908.98966666667;-8.547333333333333;0.2685;12.139666666666665;2.055;0.9503333333333334;397.68966666666665;144893.93133333334;0.0;0.0;8627144.622166667;-9571.767333333333;33.388333333333335;10.991166666666667;0.5015;2.2979166666666666;0.1049;0.5364666666666666;-0.0045;0.7956666666666666;0.049999999999999996;232.21085000000002;-0.0128;0.9515666666666668;0.051699999999999996;175058.98821666665;281685.9834;57093.357533333336;57.918200000000006;463999.87166666664;11912.375879954801
2012-10-01;36803.833333333336;1.008333333333333;37447.52333333333;-12.053666666666667;0.26933333333333337;12.152666666666667;2.0403333333333333;0.9325;403.2138333333333;146025.4245;0.0;0.0;9380135.192833334;-9635.247166666666;28.685000000000002;10.785833333333334;0.5045000000000001;2.2725;0.10958333333333332;0.53675;-0.0027166666666666663;0.798;0.050499999999999996;235.29381666666666;-0.012716666666666666;0.9506333333333333;0.05516666666666667;180698.3863;289581.1478166667;59108.5899;15.7798;475210.3566666667;12437.140991441129
2012-11-01;36799.666666666664;1.0078333333333334;34636.022333333334;-7.9045;0.27;12.168;2.0340000000000003;0.8975;408.557;143925.108;0.0;0.0;10216508.824666666;-9455.93;26.531666666666666;10.566166666666666;0.5065000000000001;2.258783333333333;0.11571666666666668;0.5363166666666667;-0.00019999999999999996;0.8003333333333335;0.051;237.27301666666665;-0.012666666666666666;0.9500500000000001;0.05508333333333334;185993.34378333334;297051.8317;60972.753033333334;64.8832;486137.55;12942.757476637069
2012-12-01;36795.333333333336;1.0090000000000001;34045.230833333335;-1.7196666666666667;0.2705;12.183333333333332;2.0238333333333336;0.8963333333333333;413.9785;142756.589;0.0;0.0;11142215.775166666;-9339.3945;25.246666666666666;10.878;0.5078333333333334;2.2379;0.12098333333333333;0.5367666666666667;0.0007499999999999999;0.8023333333333333;0.051333333333333335;238.67315;-0.012666666666666666;0.9495666666666667;0.05833333333333334;191209.85793333335;304463.51591666666;62805.05138333333;78.05478333333333;496883.9283333333;13434.716446676042
2013-01-01;36788.666666666664;1.0086666666666666;33903.211;-0.3998333333333333;0.2715;12.193;2.013666666666667;0.8798333333333334;418.0421666666667;139534.9205;0.0;0.0;12166018.245499998;-9295.695166666666;24.633333333333336;10.6575;0.5093333333333333;2.215866666666667;0.12806666666666666;0.5369333333333334;-0.00016666666666666666;0.8043333333333335;0.051666666666666666;240.23738333333336;-0.012700000000000001;0.9495;0.06196666666666667;196387.96441666665;311729.1122833334;64650.89448333334;64.65138333333333;507534.70999999996;13939.111057836979
2013-02-01;36786.166666666664;1.0083333333333333;33735.7925;-0.501;0.27233333333333337;12.204166666666666;2.0068333333333332;0.8815;422.95116666666667;136286.775;0.0;0.0;13298219.833333334;-9446.232;23.365;10.8685;0.5105000000000001;2.206916666666667;0.13176666666666667;0.5377;-0.00025;0.8066666666666666;0.05216666666666667;241.9817833333333;-0.012633333333333335;0.9492666666666666;0.06543333333333333;201532.88378333332;318954.63395;66485.4901;65.15241666666667;518102.865;14437.40122254181
2013-03-01;36771.333333333336;1.0076666666666665;33548.914833333336;-0.5471666666666667;0.273;12.208833333333333;1.9968333333333332;0.879;428.10200000000003;135184.05266666666;0.0;0.0;14549974.460333332;-9350.547333333334;22.433333333333334;10.6855;0.5121666666666667;2.1741166666666665;0.13801666666666668;0.5370333333333334;-0.0006333333333333333;0.8093333333333333;0.0525;242.65928333333332;-0.012583333333333334;0.9488500000000001;0.06033333333333333;206652.5279;326143.57773333334;68310.4672;76.32895;528475.7133333334;14936.48495590599
2013-04-01;36770.166666666664;1.0078333333333334;33702.49283333333;0.4535;0.2745;12.220666666666666;1.985;0.87;433.33183333333335;132678.7255;0.0;0.0;15933576.121166667;-9115.3235;20.188333333333333;10.636166666666666;0.5135;2.156166666666667;0.14296666666666666;0.53775;1.6666666666666637e-05;0.8111666666666667;0.05266666666666667;244.13075;-0.012566666666666665;0.9483166666666666;0.06456666666666667;211759.22148333336;333265.98556666664;70145.42109999999;44.991350000000004;538700.885;15433.251561585874
2013-05-01;36770.0;1.008;33495.1865;-0.6178333333333333;0.2753333333333334;12.2365;1.9880000000000002;0.8728333333333333;437.96033333333327;133220.89183333333;0.0;0.0;17463071.07183333;-9022.084333333332;19.005;10.610999999999999;0.5138333333333334;2.1413333333333333;0.14826666666666666;0.5375166666666668;8.333333333333333e-05;0.8133333333333334;0.053;244.56006666666667;-0.01255;0.9481833333333333;0.06456666666666667;217004.2995;340386.9148166667;71968.07678333334;242.16946666666664;548800.9716666667;15918.310787873728
2013-06-01;36761.333333333336;1.0081666666666667;33427.72066666667;-0.2038333333333333;0.276;12.247166666666667;1.9988333333333335;0.8748333333333332;443.083;131230.82716666666;0.0;0.0;19153636.743166666;-8968.635666666667;18.263333333333332;10.517333333333333;0.5131666666666667;2.131816666666667;0.15414999999999998;0.5377333333333333;0.0003333333333333333;0.8155;0.05333333333333334;245.34115;-0.012566666666666665;0.9489000000000001;0.05998333333333333;222264.15303333334;347445.7307166667;73786.95223333333;279.67988333333335;558803.6616666666;16399.727687471986
2013-07-01;36760.5;1.0076666666666665;33501.42533333333;0.20350000000000001;0.277;12.264000000000001;2.033166666666667;0.8758333333333334;448.0246666666667;131470.40583333335;0.0;0.0;21021968.728833333;-8910.874666666667;17.131666666666664;10.586166666666665;0.5108333333333334;2.124233333333333;0.16033333333333333;0.53725;-0.0003;0.8178333333333333;0.05333333333333334;245.35835;-0.012516666666666667;0.9498833333333333;0.05983333333333333;227854.87953333333;354455.9405166667;75609.76888333332;651.1197833333333;568633.4783333334;16882.86438114345
2013-08-01;36760.666666666664;1.0076666666666665;33284.25166666667;-0.666;0.2771666666666667;12.2815;2.0511666666666666;0.8728333333333333;453.55566666666664;129863.30466666666;0.0;0.0;23086703.726333335;-8901.693000000001;15.214999999999998;10.601833333333333;0.5096666666666666;2.1007333333333333;0.16381666666666667;0.5368833333333333;8.333333333333337e-05;0.82;0.05383333333333334;245.9869;-0.012499999999999999;0.9503;0.05983333333333333;233146.54596666666;361389.20938333333;77421.07318333334;359.2199166666667;578327.8216666667;17371.13716778984
2013-09-01;36754.5;1.0085;33444.86083333333;0.494;0.2781666666666667;12.295166666666667;2.0621666666666667;0.8651666666666666;459.257;128559.124;0.0;0.0;25368152.588333335;-8787.655499999999;13.748333333333335;10.421166666666666;0.5095;2.09235;0.16861666666666666;0.5370666666666667;0.0006;0.8223333333333332;0.054;247.36181666666667;-0.012450000000000001;0.9506166666666666;0.06186666666666666;238377.80464999998;368426.89519999997;79241.0377;283.0106333333334;587809.1316666667;17851.439875961583
2013-10-01;36741.333333333336;1.0075;33275.0715;-0.513;0.27899999999999997;12.311333333333332;2.0656666666666665;0.8584999999999999;464.2661666666666;128274.729;0.0;0.0;27889112.486833334;-8741.342333333332;13.051666666666668;10.312666666666667;0.5096666666666666;2.072416666666667;0.17305;0.5362333333333333;-0.0007499999999999999;0.8243333333333333;0.05416666666666667;248.92461666666668;-0.0123;0.9503499999999999;0.06846666666666666;243512.6542;375313.7194333333;81052.25373333333;209.016;597126.6683333333;18324.790422434846
2013-11-01;36734.666666666664;1.0075;33370.825333333334;0.28850000000000003;0.2798333333333333;12.323166666666665;2.0635;0.8576666666666667;469.46133333333336;127410.31783333333;0.0;0.0;30674284.661500003;-8411.101;10.978333333333333;10.143;0.51;2.05485;0.17721666666666666;0.53735;-0.0002333333333333333;0.8264999999999999;0.05416666666666667;250.47698333333335;-0.012283333333333334;0.9503666666666666;0.06985000000000001;248585.87181666668;382215.91394999996;82867.77111666667;139.38021666666666;606295.2233333333;18794.912638700334
2013-12-01;36735.166666666664;1.0075;33069.90933333334;-0.9076666666666666;0.2803333333333333;12.336166666666665;2.0543333333333336;0.8506666666666667;474.1991666666667;126199.107;0.0;0.0;33751293.3105;-8447.487;9.573333333333332;10.043166666666666;0.5106666666666667;2.0161333333333333;0.18194999999999997;0.5377166666666667;-3.333333333333333e-05;0.8285;0.0545;251.5506333333333;-0.012249999999999999;0.9497;0.07318333333333334;253545.94208333336;389007.07063333335;84666.7718;70.38023333333332;615339.9333333333;19267.275226992664
2014-01-01;36729.166666666664;1.0076666666666665;33125.52916666667;0.16216666666666665;0.2795;12.345833333333333;2.0625;0.8411666666666666;478.6523333333333;124958.69533333334;0.0;0.0;37150536.06566667;-8261.740333333333;8.616666666666665;9.558833333333334;0.5103333333333334;1.9977833333333335;0.18818333333333334;0.5372666666666667;0.00055;0.8308333333333332;0.055;252.76808333333335;-0.012166666666666666;0.9497666666666666;0.07651666666666666;258630.26573333333;395798.22811666667;86343.31076666666;209.62446666666665;624246.6466666666;19741.56544943572
2014-02-01;36723.333333333336;1.0076666666666665;33473.63466666667;1.0363333333333333;0.2786666666666667;12.358166666666667;2.0558333333333336;0.8463333333333334;483.52;124720.88900000001;0.0;0.0;40905753.88566667;-7969.519666666667;6.9366666666666665;9.909;0.5111666666666667;1.9952666666666667;0.19099999999999998;0.5373333333333333;-0.0002333333333333333;0.8328333333333333;0.05516666666666667;253.51926666666665;-0.012166666666666666;0.9493666666666667;0.07605;263632.13626666664;402607.55529999995;88034.90391666668;79.3359;632984.905;20207.39920027061
2014-03-01;36723.0;1.0083333333333333;33476.88533333333;0.004500000000000022;0.2776666666666667;12.373;2.047833333333333;0.8464999999999999;488.07483333333334;123665.30416666665;0.0;0.0;45053697.799333334;-7971.8825;5.613333333333333;9.693666666666667;0.5118333333333334;1.9717333333333331;0.19646666666666668;0.5383666666666667;0.0006500000000000001;0.8346666666666667;0.05516666666666667;254.69885;-0.012133333333333335;0.9490166666666666;0.08531666666666667;268622.7515666667;409366.2480666667;89727.94875;68.32653333333333;641691.7366666667;20663.572522374074
2014-04-01;36719.666666666664;1.0088333333333332;33620.53166666667;0.42483333333333334;0.2768333333333333;12.3825;2.044;0.8405;493.1888333333333;122732.08666666667;0.0;0.0;49635674.06883333;-7857.2570000000005;4.405;9.392166666666666;0.5121666666666667;1.9572166666666666;0.20185;0.5374333333333333;0.00045000000000000004;0.8366666666666666;0.05516666666666667;256.30811666666665;-0.012016666666666667;0.9485166666666668;0.07996666666666667;273660.5981666667;416168.3382333333;91428.53523333334;108.53001666666667;650299.295;21110.0489030176
2014-05-01;36707.0;1.0091666666666665;34107.617666666665;1.413;0.276;12.391333333333334;2.0574999999999997;0.8391666666666667;498.91;122533.852;0.0;0.0;54696750.96233333;-7584.435;3.5416666666666665;9.072000000000001;0.5113333333333333;1.9502666666666668;0.20753333333333335;0.5373;0.00023333333333333336;0.8388333333333332;0.05516666666666667;258.2421;-0.01185;0.9485;0.07971666666666667;278963.4941;423003.2983666667;93153.8677;345.5907833333333;658706.98;21558.00039928862
2014-06-01;36710.666666666664;1.0091666666666665;34379.76116666667;0.7886666666666667;0.275;12.408333333333333;2.0708333333333333;0.836;504.2823333333333;122745.06199999999;0.0;0.0;60286778.02366666;-7576.9435;2.11;9.046666666666667;0.5105000000000001;1.9319;0.21031666666666668;0.5379999999999999;0.00018333333333333334;0.8406666666666666;0.05516666666666667;260.31126666666665;-0.0118;0.9493166666666667;0.08693333333333332;284286.6177;429823.84163333336;94891.74966666667;336.36073333333337;667043.0666666668;21997.8289918052
2014-07-01;36709.666666666664;1.0096666666666667;34924.136999999995;1.547;0.2738333333333334;12.422666666666666;2.1141666666666667;0.84;509.6905;122396.08483333333;0.0;0.0;66460970.657;-7471.802333333333;0.7733333333333334;8.890666666666666;0.5073333333333333;1.9351500000000001;0.21705;0.5386833333333333;0.00031666666666666665;0.843;0.0555;262.44475;-0.011766666666666667;0.9511333333333334;0.08366666666666667;290012.1728166667;436788.14369999996;96657.68466666667;710.1661833333334;675279.2016666667;22432.38330708104
2014-08-01;36708.5;1.0103333333333333;35248.773;0.8806666666666668;0.273;12.437166666666668;2.1373333333333333;0.8451666666666666;515.1465000000001;121872.02183333332;0.0;0.0;73280349.22433333;-7473.8640000000005;0.008333333333333333;8.642833333333334;0.5056666666666666;1.9200833333333334;0.22008333333333333;0.5389333333333334;0.0005833333333333333;0.8450000000000001;0.056;264.2886833333334;-0.011716666666666667;0.9510833333333334;0.0838;295528.08745;443761.51181666664;98440.87535;433.29001666666665;683407.29;22867.538553089762
2014-09-01;36707.833333333336;1.0090000000000001;35636.34066666666;1.0945;0.27216666666666667;12.4495;2.1473333333333335;0.8446666666666666;520.5085;122470.56333333334;0.0;0.0;80812153.48799999;-7153.755833333334;0.12333333333333334;8.568833333333334;0.5051666666666667;1.9124999999999999;0.2231;0.5396;-0.0011333333333333332;0.847;0.056;265.8709833333333;-0.011716666666666667;0.9511833333333334;0.09151666666666668;300940.1936333333;450763.02975;100242.56978333334;266.93053333333336;691503.6183333333;23298.775554037547
2014-10-01;36699.666666666664;1.0096666666666667;36311.161;1.8475000000000001;0.27133333333333337;12.460500000000001;2.1681666666666666;0.842;525.4161666666666;122404.72016666667;0.0;0.0;89130840.84066667;-6976.033666666667;0.0;8.323500000000001;0.5038333333333334;1.9024999999999999;0.2288;0.5386000000000001;0.0006666666666666666;0.8494999999999999;0.056;267.4578166666667;-0.01165;0.9517833333333333;0.09453333333333332;306551.3928333333;457821.56456666667;102078.49040000001;402.69444999999996;699413.0483333333;23727.558291620095
2014-11-01;36685.833333333336;1.0101666666666667;37217.46;2.4458333333333333;0.27033333333333337;12.469833333333334;2.176833333333333;0.8513333333333333;530.4708333333333;122588.66816666666;0.0;0.0;98318299.72433333;-6890.694666666666;0.0;8.2545;0.5035;1.90805;0.23118333333333332;0.53845;0.0007166666666666667;0.852;0.056;268.8465166666667;-0.011566666666666668;0.9515166666666667;0.09093333333333332;312147.44435;464938.30573333334;103960.8139;258.23966666666666;707255.3433333333;24149.913133734535
2014-12-01;36685.5;1.011;37514.70883333334;0.7971666666666667;0.2695;12.4865;2.178;0.8356666666666667;535.6331666666666;123129.75550000001;0.0;0.0;108465261.1795;-6822.034166666667;0.0;8.200333333333333;0.5035;1.8852;0.23611666666666667;0.5385833333333333;0.0005;0.8543333333333333;0.056;270.2635833333333;-0.011566666666666668;0.9509166666666666;0.09296666666666666;317668.4004;472133.4550166666;105856.53665000001;141.10486666666665;714952.9616666666;24570.641312515843
2015-01-01;36668.666666666664;1.0116666666666665;37965.73733333333;1.1555;0.27;12.494833333333332;2.1733333333333333;0.8266666666666667;540.8253333333333;122084.129;0.0;0.0;119671793.01349999;-6757.130833333333;0.0;7.809166666666667;0.5041666666666667;1.8678166666666665;0.23876666666666668;0.5383333333333333;0.0005166666666666667;0.8568333333333333;0.056;271.7733666666666;-0.011500000000000002;0.9507833333333333;0.10123333333333334;323176.09515;479342.9712;107713.93671666668;64.59231666666666;722546.2083333334;24985.100879242094
2015-02-01;36672.666666666664;1.0125;38839.16466666667;2.2398333333333333;0.2705;12.512500000000001;2.1705;0.8073333333333332;546.3201666666668;121651.343;0.0;0.0;132048074.61533333;-6432.318166666667;0.0;7.369;0.5045000000000001;1.8440666666666665;0.24385;0.5381333333333334;0.0008166666666666666;0.859;0.056;272.6535333333333;-0.01145;0.9503166666666667;0.11080000000000001;328791.85658333334;486659.242;109613.60908333333;65.78966666666666;730024.6583333333;25391.065744447213
2015-03-01;36674.166666666664;1.0125;39755.79283333333;2.3125;0.27183333333333337;12.529333333333334;2.1681666666666666;0.8024999999999999;551.4915;120902.03566666668;0.0;0.0;145716306.28216666;-6281.700833333333;0.0;7.246833333333334;0.505;1.8374166666666667;0.24796666666666667;0.5389499999999999;0.0003;0.8611666666666666;0.056;273.53368333333333;-0.01145;0.9499833333333334;0.11331666666666666;334526.06355;494118.1549833333;111559.1834;65.29305000000001;737438.7166666667;25791.67520532841
2015-04-01;36660.666666666664;1.0123333333333333;40784.11616666667;2.5225;0.2725;12.539166666666667;2.1718333333333333;0.7919999999999999;556.006;121231.97533333332;0.0;0.0;160811199.854;-6168.192666666666;0.0;7.1255;0.5048333333333334;1.8264333333333334;0.25461666666666666;0.5380666666666666;-0.00019999999999999998;0.8633333333333333;0.056;273.9987;-0.011383333333333334;0.9502166666666666;0.11283333333333334;340495.0589;501695.27591666667;113554.55746666667;180.06465;744798.1683333333;26188.27963839011
2015-05-01;36654.5;1.0125;41774.776000000005;2.352;0.273;12.551833333333335;2.1773333333333333;0.767;560.6616666666666;120544.988;0.0;0.0;177481309.00766668;-6017.211833333334;0.0;6.8261666666666665;0.5048333333333334;1.81415;0.2591833333333333;0.5388666666666667;-1.6666666666666637e-05;0.8663333333333334;0.05616666666666667;275.34076666666664;-0.011333333333333334;0.9501499999999999;0.11251666666666667;346583.24059999996;509425.7475333333;115597.93838333333;170.04318333333333;752110.12;26581.386148452188
2015-06-01;36642.333333333336;1.013;43043.306333333334;2.9354999999999998;0.2735;12.565666666666667;2.1841666666666666;0.7423333333333333;565.7325;120618.15466666665;0.0;0.0;195891267.44716668;-5918.930166666666;0.0;6.786666666666666;0.5046666666666667;1.8046333333333333;0.26406666666666667;0.5392666666666667;0.0005166666666666667;0.8691666666666666;0.056;275.8315;-0.011333333333333334;0.9502666666666667;0.11991666666666667;352896.28975;517264.78408333333;117703.26683333334;238.5384;759380.38;26962.09560639988
2015-07-01;36647.333333333336;1.0145;43051.21533333333;-0.043333333333333314;0.27366666666666667;12.5835;2.2046666666666668;0.7294999999999999;570.8761666666667;121117.4925;0.0;0.0;216222558.49983335;-5626.232666666667;0.0;6.6948333333333325;0.5035;1.7909666666666666;0.27115;0.5392166666666667;0.0015666666666666667;0.8711666666666668;0.056333333333333326;276.0833;-0.011133333333333334;0.9501499999999999;0.13348333333333334;359434.7939;525075.7090333333;119809.56053333334;496.8599;766523.6983333334;27340.767618331825
2015-08-01;36623.333333333336;1.0146666666666666;43219.28633333333;0.35749999999999993;0.2745;12.592666666666666;2.241;0.7063333333333333;576.0176666666666;120770.00616666667;0.0;0.0;238675818.1585;-5658.089166666668;0.0;6.492333333333334;0.5015;1.7892166666666667;0.2767;0.5387333333333334;0.00035;0.874;0.056333333333333326;275.92328333333336;-0.011000000000000001;0.9508833333333334;0.12473333333333332;366230.10148333333;532944.1970333334;121923.92123333334;766.2023166666667;773564.035;27718.657571486332
2015-09-01;36618.5;1.0123333333333333;40343.46116666667;-7.345666666666666;0.275;12.603;2.2598333333333334;0.6881666666666666;582.0283333333333;120586.097;0.0;0.0;263473654.06350002;-5748.133833333333;0.0;6.373833333333334;0.5006666666666667;1.7751000000000001;0.27926666666666666;0.5396166666666667;-0.00255;0.8765000000000001;0.05616666666666667;277.53415;-0.010950000000000001;0.9509833333333333;0.12611666666666665;372382.77586666663;540381.32695;123897.53125;479.4236;780522.355;28089.87362764264
2015-10-01;36619.0;1.0108333333333333;35572.1635;-13.497;0.27566666666666667;12.616999999999999;2.264;0.6313333333333334;587.541;119544.61916666666;0.0;0.0;290864344.3538333;-6637.117000000001;0.0;6.181333333333334;0.5005000000000001;1.6922333333333333;0.2836;0.53915;-0.0014000000000000002;0.8778333333333334;0.05633333333333334;278.6918166666667;-0.010966666666666666;0.9510333333333333;0.11793333333333333;377664.87766666664;547066.4247666667;125636.94723333333;223.27014999999997;787462.4383333334;28445.91816315157
2015-11-01;36620.833333333336;1.0106666666666666;33409.98366666667;-9.041333333333332;0.2763333333333334;12.63;2.256666666666667;0.5961666666666666;593.3945;117503.8385;0.0;0.0;321117245.4535;-6653.5465;0.0;5.8525;0.5011666666666666;1.6498;0.29105;0.5399166666666667;-0.0002666666666666668;0.88;0.0565;279.6662166666667;-0.010799999999999999;0.9502833333333333;0.12263333333333333;382468.10480000003;553336.4961;127271.09133333334;41.22281666666667;793910.265;28793.05096521134
2015-12-01;36620.166666666664;1.0068333333333332;30027.76966666667;-12.301;0.277;12.641833333333333;2.2550000000000003;0.565;598.4988333333333;114809.66366666667;0.0;0.0;354532220.6535;-6662.659666666666;0.0;5.781333333333333;0.5015;1.6490500000000001;0.29738333333333333;0.5404166666666667;-0.0036666666666666666;0.8813333333333334;0.0565;279.87623333333335;-0.010783333333333334;0.9500500000000001;0.12456666666666666;386933.7995833333;559106.2437166666;128739.52946666667;180.8679;800093.3533333334;29133.712499558238
2016-01-01;36619.0;1.0073333333333332;24552.226;-21.8475;0.278;12.654833333333334;2.2458333333333336;0.5285000000000001;604.182;112073.21383333333;0.0;0.0;391441819.5796667;-6822.909666666666;0.0;5.448;0.502;1.6485;0.30156666666666665;0.5406166666666666;0.00026666666666666673;0.8828333333333332;0.0565;280.7665666666667;-0.01065;0.9495333333333332;0.12723333333333334;390583.75575;564064.5431833334;129938.76198333333;88.28016666666667;806117.71;29468.647010839704
2016-02-01;36620.5;1.0071666666666665;23483.452166666666;-4.509666666666667;0.2786666666666667;12.6695;2.2343333333333333;0.5068333333333334;609.7058333333333;108237.32666666666;0.0;0.0;432205293.6815;-6780.57;0.0;5.296666666666667;0.5026666666666667;1.6034499999999998;0.30793333333333334;0.54;0.0001833333333333333;0.884;0.0565;281.3358;-0.010616666666666668;0.9491;0.13726666666666668;394089.24395000003;568772.01595;131085.01895;94.05380000000001;812102.7983333333;29798.576577216736
2016-03-01;36619.666666666664;1.0076666666666665;23157.023666666664;-1.406666666666667;0.2793333333333334;12.685333333333332;2.252666666666667;0.4885;615.0749999999999;105254.39533333333;0.0;0.0;477224580.5346667;-6597.969333333333;0.0;5.111666666666666;0.501;1.59365;0.31566666666666665;0.5420333333333334;0.0005;0.8856666666666667;0.0565;282.41883333333334;-0.010566666666666667;0.9498333333333333;0.13723333333333335;398215.3148333333;573439.6040166666;132214.27601666667;850.55535;817895.5083333333;30131.259271794148
2016-04-01;36601.166666666664;1.0076666666666665;22367.66366666667;-3.6054999999999997;0.2798333333333333;12.687166666666668;2.255333333333333;0.472;620.1885000000001;102690.13916666666;0.0;0.0;526943708.13483334;-6697.9045;0.0;5.006666666666667;0.5001666666666666;1.5460833333333335;0.32285;0.5418166666666667;-0.0004166666666666667;0.8875000000000001;0.05633333333333334;283.42081666666667;-0.010566666666666667;0.94975;0.13685;401928.74423333333;577966.47065;133305.04706666668;514.1435666666666;823607.1749999999;30458.15503309851
2016-05-01;36600.0;1.0078333333333334;22528.3685;0.5636666666666664;0.2806666666666667;12.698666666666668;2.2543333333333333;0.46;625.3033333333334;100553.75883333333;0.0;0.0;581853066.3651667;-6228.259166666667;0.0;4.879333333333333;0.5001666666666666;1.5484666666666669;0.32893333333333336;0.5431833333333334;0.00046666666666666666;0.8889999999999999;0.05633333333333334;284.6629;-0.010566666666666667;0.9496833333333333;0.13746666666666665;405558.93139999994;582471.23555;134404.37773333333;406.3860666666667;829163.0233333333;30774.85578761061
2016-06-01;36596.5;1.0076666666666665;22008.3835;-2.4676666666666662;0.28099999999999997;12.711833333333333;2.274;0.4486666666666667;630.7044999999999;99788.15466666665;0.0;0.0;642494283.4578334;-6393.069333333333;0.0;4.801333333333333;0.49833333333333335;1.51385;0.3370333333333333;0.5430166666666667;-0.0002;0.8908333333333333;0.05633333333333334;285.47766666666666;-0.0105;0.9502666666666667;0.14005;409820.86658333335;586893.7504333333;135476.94178333334;1195.4513333333332;834662.6883333334;31085.42698718935
2016-07-01;36591.5;1.0083333333333333;21963.557166666666;-0.31383333333333324;0.28150000000000003;12.725500000000002;2.285;0.4463333333333333;636.2171666666667;98376.28066666667;0.0;0.0;709465573.3866667;-6269.344333333333;0.0;4.684666666666667;0.4975;1.5050333333333334;0.3414333333333333;0.5443833333333333;0.0006166666666666666;0.8923333333333333;0.05633333333333334;285.8863833333333;-0.010466666666666666;0.9504166666666666;0.1423;413724.19223333336;591287.6941166667;136549.24093333332;803.6800333333334;840073.1033333334;31394.60660859018
2016-08-01;36588.5;1.0066666666666666;21220.885;-3.4746666666666663;0.2821666666666667;12.738166666666666;2.3009999999999997;0.439;641.7563333333334;97068.35833333334;0.0;0.0;783427775.228;-6382.681666666666;0.0;4.622166666666667;0.496;1.4677999999999998;0.34790000000000004;0.5438;-0.0015666666666666667;0.8936666666666667;0.05633333333333334;286.79755;-0.010466666666666666;0.9514333333333332;0.14611666666666667;417717.21098333335;595562.3446;137585.5362;1013.7373166666666;845491.4049999999;31695.114814693905
2016-09-01;36587.166666666664;1.0068333333333335;20907.440833333334;-1.5458333333333334;0.2825;12.751166666666668;2.329;0.4295;647.3935;95496.23833333333;0.0;0.0;865110722.2873334;-6464.9276666666665;0.0;4.632499999999999;0.494;1.4465333333333332;0.35611666666666664;0.5447333333333333;4.9999999999999996e-05;0.8953333333333333;0.05633333333333334;288.2574333333334;-0.010516666666666667;0.9525166666666666;0.14908333333333335;422001.60113333334;599757.0931;138605.70468333332;1401.25295;850712.4083333333;31994.262337090346
2016-10-01;36593.0;1.006;20658.833000000002;-1.5923333333333334;0.2833333333333333;12.769666666666666;2.3465000000000003;0.427;653.1116666666667;94278.07133333334;0.0;0.0;955319760.9116668;-6463.374;0.0;4.501833333333334;0.49266666666666664;1.4184999999999999;0.3619666666666667;0.5445166666666666;-0.0008333333333333334;0.8965000000000001;0.05633333333333334;289.34201666666667;-0.010583333333333333;0.9531000000000001;0.15606666666666666;425828.22633333335;603918.6237833333;139613.02793333333;934.8579166666667;855847.9366666666;32287.667452868696
2016-11-01;36595.166666666664;1.0056666666666667;20634.583166666667;-0.001000000000000112;0.2838333333333333;12.783833333333334;2.3666666666666667;0.41100000000000003;658.411;92774.14033333333;0.0;0.0;1054945345.8203334;-6270.122833333334;0.0;4.4575000000000005;0.4911666666666667;1.4225666666666665;0.36661666666666665;0.5442333333333333;-0.00014999999999999993;0.8976666666666667;0.05633333333333334;290.37666666666667;-0.010566666666666667;0.9534166666666666;0.15486666666666668;429685.8638666666;608062.7312666667;140619.1043166667;981.66775;860835.02;32576.48190947603
2016-12-01;36606.166666666664;1.0066666666666666;20586.684166666666;-0.5416666666666666;0.2845;12.801;2.383;0.41283333333333333;663.7238333333333;92433.289;0.0;0.0;1164969653.8795002;-6268.837500000001;0.0;4.369166666666667;0.49;1.4177;0.3729166666666666;0.5451666666666667;0.0007000000000000001;0.8986666666666667;0.05616666666666667;291.42080000000004;-0.010549999999999999;0.95375;0.16423333333333334;433586.3200166666;612194.2895166667;141622.61985;1039.0844;865813.1066666668;32864.92419466747
2017-01-01;36609.166666666664;1.007;20499.969166666666;-0.3644999999999999;0.2846666666666667;12.816833333333333;2.3930000000000002;0.4143333333333333;669.3406666666666;92320.65583333334;0.0;0.0;1286477965.7245;-6171.0685;0.0;4.323166666666666;0.4888333333333333;1.4074;0.37855;0.5458500000000001;0.00065;0.8998333333333334;0.056;292.54834999999997;-0.0105;0.9537166666666667;0.17526666666666665;437353.12331666664;616268.2567;142622.45528333334;903.0012666666667;870819.5633333334;33147.24138835332
2017-02-01;36609.833333333336;1.0071666666666665;20058.006166666666;-2.2523333333333335;0.2855;12.8345;2.3968333333333334;0.41033333333333327;674.866;91074.92599999999;0.0;0.0;1420669411.5185;-6430.7045;0.0;4.289499999999999;0.4883333333333333;1.3815;0.38208333333333333;0.5460166666666667;0.00018333333333333334;0.9010000000000001;0.056;293.3298833333333;-0.010466666666666666;0.9539166666666666;0.17918333333333333;440790.13426666666;620270.7481333334;143599.9704;605.0350833333333;875772.0266666667;33436.02439829747
2017-03-01;36611.5;1.008;19592.261666666665;-2.3386666666666667;0.286;12.8515;2.413666666666667;0.39366666666666666;680.4285;89881.48366666667;0.0;0.0;1568867598.6413333;-6321.815833333334;0.0;4.145666666666666;0.4871666666666667;1.3530833333333334;0.38913333333333333;0.5470666666666667;0.0006500000000000001;0.9021666666666667;0.056;294.17646666666667;-0.010383333333333333;0.9541833333333334;0.18211666666666668;444485.27068333334;624207.5007333333;144554.27904999998;970.018;880606.1233333334;33716.0895920611
2017-04-01;36602.666666666664;1.0073333333333332;19730.610666666664;0.44650000000000006;0.2865;12.862666666666668;2.421;0.39349999999999996;684.9666666666667;88700.24266666667;0.0;0.0;1732534337.5028334;-6220.860166666666;0.0;4.038333333333333;0.48633333333333334;1.3560999999999999;0.3960333333333333;0.5470833333333333;-0.00045000000000000004;0.9036666666666667;0.056;294.90563333333336;-0.010366666666666668;0.95425;0.18826666666666667;448015.1933;628146.7333333334;145516.5913;767.4342333333334;885362.805;33990.855298127826
2017-05-01;36595.666666666664;1.0063333333333333;18923.975666666665;-4.488666666666667;0.28733333333333333;12.873666666666667;2.428;0.3908333333333333;689.666;87981.13983333333;0.0;0.0;1913284256.4853334;-6594.245666666667;0.0;4.052166666666667;0.48566666666666664;1.3158999999999998;0.3987833333333333;0.5476833333333334;-0.0010166666666666666;0.9043333333333333;0.056;295.84459999999996;-0.010316666666666667;0.9547333333333333;0.17936666666666667;451368.95633333334;631974.3889666667;146437.99216666666;693.7627166666666;890148.9866666667;34263.34151853668
2017-06-01;36598.666666666664;1.0065;19198.158666666666;1.2899999999999998;0.2875;12.8865;2.4505;0.3821666666666667;694.7734999999999;86659.5795;0.0;0.0;2112900226.438;-6394.688833333334;0.0;4.021166666666667;0.48383333333333334;1.32705;0.40850000000000003;0.5469166666666666;0.00015000000000000004;0.9055;0.056;297.06739999999996;-0.010299999999999998;0.9552999999999999;0.18365;455224.8126333333;635832.65475;147374.18104999998;1223.8111333333334;894712.9550000001;34532.083349578956
2017-07-01;36604.0;1.0068333333333332;18924.293166666666;-1.5293333333333334;0.28783333333333333;12.905499999999998;2.455833333333333;0.3798333333333333;700.3193333333334;86618.27933333332;0.0;0.0;2333351067.4933333;-6263.8679999999995;0.0;3.8731666666666666;0.4836666666666667;1.3063;0.41008333333333336;0.5479833333333334;0.00030000000000000003;0.9065;0.056;297.82588333333337;-0.0103;0.9552499999999999;0.18365;458551.2609333333;639648.6795;148297.50063333334;670.4314666666667;899297.725;34799.12886715567
2017-08-01;36598.166666666664;1.0066666666666666;18448.977499999997;-2.605833333333333;0.288;12.921666666666667;2.462666666666667;0.3765;705.2489999999999;85869.73833333333;0.0;0.0;2576811715.6165004;-6438.346166666666;0.0;3.780333333333333;0.4828333333333333;1.26985;0.41558333333333336;0.54825;-0.0004333333333333333;0.9075000000000001;0.056;298.27305;-0.01025;0.9549166666666666;0.19115000000000001;461775.86818333337;643364.5448333333;149197.75305;633.2941500000001;903823.4049999999;35063.98401494127
2017-09-01;36606.333333333336;1.0071666666666668;18486.573666666667;0.14166666666666652;0.28883333333333333;12.940166666666665;2.4636666666666667;0.3755;710.6978333333333;84366.15283333334;0.0;0.0;2845683915.5816665;-6417.730333333333;0.0;3.7915000000000005;0.4825;1.27925;0.4213;0.5493666666666667;0.0005166666666666667;0.9086666666666666;0.056;299.10830000000004;-0.010266666666666667;0.9551333333333334;0.18886666666666665;464809.3381166667;647059.4382666667;150099.20495;424.5992833333333;908199.6933333334;35330.1187478547
2017-10-01;36605.666666666664;1.007;18399.0785;-0.5844999999999998;0.289;12.954833333333333;2.4565;0.3706666666666667;715.6326666666668;83117.1865;0.0;0.0;3142619436.1755004;-6263.823;0.0;3.7226666666666666;0.48266666666666663;1.2630333333333332;0.42478333333333335;0.54965;-3.3333333333333315e-05;0.9098333333333334;0.056;300.00511666666665;-0.010216666666666667;0.9548;0.19221666666666667;467623.30484999996;650735.2994;150996.56225;190.2546166666667;912581.6283333333;35592.80838650348
2017-11-01;36596.666666666664;1.0066666666666666;18460.16633333333;0.17616666666666667;0.2896666666666667;12.966999999999999;2.4498333333333333;0.371;720.1066666666666;81719.25583333333;0.0;0.0;3470547521.1251664;-6303.879833333333;0.0;3.6641666666666666;0.48266666666666663;1.2693333333333334;0.42888333333333334;0.55075;-0.0003833333333333334;0.911;0.056;300.85616666666664;-0.010216666666666667;0.9542833333333333;0.19361666666666666;470503.35819999996;654431.9366499999;151896.68518333335;256.01383333333337;917016.3233333334;35857.24889146085
2017-12-01;36598.333333333336;1.0075;17935.763;-3.142000000000001;0.29016666666666663;12.9805;2.438;0.3626666666666667;724.8691666666667;80911.30983333333;0.0;0.0;3832702910.3475;-6430.480500000001;0.0;3.6958333333333333;0.4828333333333333;1.2286166666666667;0.4322;0.5512;0.0009833333333333332;0.912;0.056;301.67988333333335;-0.010216666666666667;0.9539666666666666;0.20104999999999998;473162.9997166667;658036.1959166666;152772.90291666667;85.33726666666666;921402.4049999999;36117.02238500263
2018-01-01;36600.666666666664;1.0061666666666667;17787.533166666664;-0.7908333333333332;0.29066666666666663;12.994833333333332;2.4323333333333332;0.3541666666666667;730.8093333333333;79302.44716666666;0.0;0.0;4232657987.494167;-6441.079000000001;0.0;3.5218333333333334;0.4828333333333333;1.2102166666666667;0.43825000000000003;0.55185;-0.0013499999999999999;0.9131666666666667;0.056;302.4653333333333;-0.01015;0.95365;0.2155;475951.3838333333;661602.2733166666;153640.26218333334;261.3295166666667;925700.0683333334;36374.022664277116
2018-02-01;36591.0;1.0065;17715.563833333334;-0.3434999999999999;0.2913333333333333;13.003;2.422;0.3446666666666667;735.9014999999999;78356.81616666667;0.0;0.0;4674357987.959333;-6161.649666666667;0.0;3.4421666666666666;0.4828333333333333;1.2038333333333335;0.44248333333333334;0.5525833333333333;0.0004166666666666667;0.9138333333333334;0.056;303.16478333333333;-0.010166666666666666;0.9536000000000001;0.22595;478604.31035;665148.9565333333;154503.70726666666;124.8439;929921.65;36632.38148644649
2018-03-01;36594.833333333336;1.0065;17679.886;-0.4200000000000001;0.29183333333333333;13.017666666666665;2.4228333333333336;0.345;740.835;77843.95883333334;0.0;0.0;5162159869.557334;-6233.489833333333;0.0;3.4294999999999995;0.4828333333333333;1.2003833333333331;0.44813333333333333;0.5536166666666666;-0.0003166666666666667;0.915;0.056;304.0958166666667;-0.010183333333333334;0.9535166666666667;0.23628333333333332;481504.14971666667;668692.48855;155365.20348333332;405.94576666666666;934179.86;36886.771950637536
2018-04-01;36596.5;1.0063333333333333;17096.115999999998;-3.6159999999999997;0.292;13.030333333333333;2.417333333333333;0.33749999999999997;745.5844999999999;77119.078;0.0;0.0;5700875647.690166;-6344.818166666667;0.0;3.3493333333333335;0.4825;1.1632166666666666;0.45260000000000006;0.5537666666666666;-0.00013333333333333329;0.9158333333333334;0.05583333333333334;304.8807;-0.010166666666666666;0.9533333333333333;0.23545000000000002;484184.71281666664;672129.2354833334;156198.3811;250.25531666666666;938426.505;37135.9614897378
2018-05-01;36601.0;1.0056666666666667;17177.607500000002;0.5466666666666665;0.29283333333333333;13.046;2.4058333333333333;0.33183333333333337;750.8828333333332;76194.91033333333;0.0;0.0;6295819141.256667;-6299.2985;0.0;3.2085000000000004;0.4828333333333333;1.1634833333333334;0.4572;0.5539166666666667;-0.00044999999999999993;0.9166666666666666;0.05583333333333334;305.51591666666667;-0.00995;0.9528;0.24198333333333333;486728.1209166667;675581.2677333333;157035.1014;95.47291666666666;942510.235;37390.09724608306
2018-06-01;36585.666666666664;1.0065;17381.507166666666;0.8945;0.29316666666666663;13.053833333333335;2.395;0.32783333333333337;756.2138333333334;75030.6525;0.0;0.0;6952858977.579166;-5999.290666666667;0.0;3.214;0.4831666666666667;1.1742666666666668;0.461;0.55475;0.0007;0.9178333333333334;0.05583333333333334;306.03588333333335;-0.009833333333333333;0.9521000000000001;0.24375000000000002;489282.36486666667;679052.9982333333;157882.26511666668;78.65863333333333;946536.2000000001;37643.65639406011
2018-07-01;36584.166666666664;1.0061666666666667;16855.323166666665;-3.608166666666667;0.294;13.065666666666667;2.387166666666667;0.32766666666666666;761.7678333333333;74206.673;0.0;0.0;7678476100.923;-6345.610000000001;0.0;3.0431666666666666;0.4831666666666667;1.1273333333333333;0.46648333333333336;0.5543;-0.00039999999999999996;0.9193333333333333;0.05583333333333334;306.47195;-0.009683333333333334;0.95125;0.25876666666666664;491837.8273333334;682469.3173166666;158703.10695000002;155.03928333333332;950632.195;37888.897446947005
2018-08-01;36579.166666666664;1.0056666666666667;16752.489166666666;-0.6801666666666666;0.2945;13.079666666666666;2.3926666666666665;0.3225;766.6134999999999;73500.23516666667;0.0;0.0;8479828569.922501;-6207.418166666666;0.0;3.012333333333333;0.4828333333333333;1.1234333333333335;0.47228333333333333;0.5539666666666667;-0.0002666666666666666;0.9208333333333334;0.05583333333333334;307.31765;-0.009616666666666667;0.9518333333333334;0.2504;494745.11514999997;685828.7847000001;159518.91295;568.3285833333333;954692.005;38133.16236086985
2018-09-01;36583.166666666664;1.0061666666666667;16784.227833333334;0.014166666666666513;0.29516666666666663;13.095;2.381;0.3213333333333333;771.9083333333333;72495.52466666666;0.0;0.0;9364820612.2915;-6255.153666666666;0.0;2.9981666666666666;0.4828333333333333;1.12735;0.47354999999999997;0.5538833333333334;0.0004833333333333334;0.9218333333333334;0.05583333333333334;307.88745;-0.009516666666666666;0.9510333333333333;0.2516833333333333;497212.4557;689185.9923333334;160336.5103;76.87623333333333;958665.52;38374.12303719481
2018-10-01;36586.166666666664;1.0066666666666666;16712.095166666666;-0.395;0.2956666666666667;13.112499999999999;2.3713333333333333;0.31583333333333335;776.7093333333333;71577.62516666666;0.0;0.0;10342182216.004333;-5993.576833333333;0.0;2.8853333333333335;0.48299999999999993;1.1280666666666666;0.4764;0.5541333333333334;0.00019999999999999998;0.9228333333333333;0.05583333333333334;308.3306166666667;-0.009349999999999999;0.9504666666666667;0.2512666666666667;499661.26218333334;692548.7526833332;161150.73288333334;64.5319;962636.8566666666;38613.91351425916
2018-11-01;36584.833333333336;1.0056666666666667;16561.589;-1.1711666666666667;0.29616666666666663;13.128666666666666;2.3781666666666665;0.316;782.0421666666666;70605.7245;0.0;0.0;11421553734.767;-6153.148;0.0;2.9003333333333337;0.4825;1.1036333333333335;0.48078333333333334;0.5547833333333333;-0.0008333333333333334;0.924;0.05583333333333334;309.0817666666667;-0.009316666666666668;0.9508833333333334;0.25183333333333335;502524.3898333334;695873.2274666667;161957.46221666667;547.9463333333333;966675.3283333333;38855.65361516756
2018-12-01;36592.5;1.0051666666666665;16254.960333333334;-1.8999999999999997;0.29633333333333334;13.146500000000001;2.3753333333333333;0.31183333333333335;786.9191666666667;69833.13216666666;0.0;0.0;12613582723.014334;-6149.6225;0.0;2.8646666666666665;0.48216666666666663;1.0863;0.4848166666666667;0.5553666666666667;-0.0004833333333333333;0.9248333333333334;0.05583333333333334;309.6327166666667;-0.009300000000000001;0.9508666666666666;0.2591833333333333;505071.98351666663;699137.6683666668;162748.51866666667;249.42573333333334;970608.2033333333;39097.308226313464
2019-01-01;36596.166666666664;1.0056666666666667;16173.254;-0.4711666666666668;0.297;13.163499999999999;2.3705;0.3053333333333333;792.3991666666667;69191.84183333332;0.0;0.0;13930027310.707167;-6167.670999999999;0.0;2.7295;0.48233333333333334;1.0763166666666668;0.49015000000000003;0.5561166666666667;0.0002666666666666666;0.9255;0.05583333333333334;310.4332166666667;-0.009216666666666666;0.9505833333333333;0.26115;507523.8528666667;702408.45415;163535.28988333335;158.98548333333335;974477.4583333334;39338.5966857567
2019-02-01;36604.833333333336;1.005;15574.910666666668;-4.151833333333333;0.297;13.179666666666668;2.3571666666666666;0.30016666666666664;798.207;68567.21316666667;0.0;0.0;15383873127.890833;-6577.968666666667;0.0;2.698;0.4825;1.0467166666666667;0.4918166666666666;0.55655;-0.0004166666666666667;0.926;0.05583333333333334;310.8006666666667;-0.009133333333333334;0.9501;0.26443333333333335;509793.9708333334;705559.1541666667;164294.2793833333;39.273649999999996;978408.7733333333;39580.44551456005
2019-03-01;36615.666666666664;1.0051666666666665;16310.871;4.266666666666667;0.2975;13.198500000000001;2.346833333333333;0.2956666666666667;803.4561666666667;67843.6305;0.0;0.0;16989460917.719833;-5944.473999999999;0.0;2.6221666666666668;0.4828333333333333;1.0711166666666667;0.5011166666666667;0.5582666666666667;8.333333333333337e-05;0.9268333333333333;0.05583333333333334;311.1664166666667;-0.00915;0.9499333333333334;0.2728833333333333;512176.80165000004;708803.50855;165087.78163333333;75.2472;982059.94;39821.5036587414
2019-04-01;36617.833333333336;1.0051666666666665;15492.730833333333;-5.238333333333333;0.2976666666666667;13.214500000000001;2.3358333333333334;0.29883333333333334;808.5128333333333;67108.73533333333;0.0;0.0;18762628392.210167;-6584.119333333333;0.0;2.661;0.4831666666666667;1.0305833333333332;0.50105;0.5585166666666667;3.333333333333333e-05;0.9278333333333334;0.05583333333333334;311.4995166666667;-0.00915;0.9495666666666667;0.27201666666666663;514454.136;711936.7853166667;165842.42186666667;63.4865;985968.6033333334;40064.581449445424
2019-05-01;36622.5;1.0051666666666665;15803.809;1.9488333333333336;0.29816666666666664;13.2305;2.3353333333333333;0.29550000000000004;813.328;66265.38716666667;0.0;0.0;20720866316.256;-6364.702166666667;0.0;2.4983333333333335;0.4828333333333333;1.0410833333333334;0.5077333333333334;0.5597833333333333;0.00013333333333333334;0.9289999999999999;0.05583333333333334;312.11065;-0.00905;0.9494166666666667;0.2780833333333333;516956.08855;715110.5110833333;166612.19898333334;279.78865;989646.1683333333;40306.533651741214
2019-06-01;36617.166666666664;1.0053333333333334;15805.601666666667;0.03749999999999979;0.2985;13.243;2.3361666666666667;0.28850000000000003;818.7656666666667;65153.47816666667;0.0;0.0;22883490636.03;-6219.613;0.0;2.4898333333333333;0.4825;1.0329;0.5111666666666667;0.5594166666666667;6.66666666666667e-05;0.9298333333333334;0.05583333333333334;312.8731666666667;-0.009016666666666666;0.94925;0.28048333333333336;519473.99499999994;718272.1135333333;167382.7803;293.5128833333333;993415.69;40548.1047975444
2019-07-01;36625.166666666664;1.0006666666666666;15072.032166666666;-4.936333333333334;0.29916666666666664;13.260833333333332;2.3348333333333335;0.2795;823.3583333333332;64669.75716666667;0.0;0.0;25271834346.393665;-6541.2225;0.0;2.367;0.48216666666666663;0.9957666666666668;0.5156333333333333;0.5605166666666667;-0.004716666666666667;0.9303333333333335;0.05583333333333334;313.4887833333333;-0.009016666666666666;0.9490500000000001;0.2856;521823.9869000001;721314.4116166667;168116.26098333334;217.88303333333332;997133.7716666666;40783.39575095841
2019-08-01;36611.5;0.9968333333333333;15402.700833333334;1.9805;0.2995;13.273000000000001;2.333833333333333;0.27999999999999997;827.8768333333334;63929.249;0.0;0.0;27909455791.64517;-6295.910666666667;0.0;2.2680000000000002;0.482;1.0075833333333335;0.5199833333333334;0.5604333333333333;-0.003916666666666666;0.9318333333333334;0.05583333333333334;314.0515666666667;-0.008916666666666666;0.9486;0.29601666666666665;524245.81313333334;724391.0338833333;168866.21036666667;258.09368333333333;1000747.7133333334;41023.76516418705
2019-09-01;36611.166666666664;0.9948333333333332;15339.602333333334;-0.5105000000000001;0.30016666666666664;13.286833333333334;2.3361666666666667;0.2673333333333333;832.3261666666667;63369.88716666666;0.0;0.0;30822372783.4135;-6243.143666666667;0.0;2.2121666666666666;0.4815;0.9986166666666666;0.5221666666666667;0.5608666666666666;-0.002033333333333333;0.9325000000000001;0.05566666666666667;315.24533333333335;-0.0089;0.9486166666666667;0.29856666666666665;526688.7783666666;727486.5429166667;169613.4776;292.9877833333333;1004294.4083333333;41268.588698615065
2019-10-01;36608.166666666664;0.9931666666666666;15066.192000000001;-1.7726666666666666;0.3005;13.299833333333334;2.335;0.272;837.8204999999999;62841.1765;0.0;0.0;34039318670.2915;-6413.5025;0.0;2.2085;0.48100000000000004;0.9773166666666667;0.5257833333333334;0.5610499999999999;-0.00205;0.9333333333333335;0.0555;316.27021666666667;-0.008916666666666666;0.9486833333333333;0.30235;529061.8807999999;730505.9157833332;170347.00948333333;255.81808333333333;1007829.7799999999;41508.99236912455
2019-11-01;36604.0;0.9904999999999999;15338.7355;1.7703333333333335;0.3015;13.311166666666665;2.324333333333333;0.26966666666666667;842.4025;61947.761;0.0;0.0;37592025804.27167;-6096.384999999999;0.0;2.178166666666667;0.4815;1.0041499999999999;0.52765;0.5617833333333334;-0.0026666666666666666;0.9345;0.05533333333333334;317.04178333333334;-0.008816666666666667;0.94785;0.3061833333333333;531293.2899;733560.1571666667;171093.75073333332;60.24411666666666;1011357.8766666666;41753.9289263858
2019-12-01;36605.666666666664;0.9874999999999999;14865.832999999999;-3.2176666666666667;0.30216666666666664;13.324;2.313833333333333;0.26616666666666666;847.0206666666667;61288.34766666667;0.0;0.0;41515538128.839;-6432.594166666667;0.0;2.1398333333333333;0.48183333333333334;0.9722166666666666;0.5289666666666667;0.56195;-0.0030333333333333336;0.9346666666666668;0.05533333333333334;317.73538333333335;-0.00875;0.9474833333333333;0.305;533463.78565;736559.2775500001;171818.04866666667;55.31526666666667;1014987.8983333334;41996.830167192114
