2010-01-01;33643.27269060032;1.0000168367524056;6532.1654068609205;100.0;0.22151668522645213;17.097367912616125;0.102;0.035625992125988194;362.38089805302707;80710.57414704651;0.0;0.0;1346893.5693303775;81.17490543021096;67.4117828671787;0.3215835492242469;0.4700168367524055;0.1355050510257217;0.12067788260891149;0.0318304430323345;0.0;0.7023005377743446;0.0806611213612485;227.2292529866354;0.24552250914317814;0.014001249328780413;0.0;1241.4988985744478;3792.954497307747;229.93455042911822;0.0;615.9730053940374;4.894502314138056
2010-02-01;33707.783761810606;1.0015083463950163;9928.513177755676;20.87923999752946;0.2465929186757124;16.67508331622177;0.2733764909072589;0.19145263805269772;355.9955622821391;10267.970591384434;0.0;0.0;1374528.5398925217;-1113.8495177339214;103.15205522590466;2.111597206201322;0.560985278877531;0.4859065019827464;0.08807000241896595;0.07026794242931395;0.0009241338119369822;0.7008285762777665;0.07660107554868938;189.0799960241281;0.22702380074430226;0.17332690134192016;0.0;3079.165391958075;9369.947319464334;603.6023613845422;0.18425853122958297;962.7426632340664;10.20918279830579
2010-03-01;33764.21777824552;1.0028309531902497;13258.984329617819;11.219100588768281;0.25920162625815485;16.45918133739738;0.5161464992555268;0.3135388348998498;354.92240777484545;11538.355713879966;0.0;0.0;1406112.8257726561;-857.3786269873365;123.54162912097597;3.6617303496299014;0.5192190719766566;0.8507397579504351;0.0607115966423835;0.09841568898548714;-0.00011499940856391855;0.7018091097699795;0.0736611213612485;195.89113751836936;0.21488318325754668;0.2929221948838413;0.0;5337.551949121129;15060.844865152883;1072.8634202298854;21.050538370686812;1268.3990741680418;13.698601856837783
2010-04-01;33812.08679962269;1.0061715728752536;14525.053574212208;-0.4957756347805784;0.2689833640837455;16.323107748123356;0.5712681329124742;0.3593030615433009;355.29846015795766;21226.978304404656;0.0;0.0;1441008.9242249138;-1387.3176725587819;144.1413726885686;4.222550243057568;0.541335585997031;0.9924096759564928;0.05403685811275147;0.12594887744411024;0.0008658034821601376;0.7017338983456659;0.07140455488498966;195.00292307553377;0.20269491483256963;0.3517336334644985;0.0;7832.172626864433;20817.825224259846;1583.5076561255958;93.8841023643711;1625.3714359053524;15.90739789082884
2010-05-01;33849.83304347935;1.0032001118580829;17362.11905977264;3.7935312284292477;0.2755334532389616;16.226356142766992;0.7399309525074776;0.4063319728174473;357.393799071491;31121.293350437096;0.0;0.0;1481627.8680013234;-1516.4235283613702;150.27695450064215;4.962923025869068;0.5226571525555332;1.2312448672950111;0.04607539928048926;0.14986311901661875;-0.0047334426214823075;0.7028095842401766;0.0683277880279152;201.63222371299582;0.1925844770288608;0.4184108823871206;0.0;10789.137727796082;26840.51083151374;2183.5340244415006;191.53704317003775;1959.0958660038875;38.82198343157484
2010-06-01;33899.84166766851;1.0034668498223793;18984.533846087957;6.79127845432399;0.27940501253711414;16.1581315740605;1.0894375971634727;0.5210140795945144;362.01697498629835;37821.65746676984;0.0;0.0;1526495.0087753872;-1893.826976813152;162.24875810651682;6.092586235678365;0.47782242610011066;1.630838657274051;0.03366304252687684;0.171826021159398;-0.004051175614751935;0.7045334532389615;0.06630053777434469;196.69750561140955;0.18246556437759007;0.5081012588834999;0.0;14136.588263779546;32851.62074726377;2838.4100809686297;392.2351002597972;2340.1370008902823;67.26898659062405
2010-07-01;33950.81581239322;1.0046555760558302;21065.339808382785;2.4465446364845995;0.2834050125371141;16.11538514293397;1.3833593306253285;0.6136622960345071;364.9021276095417;48479.91988322615;0.0;0.0;1580124.8696326008;-2573.4660996571315;170.43787419467947;7.103028505208359;0.4565929186757124;1.9218944313473945;0.02522546860317737;0.18949612401632462;-0.0012410967609187604;0.7067082317083246;0.06332778802791518;203.41076826992276;0.17409761957554645;0.5681313092775017;0.0;18082.86159208399;39738.74433621585;3569.053658067655;658.085664128729;2803.8592194512594;82.5629896290585
2010-08-01;33990.92264381939;1.0054006803429558;22137.270684752453;2.6329332266956427;0.28720011185808286;16.086107392353757;1.6167814042740456;0.7085315772341009;369.3065981533831;65219.969566347885;0.0;0.0;1637184.2968971687;-2916.7022460574444;170.07538074009585;8.875268753242755;0.44486677852474954;2.0028703581870557;0.02171193047193643;0.2110540132517895;-0.0010861447696648477;0.7096571525555332;0.06060107554868937;201.43301805063916;0.1675429441816547;0.6183655991657808;0.0;22239.181669962043;46789.22630338241;4325.576156233142;832.0011446913632;3238.591849374957;97.4820822403639
2010-09-01;34026.83304093718;1.006244546383389;23418.5737807184;1.78968520294084;0.29048909276677726;16.085767897280387;1.6637526120081851;0.7453297428896266;374.36807714783043;75388.04382950213;0.0;0.0;1703219.9106193664;-3083.992435081783;167.10881785887648;8.302242799644631;0.44687861227097786;2.099548928154288;0.022065641328905698;0.22579117342720556;-0.001822033088364359;0.711323128357782;0.05840238230365969;199.55751144509097;0.1601188236989809;0.6459556785755466;0.0;26003.944879802777;53923.60255575876;5126.522796007581;225.40021506840162;3689.016754460712;112.51963019262845
2010-10-01;34056.74589657914;1.004326671105195;21984.71551173077;-10.096748495806954;0.2932671361735203;16.04909966571216;1.623498777366092;0.7712401086355535;378.2844594599426;76749.41089326348;0.0;0.0;1777116.567639477;-4300.497661305473;166.91982372305165;9.439586549056767;0.45668001336006686;1.9170291999108506;0.024430286650372113;0.242399552444231;-0.002565812071522915;0.712789624510097;0.05617501306168308;204.95028081294697;0.15396631580567152;0.6516756956318348;0.0;29504.114110009363;61414.62616131923;5907.8533611646335;18.119937024207218;4170.324796911094;128.4124577627909
2010-11-01;34082.176088403845;1.0068309531902497;22703.52965221841;-10.037469273331428;0.29603055635884595;16.025614240009418;1.59831326143555;0.7840128226207641;383.5851660125511;76192.64297713061;0.0;0.0;1854640.0321327364;-4541.793639491255;161.06700461715243;9.147840685017803;0.465789624510097;1.933861813815783;0.02697483334108455;0.25723459157706585;-0.0017494897427831778;0.7162016262581549;0.05532778802791518;210.3156391506719;0.1484142237255898;0.6583090063370951;0.0;33044.45384795825;68266.18155750068;6707.80936095349;27.319466345979322;4559.244880287154;143.56760864112854
2010-12-01;34104.14510487614;1.0061641033222641;23079.135332252317;-10.279961481840653;0.2982671361735203;16.000469533923127;1.621846500784924;0.8234320922293065;389.93477943542484;75367.37232736632;0.0;0.0;1944567.0632006049;-4917.7257963219445;166.01584639509545;9.666079068204718;0.4673272752295877;1.9562894953977727;0.026297317950413412;0.2761361293474877;-0.001489085783614029;0.7180456645700597;0.054404554884989666;212.211075176862;0.1427171441811204;0.6733171513589706;0.0;36731.69615199754;75347.21734285087;7524.515813254409;89.12144247351755;5119.250899123094;158.37962942558613
2011-01-01;34112.24010863555;1.0094952429444333;23893.784950731926;-5.769127451511072;0.3002671361735203;15.993402637923822;1.5771492099770161;0.8268825401808293;394.87857250299163;80567.19221356712;0.0;0.0;2040898.8661898426;-4908.0088943352985;173.10343096825176;9.837261239380437;0.4747917746121234;1.9799911940388872;0.03063521220055164;0.2844139379934415;-0.0017777572775029905;0.7210456645700597;0.052700340171477886;220.35504610427162;0.13792596781578517;0.6771392306411902;0.0;40323.786521819195;82340.67658859782;8424.019167626104;23.63681947981277;5561.045033694786;173.52955594646323
2011-02-01;34109.80820031774;1.0074005650123325;23902.755176485432;-3.2220777209535885;0.3012671361735203;15.979077323947855;1.5458349206649158;0.7910139795453102;399.6904764467064;79402.86574141825;0.0;0.0;2147450.8609351288;-5697.786241331899;168.50680335556194;9.55679403165283;0.48050912420918707;1.9389378997599693;0.033398997774360215;0.29839561123292374;-0.0028213842523025904;0.7241777880849398;0.051700340171477885;223.0199431128116;0.13441911897363445;0.6802399757165515;-0.013546194804201479;43969.32970668329;89410.37025318723;9341.181136224557;13.539462973248718;6037.8348159643565;188.94400016475038
2011-03-01;34103.52589187367;1.0086008131290771;24653.146130208883;-0.5117853074677106;0.3032671361735203;15.977337507090631;1.5404424469917564;0.8579911960653827;405.3962139637376;77984.81215422151;0.0;0.0;2263744.0097200107;-4865.5546159858695;165.5883291612297;10.218101311730054;0.4848785965992069;1.9616032518182507;0.038370691899170514;0.30433586230525983;-0.0008028903399657278;0.726789624510097;0.04947017787186529;224.2521127039381;0.13007364359948015;0.6878274262804747;-0.02538391502019454;47718.32449107236;96445.91636054574;10277.771019539177;41.525687202104905;6463.548901772186;203.97215990187217
2011-04-01;34120.84159562024;1.0079517528991975;24842.416441253452;-4.104798027391458;0.3038682929248215;15.963309981373584;1.5216279297255093;0.8366154592980276;409.4183221763027;82013.50101711127;0.0;0.0;2392302.4017632958;-6437.099345467304;163.25801042995127;10.160521906256543;0.48904008032160895;1.9244582401397965;0.04150552344265178;0.31012121597166104;-0.0021416760299428454;0.7299336996447588;0.04886694917283299;226.30691999428743;0.12562695450124142;0.6902947436495089;-0.024862205981489645;51525.210402969155;103658.34144625875;11232.664173849662;47.84425313015933;6984.345251175573;221.56870624229919
2011-05-01;34078.57081468944;1.0075334532389615;26324.76503418532;0.8485069985658331;0.3058682929248215;15.943040565002232;1.5990268220205912;0.8403629276888225;413.53237813532894;84327.7747747178;0.0;0.0;2533911.2827536133;-6058.028521807049;165.0339959386878;10.348645633746422;0.4844771078980988;2.0052996608553166;0.04368369097369986;0.31970357682806333;-0.0014049666118824506;0.7325608399470931;0.04693414646241077;231.73168065444622;0.12081129280124746;0.6996562943956507;-0.047664998564016375;55733.28335234279;111149.77614475806;12226.509692243502;282.9930266323756;7436.862530363293;238.9290522992988
2011-06-01;34092.46027613458;1.008164286523583;27067.896471932665;0.26530226093762277;0.30645119060017256;15.935079589430023;1.7146557793582242;0.9091260755845693;417.51165403425443;87782.23672088873;0.0;0.0;2690311.2688699933;-5712.221764251122;166.11683157376973;10.817881534597808;0.47681002507422815;2.0355616300879227;0.04772526779169514;0.3259161477028031;-0.0032322470834527045;0.735412641541683;0.04506734700962243;228.26308216564246;0.11619939645546656;0.7098869323687486;-0.04214852821521957;60279.81550908557;118772.5102425605;13251.352772764692;576.9928324026105;7866.2907590767245;255.98578954863532
2011-07-01;34089.72854474293;1.0070227744249483;28426.613100392944;-1.386685161124869;0.3078786122709779;15.92867157686353;1.8259814779507821;0.9280782492840979;423.05920435122823;89966.22779594065;0.0;0.0;2863381.9186665956;-6593.009896260504;159.4639968070492;10.75292282824079;0.47071111683259104;2.101734195996064;0.04900362490230798;0.3358897718197736;-0.0026161904437921584;0.7385701724650615;0.04372186381792965;230.95281835345259;0.11307141321049542;0.721107160300407;-0.04166339209993118;65110.74439313978;126644.20554823912;14348.173153001298;573.4229272093062;8328.525083567585;272.81209938209923
2011-08-01;34099.95304366604;1.0072583387516278;29169.588349018122;-0.1372430047873765;0.30966000443852837;15.92466739926961;1.9137253850510634;0.9840322527124995;428.8743687778437;97320.97678908048;0.0;0.0;3053809.800224482;-7285.12329085435;162.29757437332628;11.295545437763133;0.4674184838582439;2.0917518804113517;0.05297744257072132;0.34078159009620257;-0.0011019599369564744;0.7414986667733162;0.0431636376147939;232.90345388264512;0.11199600266311703;0.7253986113405226;-0.01746333850375839;70190.46740225467;134514.17184692714;15463.626736446267;770.5927115262557;8796.63113524922;289.4250346824297
2011-09-01;34087.58555511322;1.0109904858888665;30813.23057766281;1.3881639421440437;0.3098786122709779;15.915919573189745;1.9472628812339652;1.0124572761376012;433.8402793441771;99603.35711405141;0.0;0.0;3263002.3934979094;-7242.740683551369;146.7708072205511;11.0903036108782;0.46773658584964306;2.1772043734645368;0.05500857170879338;0.33830215460741786;-0.002465744998101222;0.7454043021947575;0.04565557605583034;235.03129108906302;0.11249443979544806;0.7291210616831778;0.0056377881795368345;74956.12093607648;142689.94576865502;16636.51248783564;269.4756512591173;9241.736039244644;306.01288977030663
2011-10-01;34086.13789763785;1.0106571525555332;31419.837775497537;1.0535115587560053;0.3110571509418766;15.90481228123334;1.9862103000530462;1.0207672640858476;437.34861420657614;103716.6345766984;0.0;0.0;3493124.9012985975;-6925.38792730954;136.8759066973372;11.460372464829472;0.4673303034475852;2.1523883388132337;0.05761231152216269;0.33650345818683103;-0.000608369564075942;0.7496259921259881;0.0476533598938637;239.00667662860494;0.11259880028786183;0.7336800622643386;0.02324702012111686;79898.30818554651;151116.65144501947;17842.68312600921;334.45355105581405;9734.817634089472;322.27525912872466
2011-11-01;34079.22172505608;1.0103638896921792;31831.55043166261;-2.072315754931257;0.3132671361735203;15.91326264518995;2.0024113838070843;1.023577097902349;442.2858026999442;106200.71672664004;0.0;0.0;3747266.5299971504;-7478.166797368532;129.7620657566671;10.94137099042765;0.46886045113738367;2.109099461361197;0.06196175414782511;0.3390816205629077;-0.002477222155432662;0.753410533615596;0.05032224272249701;241.97541694650937;0.11256865599118869;0.7370886294661125;0.022491040765753048;84802.39513787504;159321.20267851482;19077.392198087662;189.29321151666954;10175.231101274368;337.98903463275576
2011-12-01;34070.872551573855;1.0146611213612484;33050.009628629916;-3.1970192834804267;0.3134050125371141;15.89655123659014;2.0311383433609542;0.9867318253169257;447.1195274149883;108037.82133077279;0.0;0.0;4027664.359850094;-6984.9671583209865;125.64264830590716;10.919212005740134;0.4686862915010152;2.1414770692618217;0.06777256363972972;0.33693894123727125;-0.003437130106726179;0.757410533615596;0.051721863817929654;242.89320753902723;0.11253248314071308;0.7389927431000096;0.025245072891249484;89868.43072403583;167547.19556726195;20344.582075344646;206.88417433872328;10588.393611577303;354.22599292895177
2012-01-01;34081.27300931805;1.0115334532389615;34173.135889777215;-1.2177141247090288;0.31405715094187664;15.899492209054737;2.0402495856372562;1.001073906207274;452.46311420688505;107978.8319430802;0.0;0.0;4334889.621253221;-6665.564393672067;118.54247270608859;11.151526449714066;0.46968629150101526;2.165735901813167;0.06988789086709021;0.33782224599644173;-0.00359857113690718;0.7615166852264521;0.053721863817929656;244.1975974504901;0.11244603225250964;0.7410910348330937;0.032083508385528106;94959.02722508601;175877.51450979113;21639.147499336777;162.0891940669796;11066.21475206185;370.4171334844251
2012-02-01;34090.526967380654;1.0110510832056587;35501.43592804443;0.11624950412813417;0.3158786122709779;15.903653321690365;2.0500429479244877;1.00803318318331;456.83179817552775;113564.1345247383;0.0;0.0;4675311.6952117905;-6936.446928216301;113.74067417981385;10.986491927539195;0.47134652520512105;2.1832136808785543;0.07538366921438966;0.3397057688922874;-0.0027314725980494853;0.7654126415416831;0.05572186381792965;246.50534946882806;0.11247890813336878;0.742662721789237;0.028732247746791173;100307.77437598526;184597.65496682294;22975.54766427868;276.10069605288237;11510.8761665879;386.62284704384444
2012-03-01;34088.42741561754;1.0119795596217291;37636.4078055021;2.857290139261634;0.3170571509418766;15.894065430484835;2.105592084796097;1.0374981685258138;461.7154056746446;116586.80177387547;0.0;0.0;5049263.137192684;-6446.0984043919525;103.01449994568029;10.817977087202156;0.47044763521708655;2.268016407928531;0.07924013422969946;0.3352182794950911;-0.0011685322891691367;0.7690959780573579;0.05742229123600033;245.0051376435581;0.1124324831407131;0.7472568329255415;0.03866579955431232;106048.68072251196;193090.9631165941;24381.359386332493;420.36079271566206;11988.873723350123;402.80414392565984
2012-04-01;34101.664940766;1.0147508504286946;38569.09366541074;0.01898763857031227;0.3178682929248215;15.90214756033832;2.0843580714361165;1.0418992797775093;467.5869474215613;116814.65411028107;0.0;0.0;5461617.824273461;-9089.970243368694;93.82295776793464;11.338499828473438;0.4740455488498967;2.2244113621842097;0.083796644144187;0.3383642137674771;-0.002251718831764145;0.773521242888962;0.05916428652358301;249.52060582582595;0.11252624281350826;0.7467096927940534;0.04122553625066555;111584.02315192207;201819.1342154929;25834.11412291501;38.800346216128744;12380.796883031746;418.7322371590797
2012-05-01;34096.3786843816;1.015163637614794;39424.85980994433;-0.11690133997485974;0.3188786122709779;15.906102765675579;2.102234790497594;1.0403527971190276;471.61789919235866;118771.24559222345;0.0;0.0;5915368.1362150265;-8742.171001027411;85.16758402591361;11.26327211921048;0.4746321429204055;2.183148585924224;0.08968282210994012;0.33948595208505006;-0.005724993952585108;0.7773058463753315;0.060901613323034065;251.82637883565155;0.11247364359948019;0.7489735670876401;0.03945510072893091;117413.75979257285;210530.9923618056;27307.594277546978;248.5262524048539;12825.018426234252;434.7799151756951
2012-06-01;34110.74618424541;1.015743190249582;36888.66657230708;-10.224420494279487;0.32005715094187664;15.913448894467566;2.1437748424903558;1.077655137919353;478.07927556783477;119532.27916901508;0.0;0.0;6415475.611925343;-10733.12750884177;63.10621917229342;10.748937258783357;0.4746321429204055;2.246389510424404;0.09441669279003284;0.3412094018193311;-0.0037327043465311387;0.7814105336155959;0.06293414646241077;254.74979082705892;0.11255156696988852;0.7512292260152372;0.03998416148636287;123438.67493244758;219212.35304294204;28829.100759885645;299.66900134381956;13299.168142970633;451.01677581491623
2012-07-01;34112.38722280966;1.0154952429444333;33931.669636924984;-18.495788977545367;0.3212001118580829;15.921955451365672;2.1491349827872033;1.0744003384452487;485.2267151108802;118815.74038543088;0.0;0.0;6972380.600156252;-11000.791108035784;52.34773679715197;12.26471394086165;0.4777040347479443;2.215990191465794;0.09828735622480021;0.34074753707446176;-0.005145112196480087;0.7855486144986459;0.06446684982237938;256.70677613961175;0.11248240759784879;0.7516355933223619;0.014984950304840247;129029.85377047886;227747.02365819932;30287.40954974914;134.23139267143839;13747.180480103338;467.19696750870764
2012-08-01;34125.74437069253;1.0038918809053032;31118.547928058404;-16.046977308585852;0.3217846380758379;15.928562135836598;2.1579956523108867;1.1279853879002073;490.3767213402556;122814.11291794879;0.0;0.0;7586816.201147137;-11282.39879531401;41.21940176844739;12.080371189386904;0.4798959621543673;2.2979884623248976;0.10290774834970787;0.3395145569011171;-0.012707113095173507;0.7893272752295879;0.06593414646241079;257.1337036021798;0.11233569664909718;0.7540093036764192;0.05207656159290442;133878.2522635762;235400.44304445578;31508.00724469631;209.2441813517607;14136.218678332918;483.3412078543306
2012-09-01;34131.70982705477;1.0050673470096223;25580.474947916973;-31.012051323718364;0.3227846380758379;15.934294123299365;2.1468119198418005;1.1183485727815274;495.38357526556024;119919.914434481;0.0;0.0;8273465.370305313;-13404.899162615417;36.11834036443154;11.798573906496431;0.4829218482981606;2.2215556790343056;0.10828898990029431;0.34347597622678167;-0.010524315129179895;0.7916002754867978;0.06649697094812725;256.601155505046;0.1123193180640089;0.7515669190381071;0.05022978309626258;138043.57227941812;242559.8470554007;32579.16828208266;48.30131636706388;14553.164604704041;499.45510657031633
2012-10-01;34140.01532781378;1.0046182195399587;26582.489939135605;-26.48603763437449;0.3230571509418766;15.946749249300096;2.1229628304760912;1.070964635421667;500.8542085939308;116435.77176388129;0.0;0.0;9036815.214486115;-10892.188991650202;31.7003313893674;11.758075610195673;0.4858424575425203;2.1681838473063775;0.11024915946636574;0.3423329811675519;-0.002092034510154565;0.7944986667733163;0.06772186381792968;256.5562238810807;0.11230914862987577;0.7504690369674212;0.040421136397079616;142160.83071564627;249918.12082087912;33647.364406115616;12.778439441006002;14927.593196207075;515.6316945642652
2012-11-01;34142.071574873866;1.0047508504286946;28474.67563562635;-7.423476879673793;0.32405715094187665;15.958130226027055;2.117552383811525;1.0703006861721178;507.12389233675447;114236.287563169;0.0;0.0;9879278.20961148;-11151.301114593889;27.11868769644579;11.053371194282018;0.4872412122020094;2.247442796472695;0.11986064976418252;0.34315855133569934;-0.001629723902997069;0.7976095292146389;0.06895175289919742;259.164807491459;0.11226076935724584;0.7508419282542098;0.05153853553228217;146345.8911170154;256716.33312338663;34721.98064036749;51.33891349619471;15272.51005808546;531.7002449642663
2012-12-01;34137.76158177345;1.0046420168794035;26706.77535241792;-9.467853447597488;0.3248667785247496;15.969484416863107;2.1063341968969875;1.0827935392581414;514.9127264109346;114906.27524612291;0.0;0.0;10810243.434419123;-11523.330841462808;25.946868970857615;11.385545729866852;0.4891187624400935;2.114610131526562;0.12530313393977702;0.3472574882504712;-0.003687688477837311;0.8006928992744723;0.07088941304455737;261.3556085688943;0.11215117744702643;0.7504372286442044;0.053512963108813705;150458.8489324365;263568.66562583914;35769.97692679515;59.538452473319566;15620.30961115902;547.7978292039106
2013-01-01;34152.34710488751;1.0048047646073193;27847.221597128915;-8.355975282118784;0.3252671361735203;15.984808804033321;2.098605059738103;1.111059396977178;519.2195585698297;111887.72618222746;0.0;0.0;11838977.515639612;-11458.166987453413;23.349447014339944;12.101604909746854;0.4908320001066496;2.158860703926231;0.1313460863729497;0.3472074916791957;-0.002433990706750511;0.8042025645241528;0.07190161332303406;262.14979693631597;0.11218628758448569;0.7505886481741955;0.05397959248637185;154561.04091952357;270165.42219201673;36825.253393358864;57.323796931471676;15965.35352771133;564.0348595761723
2013-02-01;34147.83618425063;1.0054668498223793;26787.89701791464;-5.917463834164208;0.32616410332226425;16.00294898480891;2.084320401337892;1.0970796084228107;525.3548333860548;110287.93680900912;0.0;0.0;12975167.671131883;-11730.373805714837;25.67508389810076;12.089053442740955;0.4923667364019788;2.086945395642145;0.13826139799326548;0.3467098603254793;-0.0029708352713171305;0.8060318183122323;0.07290161332303406;261.75693067039543;0.11216076935724585;0.751934426463714;0.05857051101743392;158547.5353830392;276702.5345624598;37847.97911273712;64.7969312204606;16274.225090588629;580.170337612627
2013-03-01;34135.449155723196;1.0069112130500555;27629.092852616675;-6.350433339449288;0.3259403557437306;15.986526004441249;2.0734542477024656;1.1008356436039903;530.2327968913304;109592.61996329714;0.0;0.0;14230305.95990368;-11494.228703576786;24.72646913838299;11.730640834804438;0.49340322854948476;2.1510053035302783;0.13978313370806553;0.34631854027410236;-0.0012558729909585343;0.808966728167491;0.07383095319024967;262.0920145485319;0.1121760114877335;0.7523865175035933;0.06750034295384624;162731.5234337465;283449.14623212046;38926.263480385904;65.52181056040686;16590.070318382514;597.4298872759134
2013-04-01;34136.41152060309;1.0045354844307122;27465.434942678297;-8.362627176652419;0.3268667785247496;16.001484416863107;2.063017719007585;1.1006289970751661;535.0715184048304;107732.3205973524;0.0;0.0;15613430.849744814;-12000.517893223085;22.778957753259554;11.97084229710198;0.49490061730747337;2.1407861843183342;0.14783083982925824;0.3489908498516121;-0.0030188451582184393;0.8126923457354562;0.07483095319024967;264.05143573257897;0.11210138338590565;0.7511515455613862;0.06276872134712295;166851.59005084934;290207.0660113197;39993.73351731203;32.09703159829739;16925.611343028246;613.9108198843132
2013-05-01;34144.09690815871;1.0062445463833884;27988.956190049506;-1.2987665532406414;0.32765715255553335;16.015788438080925;2.0699295488800025;1.134013334815144;541.9939821959991;106964.36929130134;0.0;0.0;17143296.257435914;-12065.605238434024;22.4366386713766;12.25222670789378;0.49490061730747337;2.0522542835952082;0.1529833105023545;0.3497406297891697;-0.002374349144581508;0.8154565193276909;0.076213664654969;263.6572562592978;0.11205898418875183;0.7541107967419381;0.057644201794078705;171084.14684049194;296865.3808677777;41066.49477969308;128.08576714099325;17304.362386437213;630.319465852923
2013-06-01;34142.02248257933;1.0049428693216615;27156.459308857226;-5.282469736326669;0.3278667785247496;16.016086388391557;2.080653377999392;1.1499137115726534;547.0607375812293;105492.09854290968;0.0;0.0;18834475.11280985;-12620.386310553868;17.977271790893354;11.820960860718735;0.4944032285494848;2.087436911435673;0.15628724066876723;0.34926111023276246;-0.0025232209969377533;0.8186923457354561;0.07683095319024967;263.3277819589554;0.11201211704908876;0.7552690041006576;0.062377199112643715;175458.07754640628;303940.72577875;42160.46995533603;194.922958675982;17690.70753927931;647.36435114094
2013-07-01;34108.81946229526;1.0062136646549689;27791.17492023485;-6.84810239425834;0.3279403557437306;16.015061275705882;2.126548202462576;1.1079790244271377;550.9872158919216;105155.59309779512;0.0;0.0;20700939.361826718;-12388.674546124745;19.30243590353364;11.66644407816133;0.49222521423863647;2.015579507658859;0.16268477038198248;0.34934740969378253;-0.001848512576609679;0.8210669064779231;0.07742229123600033;264.20371284333856;0.1120150481803686;0.7579856194523453;0.05042734506342969;179935.1392177364;310641.53105555347;43218.45296737837;402.38869061670283;18024.95158425822;664.5705618839204
2013-08-01;34093.530446217665;1.0071715728752537;28217.30360722817;-0.8704578647539858;0.3283500261233662;16.012529728122892;2.149995082165452;1.1740654970910225;557.7398477236823;104643.84504558936;0.0;0.0;22761945.937393837;-12595.617474240951;15.849894569281984;11.461780813663776;0.4909006173074733;2.070442075661326;0.16565343371570174;0.35233552962457476;-0.0011082040944625962;0.824400549467138;0.0783885304845963;261.78689299885497;0.11196444547229953;0.7619889267950042;0.053590320033578095;184368.40071351774;317241.91760525067;44300.47630406735;273.488258798189;18336.70148685647;681.6375378124611
2013-09-01;34098.89527789258;1.0078669491728327;27643.306632258304;-7.310975584096656;0.3288667785247496;16.029102725995088;2.168218240250495;1.1562934983674913;563.5841907760602;103849.62410297462;0.0;0.0;25040951.20587649;-12802.296799058357;16.372148296677963;11.023001700131779;0.4904043021947575;2.020639581416695;0.16869714287110657;0.35325324782223194;-0.002601078203426935;0.8276002544566331;0.0785354844307121;261.6306793564242;0.11189480143369218;0.7635505240871011;0.052748905498248316;188614.3409130067;323919.9212681486;45353.596466173956;183.12296741367004;18648.223656455317;698.6946225265498
2013-10-01;34112.95141355767;1.0084045548849894;27140.722140254988;-6.036114290844478;0.3298667785247496;16.05088430466697;2.173496782029969;1.1725244609625833;568.687676056665;104847.40911257344;0.0;0.0;27555128.86730937;-13440.952537094936;15.817665233184867;10.836908288447686;0.4904043021947575;1.977822983451364;0.17495973251519534;0.3507292637063272;-0.002479798197146997;0.8313080383900493;0.07983095319024967;260.6472525761641;0.1119167249424374;0.7637151137048777;0.06072820700514393;192884.03642641727;330519.18327381375;46430.192666175266;181.45035172960695;19026.887061068443;715.6529352669797
2013-11-01;34125.567625591706;1.0068285762777665;27798.624813215833;-4.626690894337252;0.3308667785247496;16.067516263966194;2.1737517814716045;1.1947550885059919;574.9566037277075;104713.37259333389;0.0;0.0;30332094.306794237;-13544.014570238438;15.418714415441734;10.793624555654603;0.4907917746121234;2.0982393030228472;0.17940939483906485;0.3553196563464714;-0.0031337729705617993;0.8344253483047254;0.07989271455338011;262.1756965089231;0.11180198277888985;0.7644317056924471;0.06859920752561248;197035.325574786;337176.501327612;47496.86660537604;98.62077248230574;19310.904211216275;732.7572721974492
2013-12-01;34118.61762042463;1.0052850862325307;27582.329899174394;-3.7162042867978204;0.3308667785247496;16.073273429192135;2.1680787495782265;1.1632035722441598;581.1750243117675;103366.00599380252;0.0;0.0;33398083.015518893;-13327.591325933892;15.547927845012573;10.192331157529443;0.49140430219475756;1.9561777173415897;0.1817020110418259;0.3551186876914629;-0.0018142912193687276;0.8362412122020094;0.0805354844307121;263.72144403334016;0.11175852310944191;0.7653643726294314;0.05958274669642019;201246.29807367432;343795.8086971037;48592.77145203323;50.708915210869925;19651.822481285555;749.9482326006155
2014-01-01;34105.23039761835;1.0038224261001107;27911.12120655973;-2.873534279587995;0.3298667785247496;16.086405714289448;2.1766953949112406;1.179082220715193;586.4499005962764;102160.27427639239;0.0;0.0;36787680.74286205;-13241.177960864226;12.42697169587051;10.610241676266238;0.49103832167947753;2.02337161115684;0.18611834911567926;0.3551527422387046;-0.0020094403035480213;0.8404043021947574;0.08175834261322606;265.29083621838447;0.11173643980068093;0.7660481251098504;0.04707320433276092;205553.32111393588;350464.9640349049;49756.45081301642;123.2503440576792;19989.81590240492;767.1380067421799
2014-02-01;34116.68280770315;1.0024667587484006;28292.77641175844;-0.815703750277547;0.3288667785247496;16.098706966399547;2.169009250235691;1.207779798005886;594.2005504493869;101880.62151983434;0.0;0.0;40529384.58661745;-13475.079678737195;14.05305336721929;10.793877108482029;0.4923265986397509;2.0446732677053276;0.1893752528118613;0.3536883753234605;-0.004606274491947767;0.8435147186257614;0.08161821953995868;268.4514967850846;0.11173643980068093;0.7651015675691473;0.03977850561408572;209775.2930489709;356905.0243215831;50918.65083279357;65.54017049690913;20305.191144797267;784.2464387251916
2014-03-01;34112.567842879624;1.0054668498223793;28237.474521219538;-5.672602885749464;0.32735002612336617;16.106010400432673;2.1662064643859553;1.198443240292655;600.9884769057534;100232.17867953327;0.0;0.0;44661002.37095906;-13660.97247508739;11.80098946115314;10.66482912892275;0.4931006329367474;1.9594558482291862;0.1978267077672807;0.3539669065364675;-0.0036469241885834494;0.8464209557641891;0.08166000443852839;269.05803929722106;0.11160223723728008;0.766812080114648;0.042011041211419214;213963.05211873143;363531.6364683743;52076.4177283023;47.65071767308504;20627.494120383002;801.1591389596513
2014-04-01;34121.93346597373;1.0044222912360001;27802.12453464966;-3.7055794925526926;0.3263231283577821;16.118437727837534;2.167906270951525;1.2274261860537303;607.8730190070995;100461.51640718275;0.0;0.0;49222933.38458743;-13540.751968428287;10.37365685432773;10.842859911387636;0.4933265986397509;1.9631633269031017;0.20353781838299945;0.3551913971048846;-0.0037820368035662816;0.848851300675824;0.0828927145533801;271.6249133998852;0.11147802989995166;0.7673828658802994;0.052307333745996984;218362.3832153007;370249.9082624453;53284.55896500774;98.96339997208713;20961.410639127633;818.27393503528
2014-05-01;34121.391205481;1.0042052668077979;27795.52996121331;-9.754203439610778;0.3255334532389616;16.1256792006284;2.1817139470305933;1.2726373545734868;614.9605873830716;100809.01017374235;0.0;0.0;54260100.43924179;-15216.141455516467;11.444469449514301;10.521272423730506;0.4921006329367474;1.875530318137329;0.20731412423040738;0.35465001400560847;-0.0037740160040970402;0.8515488556530353;0.08283148186236423;272.4354487910185;0.11140961039098649;0.7682320531875972;0.05226146077475183;222697.7217578389;376788.58089079673;54420.65884096549;260.6397227095855;21312.989961436695;835.3901652224789
2014-06-01;34112.00251212875;1.0065593812200466;28994.51288633191;-8.087281669234413;0.3252021510973787;16.131524411795024;2.202390962694409;1.2719463056275286;619.6395666064699;101270.66756854976;0.0;0.0;59825258.25303091;-14267.216826611437;9.914536346636815;10.574573823575339;0.49110063293674733;1.9516981148778074;0.20595015080377857;0.3537089180581856;-0.0017018178063159324;0.8547854291067601;0.08383148186236423;273.6044202663337;0.11138780854161386;0.7711662275406427;0.052537477241902164;227244.92046051932;383626.3626657522;55626.26645806091;221.97983344495793;21586.477261503627;852.3869749810585
2014-07-01;34092.37358673618;1.0074005650123325;29654.15377615883;-1.2171368349096165;0.3227846380758379;16.141213480018745;2.25514547441871;1.3232286873980843;627.2757058085439;100958.52892216781;0.0;0.0;65969328.20730534;-14542.853381216939;7.833249124798523;10.828807651454238;0.4876928992744722;1.9440357306739162;0.21820892056355887;0.3540485446648625;-0.0043988708306426415;0.8577854291067603;0.08386677852474955;273.93198971039584;0.11130792299124724;0.7767787621867676;0.061678166100208376;232187.48543906878;390524.0853629992;56843.40137834278;551.8979700600075;21883.986360788942;869.2639274095839
2014-08-01;34086.999154429555;1.006205266807798;30030.56535035435;-2.3484316394022753;0.3214050125371141;16.142916084094452;2.278027848955475;1.2865752135007746;632.9536378957828;99964.40251650137;0.0;0.0;72755182.90792972;-15432.819239147266;11.6258215481404;9.853565963793187;0.48590061730747336;1.9621950817344314;0.22303437879523585;0.35581885143529013;-0.004019501514088905;0.8605781167907217;0.08483148186236424;276.31694682546816;0.11130555105713369;0.7776688340158915;0.05741150944396026;236936.45300220154;397209.9700896178;58083.33271530729;340.35993823436684;22197.065105163816;886.0031391737214
2014-09-01;34077.92931333966;1.007322242722497;30557.68369787076;-1.2144780261576207;0.32082242610011075;16.146125092485857;2.293850410787154;1.3283859940347624;637.7661350931129;100383.23408329193;0.0;0.0;80248298.36260061;-15242.500439148202;8.161862658766927;10.114663416737255;0.4850383216794775;1.9481488511342273;0.2240875009868941;0.36010646334735374;-0.003785094858139771;0.8641231859943576;0.08486677852474955;280.6222544685044;0.11126216930212755;0.7803097680230591;0.10655456427676183;241653.17690559028;404047.42827092274;59362.52556774738;179.82989930154733;22449.086975052483;902.8882882291722
2014-10-01;34078.59008615762;1.0064006803429557;30787.932317977476;-2.638064151578966;0.3191693555383901;16.15550892282699;2.3184604135876454;1.3647614275201312;644.5138170476228;102534.40341045035;0.0;0.0;88523157.27212605;-14928.007490901895;7.934360662155533;10.301547545676485;0.48390061730747336;1.9284384952473665;0.2286875314346592;0.3599011058413405;-0.0026879637823662684;0.8673080383900492;0.08589271455338009;283.0950448963335;0.11116222244103102;0.7825637083480284;0.10080477637998714;246495.41189379487;410624.1537526879;60638.6919333382;337.4065716843502;22727.096554768086;919.8165465332418
2014-11-01;34080.35908654984;1.0088669491728328;31526.89228545575;-2.720846596833314;0.3174511906001726;16.170526794259153;2.330829365173093;1.3623521189881151;651.5754364415958;103275.28912387483;0.0;0.0;97660567.53568016;-15036.210732371303;7.2181521618382325;10.193531293044428;0.483595210569823;1.9262308238502905;0.23135789548950964;0.359505280442905;-0.0013519351200371426;0.8705952105698229;0.08580958424017655;288.63093734341203;0.11112788758638115;0.7830961435897472;0.11105578631216802;251373.05212731223;417748.0434198388;61955.77219523476;225.19024764860947;23012.103286446287;936.4075600841886
2014-12-01;34097.288836653985;1.0081636376147938;31743.084878029076;-1.2687702121429798;0.31634314575050765;16.18339062553719;2.337887881527755;1.371079017590894;656.358836562835;102953.0616982044;0.0;0.0;107754717.08061631;-15040.12768653156;5.881108315601938;10.309015429666543;0.483595210569823;1.8639054134036757;0.2370861975066384;0.35951304948998775;-0.001922629457483161;0.8731187624400936;0.08599048588886662;293.66216850281415;0.11119429153331996;0.7831939349101184;0.10593575586965538;256263.4627892758;424820.94855836435;63316.888446295816;76.36842514857322;23338.673709885607;954.2659941328554
2015-01-01;34110.935403254865;1.0090505102572167;31919.1370670035;-1.9201987835158527;0.3171693555383901;16.189723387955897;2.3389991124306966;1.311781953251093;662.324328979886;102335.48606746476;0.0;0.0;118898500.38058908;-16466.932886741193;6.490148569352348;10.027885903977596;0.483595210569823;1.8548228646846907;0.23636183045321907;0.3632280450804636;-0.004075395110037341;0.8766682391336721;0.08683148186236422;296.0426684664397;0.11115613058637216;0.7850519580683911;0.10929466255479289;261203.74231438982;431916.1353867613;64697.04092754231;45.06285543063264;23615.286556064108;971.6271474022343
2015-02-01;34123.26473029775;1.0093005377743447;33680.16937371466;-0.7975312640764058;0.3173231283577821;16.198555325987314;2.3458747827807094;1.352806361939753;670.7001118504791;102171.55465197813;0.0;0.0;131205491.25460967;-15996.114686986808;3.6068860145585715;9.705367243185341;0.4848318841949277;1.8591812641160326;0.24309002223434276;0.3650097211337259;-0.004091771135117145;0.8796923457354561;0.08699048588886663;295.45927103058;0.1110879560442878;0.786776843688552;0.10067435956824491;266245.30315480306;439261.15143838973;66114.69365060696;42.57271814845724;23903.575283134855;989.3051317776037
2015-03-01;34135.29385580239;1.0097003401714777;34698.75915541426;-1.7039380617188744;0.3178224261001107;16.208953222469894;2.3508649636782826;1.3341827949509117;677.2755984734303;102133.56357399991;0.0;0.0;144795964.4870786;-16827.693648284978;3.76185974752212;9.804834496503018;0.48521907197665654;1.822624200137295;0.24832734301588685;0.3646701467845569;-0.0011375716749531019;0.8831187624400935;0.08800000000000001;300.3485325892504;0.11110725044291768;0.7876880327959421;0.10771344266486053;271289.284057732;446198.44909053325;67528.51508918683;45.72708798931705;24185.126721009987;1007.4160141040386
2015-04-01;34128.36211897929;1.0089517528991974;35359.230907779434;0.1475799546527572;0.31816935553839004;16.22068213585827;2.3642358845378317;1.3891503659332622;682.1845388967668;102046.29427492809;0.0;0.0;159803447.65609264;-15892.822020121297;0.06227476715055413;10.060763885232047;0.4848318841949277;1.819911741246534;0.25540488835570746;0.3668456260333961;-0.002221506119767974;0.8872669421534645;0.08798336408374549;304.0049118149301;0.1109462500290603;0.7876619636170393;0.11051345288353712;276482.0095715553;453342.19241013215;68970.14506995115;103.51782115803326;24441.51524052067;1025.6717691949355
2015-05-01;34137.63563509066;1.0072021510973788;36474.96446576592;-2.530126585681741;0.3184511906001726;16.229954213904097;2.3830288356300553;1.3788821978262913;687.4963150437655;102075.01633793871;0.0;0.0;176377194.32411826;-17727.41562106693;-1.026240637885194;9.205162413237277;0.4842190719766566;1.7766611148937865;0.2554372887985468;0.3660687600582884;-0.004941612113968638;0.8908011300246653;0.08799048588886663;306.39980966756946;0.1108824177206066;0.7890400017102788;0.09300185142953674;282086.43210956466;461139.0257844199;70525.3427091113;119.34995763489414;24724.877909061757;1043.3362033121862
2015-06-01;34128.46770456386;1.0058877778947124;37512.24926848397;-4.356936903015382;0.3189795596217293;16.232771861783164;2.3964801469607355;1.385215917360105;692.308631912174;102730.36269002556;0.0;0.0;194679163.55079988;-16836.623261361383;-1.3862392928228546;8.432170727141067;0.4838318841949277;1.7475240648370785;0.2618239944274686;0.36647545041992985;-0.0026802482153838567;0.894326873303319;0.08799048588886663;307.9643020275778;0.11087477273580976;0.7909932882883741;0.10106795643726516;287740.069070679;468885.8793143945;72078.12590934966;139.83477921861436;24993.42820588102;1061.1440192720834
2015-07-01;34126.275612499565;1.0077094627598808;39980.79816681619;-0.41653950157744735;0.32016935553839004;16.23811559170148;2.434284129119542;1.407461601741479;698.2683171357739;101942.31112042067;0.0;0.0;214889997.75112903;-17909.326826106673;-1.526685471351837;8.772696292669682;0.4829572732553364;1.7772433626380768;0.26762681011789924;0.3673153323800701;-0.003284764464924984;0.897705423458669;0.0888047646073194;306.58973402270004;0.11057715970978889;0.7946624954655391;0.09724055014176555;293738.8832972497;476834.8525830951;73684.64092289974;255.51868313443106;25293.06821107326;1078.2177421034125
2015-08-01;34138.02264541079;1.0080415650416577;41287.511045835876;1.057474657022616;0.3199795596217293;16.246858285297208;2.490292366287989;1.3700342899135651;705.4097412412661;103195.92388098234;0.0;0.0;237211465.45081216;-17655.755913836452;-1.8781361820703502;8.462848984960575;0.4804437276358593;1.7133585172313839;0.27309755003993247;0.36984680753991495;-0.0014882603519362626;0.901705423458669;0.08898336408374549;307.637655697716;0.11047494360950073;0.7959615048878796;0.1066337500033909;300291.7710276194;484860.79406418087;75344.5652697233;348.060695452618;25549.241971888565;1095.2754425789685
2015-09-01;34153.893953404586;1.0093231283577822;42969.27939680602;0.6317067109648278;0.32077882608911473;16.25534634075923;2.5281101137493063;1.309424081968032;712.1676938223852;103157.16451095587;0.0;0.0;261860326.48166487;-16700.20851334091;-1.5511595650841405;8.291112127164812;0.4794437276358593;1.7242564560816178;0.2788297064775603;0.36909215753006985;-0.0020302025813865683;0.905456519327691;0.08898336408374549;307.4681035699307;0.11045697707265802;0.7967996825436818;0.09178679167703757;306823.8950151165;493341.83767167834;77111.45747008016;285.4000818392216;25890.13406223786;1112.2932817920637
2015-10-01;34168.893492879215;1.008306151622833;44699.01449311376;1.2823284485577666;0.3209795596217293;16.26698196576315;2.54530897260165;1.3548973329072025;720.2411275434417;102528.16569394902;0.0;0.0;289078730.7833365;-16739.086233551086;-1.9494422944608396;8.317488933312625;0.4795830000088884;1.694102006837533;0.28239520418698466;0.3702510975977049;-0.003691356321779136;0.9101333997346592;0.08904156504165797;306.1289888164184;0.11042005917211557;0.7982110687361023;0.09467651523869682;313279.97897429095;501859.7304749962;78926.2796309696;151.92439472220278;26214.872759498157;1129.4466848204534
2015-11-01;34177.63623403715;1.011346172867728;45515.8257925297;0.38545881563307294;0.32093369964475876;16.276301277588942;2.5598121587596183;1.3180895467891933;727.1389778917538;104061.43025079594;0.0;0.0;319138197.8172389;-16781.462052052564;-0.670841791665555;8.228114910797881;0.4798366675004169;1.6547705347614587;0.28753316127512296;0.3708016572213253;-0.0035179030408925937;0.9136629637247285;0.08904156504165797;306.78351310633224;0.11030588745030458;0.7990813543502465;0.07274752692945256;319903.9902439823;510362.8322445539;80828.48553815343;27.33177505892244;26598.611018745883;1146.6643810316598
2015-12-01;34172.9114945564;1.0089335877899666;47385.609627585705;0.20964268396917607;0.3219795596217293;16.277656089757958;2.584349344889511;1.288771856798988;734.3630981959385;105363.8996266902;0.0;0.0;352334769.6737195;-18818.02904328638;0.0;8.145673320014483;0.4798366675004169;1.688581218864725;0.2849217333052023;0.3722767076425103;-0.002596866060222973;0.9175819566206265;0.09001283953439476;309.33084694701233;0.11020353124554338;0.8000326262093964;0.05732708760669142;326848.8536059475;519051.4413770753;82784.71090802271;85.11731437901904;26943.411910939612;1163.7611810442359
2016-01-01;34184.77617918159;1.0137123312367262;48891.164937778056;-1.0888967641629508;0.3229795596217293;16.286615954704605;2.5982369924814073;1.2550605515307391;741.1548159579785;104652.12553608227;0.0;0.0;388993025.8348021;-17717.708881153896;0.0;9.095270458159003;0.4798366675004169;1.6731923897824599;0.2984250409837167;0.37405566967006565;-0.002007788623087515;0.9215819566206264;0.09001283953439476;310.69372332882034;0.11003095319024968;0.8020564993229987;0.05404145182526238;334022.6357247278;528220.7287146997;84575.26204268337;43.292372678801755;27237.97590947157;1180.907874706577
2016-02-01;34198.7148366992;1.011525039185049;42272.22992471686;-24.678493844848397;0.32293369964475876;16.292095090667903;2.6167718023917046;1.2372522697787667;746.9402247714044;103830.81988278627;0.0;0.0;429476084.3178511;-18855.661951349393;0.0;8.849335248037805;0.48045629117676364;1.669559606422363;0.29469538543439294;0.3721889930462102;-0.007696240404513226;0.9245522111146063;0.08999048588886663;315.8708505544748;0.10991957302786573;0.802053018307001;0.05828573702291055;340554.8669595283;536419.0546549252;86222.53073265505;45.91377397540521;27517.876363770403;1198.0068230264633
2016-03-01;34208.02148207209;1.001640993964907;32799.50212740279;-33.633274778604786;0.3239795596217293;16.30388543331231;2.6446778479843704;1.3603109852440562;753.0960747364849;103691.20752180615;0.0;0.0;474184270.2286771;-18439.459342807713;0.0;8.948715925198698;0.47944549275578147;1.6655630116589002;0.3058358235733517;0.37383044140707455;-0.016663258613991313;0.9272039830028457;0.09010102051443365;318.5824948561791;0.10995860723659995;0.8028395392419061;0.033514747736846845;345911.09049026517;543851.1272922426;87495.02219487181;350.2997485789368;27800.124016293274;1215.2887799357104
2016-04-01;34209.55302485174;1.0023431457505076;21061.679345663822;-105.20477707911837;0.3245829710259073;16.319837660014773;2.658493867824253;1.2995726735493316;760.5344603845141;103445.92880478769;0.0;0.0;523577783.9404916;-22518.89855093129;0.0;9.015812001219171;0.47821014175625604;1.6678564309629789;0.30198827832365815;0.376238925827464;-0.010330799518483674;0.9295638215084062;0.09010102051443365;319.35777655174144;0.1100838889336268;0.8034371590697921;0.029147563656312547;349851.0090949397;549307.6333016345;88405.08630162927;141.649863764732;28115.77113143761;1232.478747661739
2016-05-01;34216.600984334174;1.0046008131290773;23933.60146441958;-46.459557439018454;0.32420714691097907;16.32468208841651;2.6706211730709257;1.2975019119006226;766.6587516170598;100044.89932911127;0.0;0.0;578127833.0011771;-21031.873233520906;0.0;8.661453588522456;0.47821014175625604;1.5927371030291961;0.3060444245269711;0.37777356885514074;-0.003968522417151836;0.9305166782568439;0.09010102051443365;320.8767753510619;0.10971412531683765;0.8029688640885295;0.029783624636556497;353550.5052025626;554602.0350378306;89263.83251468229;180.2049340780226;28441.176236521977;1249.6347727755394
2016-06-01;34224.08959677236;1.0028309531902497;24151.72971663374;-3.9342274706975657;0.3243320514084614;16.335992091320502;2.6948502105522367;1.275806361939753;773.9609553943473;98547.56095784764;0.0;0.0;638370174.1804838;-20614.134626076288;0.0;8.252926042987307;0.47667544467966316;1.6228564966037138;0.32195322593737663;0.38013436126839156;-0.0034399914748368694;0.9327558872351319;0.09010102051443365;321.72142915903993;0.10971412531683765;0.8037320900606846;0.029783624636556497;357692.7561744729;559807.3440849367;90130.93985585672;536.30081653632;28774.404887572502;1266.6426031571839
2016-07-01;34231.30337526703;1.0057350889359327;24099.41800661747;-4.433534048945557;0.3255829710259072;16.34080895352238;2.7132008005860584;1.2839590709009974;779.8480282081779;98011.525054599;0.0;0.0;704902034.7800202;-19384.566300794657;0.0;8.345752037567124;0.4756754446796632;1.5956760653080877;0.32024231041558815;0.3801458255071393;-0.0031274363602702684;0.9350725909819908;0.09004156504165797;323.16466369769654;0.10981213903747786;0.805000214340035;0.04417099942373971;361674.8037457253;565019.5604169508;90972.25226012254;333.9673052444857;29102.040022045578;1283.788085707866
2016-08-01;34228.37550886781;1.0026182195399584;23931.632403153948;-8.093079637148039;0.3252071469109791;16.345055853457794;2.735663982339145;1.2824992592612912;787.1559875465479;96018.24352447837;0.0;0.0;778379310.8924648;-21075.79142745925;0.0;8.2448884515625;0.47525958534237905;1.5689196815306155;0.32459173649523293;0.3802420494873427;-0.003334627279912854;0.9376889095032128;0.09101283953439476;325.26726404765145;0.10996366470471913;0.8047823529704191;0.055168007040304;365950.7456580701;570252.6421577821;91836.81498742264;439.77326150807596;29449.8932931522;1300.9669092486379
2016-09-01;34208.00045183322;1.0022016262581548;24377.298584065335;-4.106731960248224;0.32578962451009696;16.3289130039454;2.7697629101595576;1.3135580473521364;793.0993710233163;94657.01000555724;0.0;0.0;859521955.9152713;-20744.33264649771;0.0;8.016409885885562;0.47325958534237905;1.5937337215757796;0.3313400198708506;0.3847110262937161;-0.002243681980759488;0.939383895015311;0.09099048588886663;326.921239996544;0.10985622353512027;0.8077573205881127;0.05258958852246662;370362.25887222064;575468.4850425201;92691.10778144618;784.3118657257698;29735.116000415655;1318.0446994411354
2016-10-01;34209.52887664721;1.0028786122709779;23493.16069419187;-7.23987667145869;0.32667544467966325;16.33097167224032;2.8031436453435465;1.3432226968951355;799.858864329304;94608.83791118077;0.0;0.0;949134286.6863439;-20366.607990133496;0.0;8.311191003567611;0.4714667587484006;1.5416367951718701;0.34183393032937254;0.3838130156181179;-0.0017199173539606677;0.9409769435231203;0.09103055635884588;327.28948324628163;0.10993764979880503;0.8095916652800889;0.0763923493570506;374626.18426418194;580622.7981189176;93534.55617856598;716.2340793969757;30096.393168449446;1335.5653798803896
2016-11-01;34215.37365512852;1.0010133466934001;24504.75381714269;-7.563870232955732;0.32644372763585927;16.34897452931057;2.8356744110773193;1.3423561295632498;807.0985432313709;93916.09942718482;0.0;0.0;1048099087.5245842;-20595.264941814097;0.0;8.626962938050317;0.4706334368540005;1.5869143684463953;0.33998764106379387;0.3882196071982823;-0.006195278290229612;0.9434774980047661;0.09103055635884588;328.07101305142834;0.10993764979880503;0.8114600539084535;0.08928346287840266;378821.9645438448;585764.4028638981;94386.42812130752;685.2206748345689;30433.34049322472;1353.7725733715065
2016-12-01;34230.48093817135;1.0054701778718653;23593.426463180567;-6.748167688605129;0.32720714691097913;16.3549600036357;2.8633013252038966;1.3483137276099628;810.8352791547472;94067.05178539493;0.0;0.0;1157393626.8367755;-20969.05514273206;0.0;8.47901294967799;0.46877882608911475;1.5927742952803563;0.35272871813265644;0.3875166585167098;-0.004353737323105226;0.9457688330779843;0.09103055635884588;328.55759204757976;0.10982262179395436;0.812256640504113;0.07546588187597111;383082.9707659879;590863.1092493521;95238.23298321318;790.992527265126;30737.26566011805;1371.615667515216
2017-01-01;34257.673243719975;1.0033111521116607;24140.367695641668;-6.149145434208532;0.3274437276358593;16.380033543953108;2.8859147557304254;1.3433611983757123;814.5628906853659;92922.53188869875;0.0;0.0;1278098006.5231667;-20543.94928953305;0.0;9.067724921677048;0.46777882608911475;1.6174540865091651;0.3552409179522969;0.3857761231555133;-0.003495330911067616;0.9481874048227029;0.09103055635884588;329.5881066906953;0.1098060051516924;0.8126490056333995;0.08027202482924052;386947.6429536048;596000.3499340493;96081.57248629887;463.75087912262956;30963.4067899207;1389.1764846528577
2017-02-01;34271.4113823417;1.0015334061138839;23622.525686513796;-7.109855245981719;0.3282071469109791;16.403511176103894;2.8948368460941984;1.332119899463572;819.7694142790182;92364.45898761277;0.0;0.0;1411398058.3369124;-21013.65203163344;0.0;8.763104474587225;0.46832667110519505;1.5832658974146114;0.3571841057092448;0.38864731252920415;-0.003354729977430359;0.9501874048227028;0.09086829292482154;332.45697586957135;0.10965805173507553;0.814856623492693;0.07490226974959659;390700.71665990306;600993.1115340879;96907.68512791354;368.5210388343885;31259.411786160126;1407.7018629090062
2017-03-01;34278.233690420966;1.0030166927900328;23011.776052601894;-3.2866225207540647;0.3283067197877274;16.41868415608917;2.918844453021142;1.3313606503433506;825.2330817913197;91091.87665881863;0.0;0.0;1558610845.7256794;-21237.41175890542;0.0;8.541580789525332;0.46704156504165795;1.5409081527644286;0.3659817295789513;0.39020528559076484;-0.0046354796403996305;0.9526064532921362;0.09180958424017656;333.2247585507425;0.10969799281022166;0.8159178357046181;0.08252311681555043;394611.29921378876;606290.9513005802;97711.12030360274;583.1562994786161;31498.492758749657;1425.405478313462
2017-04-01;34312.49823708155;1.0024800398407956;23436.632063925324;-6.410855066436161;0.329207146910979;16.430689890690733;2.931514082791856;1.322579747609001;832.0574823436725;89723.67211612251;0.0;0.0;1721190463.8788955;-20592.627038910337;0.0;8.345705078536465;0.4657788260891148;1.5224434142199659;0.3730843854372221;0.39260121606446674;-0.004722364839722189;0.9543032819384286;0.09199048588886663;334.6758236820882;0.10977801840886442;0.816313338802298;0.08448007949118837;398435.710202247;611316.795840002;98532.02646293229;429.9222756447905;31763.656424305776;1443.1011959086932
2017-05-01;34322.83498695052;1.0003128929550626;23516.451627735565;-6.193006137493205;0.3292101417562562;16.44413983302009;2.949864957276664;1.295194022310898;837.0388748668485;88596.28003966657;0.0;0.0;1900735721.7223723;-21422.01269830638;0.0;8.325648560190375;0.46548638049916397;1.475573906290255;0.376844661176721;0.3952364289348704;-0.004866277513025477;0.9558911793310368;0.09199048588886663;336.44563574461887;0.10971107360912946;0.8171525864166003;0.07969804326124151;402235.8674922069;616302.1705854549;99354.41443727602;486.9174781141969;32083.496333002564;1460.402271653829
2017-06-01;34336.31353813784;1.0016444854449937;22878.983543094346;-4.087074589486355;0.3293067197877274;16.44855695854812;2.9881923051834014;1.297953847993231;842.9888372576806;89487.54511478805;0.0;0.0;2099024003.1640153;-20854.62947420975;0.0;8.598950504874182;0.46432667110519504;1.4373166753439943;0.3830601237969507;0.3984252901448081;-0.0014378623225967363;0.9573810336423623;0.09199048588886663;336.5611341365474;0.10944141209645794;0.8192669334072337;0.07715339092670412;406442.8374525136;621256.9591025332;100152.56107316309;1037.6813089147274;32364.147071885604;1478.3301724896987
2017-07-01;34350.63952335463;1.0044952429444332;22943.810104653723;-9.02313064008063;0.32944372763585933;16.464782246244223;3.003941949072219;1.3224380161961775;850.9053058421791;89859.15580430476;0.0;0.0;2318006132.375516;-22410.08295792521;0.0;8.589332568648127;0.46348638049916396;1.4602202327651896;0.386125839335885;0.3977373416744748;-0.006616755867872191;0.9593810336423623;0.09203055635884588;337.7141589086508;0.10936460754235716;0.8198728260644196;0.07587372908626143;410229.89911748335;626449.6395302108;100970.49889819164;415.37184698920953;32661.666297730044;1497.3866973566994
2017-08-01;34341.601098704006;1.0028224261001104;23453.08234478153;-0.6855316464882923;0.3307123312367264;16.479241634740497;3.017192317212491;1.3409191564912304;856.7352258335152;89481.09352025109;0.0;0.0;2559846760.258698;-22377.927159723346;0.0;8.444198865141935;0.4630166927900329;1.5698767551321808;0.39454831885856995;0.3965979168119682;-0.0017606938645110392;0.9622403243998143;0.0919403557437306;338.5523450441204;0.10928957029125792;0.8200976750209817;0.06313338427948662;414121.99415407685;631388.6994321551;101805.5848543201;436.51017950494156;32920.5879504761;1515.641885013474
2017-09-01;34347.56364580905;1.0026182195399584;23417.586036715533;-5.406846306405511;0.3303061516228331;16.495932728772768;3.0227938131493284;1.3602545464978586;863.5581778205907;88476.33749206694;0.0;0.0;2826928061.4285192;-21825.10412318444;0.0;8.93476524984626;0.4624863804991639;1.458554857640904;0.39419368040668845;0.39734848491804464;-0.004498876148304922;0.9640686932876954;0.0919403557437306;339.17507973966667;0.1092710645143005;0.82048488536329;0.07584841922374248;417789.9979927783;636271.9764813803;102635.0378199167;293.53270251170306;33220.75470012034;1533.622268919642
2017-10-01;34369.512470696936;1.0042850862325308;23182.46203964984;-5.044384264776594;0.330836667500417;16.510606091203524;3.0172995005465646;1.3428199840381299;870.2825163535549;87016.18105265626;0.0;0.0;3121882471.6849747;-22381.599815898953;0.0;8.506091695618226;0.4630166927900329;1.448974635508568;0.4005176238077287;0.4033866046683057;-0.002925635430798783;0.9652014493514717;0.0917846380758379;342.04386968303686;0.10923437792326685;0.8208562436055336;0.07819030151549149;421249.2854182135;641222.5951059524;103464.67223278734;131.30008829045906;33467.29163652371;1551.605178029269
2017-11-01;34367.563793587935;1.0020510832056588;22103.0059583727;-6.0223670773664555;0.33171233123672644;16.50716833499341;3.016489565445387;1.3020116191969344;876.9819699265275;85823.6641825922;0.0;0.0;3447625366.562205;-22158.0417621819;0.0;7.770104739166511;0.4630166927900329;1.415235490035831;0.40342436091498424;0.4064681878145902;-0.0032639721114431173;0.9670106466673242;0.09186829292482154;343.3397515170817;0.10918063312672473;0.821170633409337;0.07514044825502418;424761.92991276993;646160.7530895745;104286.969590181;192.87006138168584;33683.43674236437;1568.8340840075443
2017-12-01;34362.73226674066;1.000625992125988;22186.647955961016;-9.09170701070625;0.3316653847417947;16.5114470670644;3.005890936412142;1.3417979516362901;885.5189817244614;84529.5805375354;0.0;0.0;3807365167.392627;-23390.11798369559;0.0;8.29883408327443;0.464030556358846;1.4639073224647454;0.4064765419779486;0.402165057297142;-0.0029035406621437973;0.9683178948988103;0.09186829292482154;346.04525798806867;0.109072219092333;0.8205278642065602;0.06953721888337293;428107.90048297343;650988.6678448397;105100.72270331331;55.170772507522045;33976.83554446224;1596.3321625840426
2018-01-01;34366.49995525728;1.0011124184137519;20843.404979076695;-10.228294792165338;0.3324667587484007;16.510567790543213;3.011416054314536;1.3087311880482335;891.1336131586548;85047.34758849414;0.0;0.0;4204652052.34622;-22489.819828902295;0.0;7.999617213326206;0.464030556358846;1.3540803969980213;0.4125339181436551;0.4050853913185277;-0.00397326887611954;0.969857864376269;0.09186829292482154;347.90582844685963;0.10908285818484957;0.8206396090842628;0.059337876253484106;431303.72299866483;655583.2770396428;105837.23047698397;134.92480181010995;34282.00958890963;1612.693007780761
2018-02-01;34373.15796299088;0.999903505798395;22690.895606795773;-7.57528929968191;0.3316653847417947;16.518157926668923;3.008186564842135;1.2594932087681454;895.7904681049331;84091.18562277683;0.0;0.0;4643403935.194602;-22289.425071123005;0.0;7.316958534251112;0.4642671361735204;1.360936201251381;0.41393666703224385;0.40602847223983796;-0.0033243713638987453;0.9711945955813427;0.09186829292482154;349.6483133749843;0.10908285818484957;0.8204715456306145;0.06316345543582678;434661.4936036854;660349.9104487611;106647.85068529818;91.07135489385222;34446.16321199876;1631.9925046440449
2018-03-01;34390.536071981456;1.0038682929248213;22029.76790015947;-9.799570858012284;0.33271233123672644;16.53250043979428;3.0152260295830504;1.2723330396478618;902.6540798482478;84286.62448731388;0.0;0.0;5127951917.256157;-23467.559714929168;0.0;7.162518606467222;0.464030556358846;1.4090135294120854;0.41420792349576285;0.40827207401639004;-0.004177608358278393;0.9734868688307782;0.09186829292482154;351.68460774614726;0.10893663398705898;0.8222037373905562;0.0688298341394227;438174.3536489822;665042.1002733822;107446.91766819867;236.79689396343727;34753.85441393013;1647.3040892389006
2018-04-01;34417.70380869525;1.0044392982996033;21037.050856197628;-7.961213452445071;0.3323067197877274;16.536310802720287;3.0189114911012136;1.2584730514319387;907.3853476031252;83872.14748975159;0.0;0.0;5663071835.859757;-22993.085263142762;0.0;7.3138984109314285;0.4642671361735204;1.3532862860394261;0.4216952233477822;0.4090635647136923;-0.00302140779794251;0.9739126968301445;0.09173805588364481;353.4436991302672;0.1087646346498893;0.8229037373321982;0.07387289438877874;441434.7954410005;669621.7850803557;108196.08138040137;158.61352785831124;34989.05528025831;1662.9013988036775
2018-05-01;34435.97093804088;1.0053885304845962;22143.740549968352;-7.671550297117672;0.33346675874840065;16.550856577635802;3.0115611405644316;1.2723077774938476;912.7828835737854;83328.65497465931;0.0;0.0;6254043077.991797;-23113.71560296547;0.0;7.43610972863076;0.4642671361735204;1.3948697012909204;0.4265965337338334;0.4093597156256612;-0.002503331021727968;0.9766851761296775;0.09173805588364481;354.53396118081315;0.10868984383709587;0.8221909398570495;0.10290655276851493;444667.9699088067;674347.8493874244;108978.5621400718;63.790604089926894;35223.2568347599;1678.1561910659755
2018-06-01;34450.236690925776;1.0047338983456657;20525.790081089395;-11.526839869363979;0.33346675874840065;16.56238678637959;3.0037367828700696;1.2687292066816565;920.1224414593382;83319.78975620477;0.0;0.0;6906696910.971471;-23843.065380424665;0.0;7.1307967408459945;0.4644890927667774;1.2995959204670093;0.4285538376374262;0.409435785188109;-0.0017771291098611097;0.9780889047392695;0.09164448544499403;355.44379779500736;0.1087430195719372;0.8224749156308035;0.08918593598235731;447683.8540875048;678606.2434549601;109710.63806377469;59.47841600701421;35482.15515316622;1693.5246383650428
2018-07-01;34466.237373098804;1.0058894130445573;21329.330470750218;-3.5097847282940586;0.33351307692841914;16.56996055258282;2.9975469935777355;1.289128872148813;926.276715411636;81652.28680661348;0.0;0.0;7627471582.261157;-23243.331380518677;0.0;7.381896290871615;0.4646420168794036;1.2969574519818599;0.4354617628391598;0.41353535178934586;-0.0030668027182552664;0.9804753820810774;0.09164448544499403;357.16772267612066;0.10872156161463753;0.8233585715044864;0.10659872803042757;450889.3689569381;683141.133774081;110480.79473812197;78.58302532670659;35698.36994673542;1708.875046377364
2018-08-01;34470.20027059553;1.0054005650123325;21843.03098377308;-11.6454677139606;0.3346444854449941;16.581061692745624;3.0146175664535537;1.327872950408898;930.725550884397;80496.14364491637;0.0;0.0;8423472189.07607;-23600.42949953503;0.0;7.466596638845598;0.4642671361735204;1.3428100626243102;0.4389275610017368;0.4110121418990655;-0.0007392322749947705;0.9816531972795018;0.09164448544499403;359.9574041264485;0.10872274602213695;0.8227963438041183;0.12023001353734941;454533.6506152502;687798.9590001181;111260.76390106519;355.0714102920373;35933.93091890458;1724.808026212779
2018-09-01;34496.77120809316;1.0052671361735204;21028.750979287255;-10.042682784428008;0.3350670412103235;16.598196537779124;3.0069728710696855;1.3081085858859018;937.9543946292342;79723.51771925157;0.0;0.0;9302554509.301592;-24457.23437525393;0.0;5.985774313384287;0.4645334532389616;1.2910581550497673;0.4447251362722072;0.41409506537662993;-0.0024529018676071597;0.9839268450548666;0.09164448544499403;361.4761226392517;0.10868306011846746;0.8222806105514068;0.12029617710997934;457691.97662083467;692483.5811666652;112035.63741113874;55.93699129609646;36174.34912935549;1740.6099081050456
2018-10-01;34511.17398016989;1.0045929186757123;22098.98378307274;-4.552156703782552;0.3360227744249483;16.618232177118013;3.002142784397753;1.323187182903017;942.4366077357922;79605.29742761263;0.0;0.0;10273388115.36641;-24230.71651082753;0.0;6.836436908092944;0.46499048588886666;1.3462075431626703;0.4504137907849801;0.4114132174001194;-0.0027307365995038395;0.9853478329425652;0.09164448544499403;363.1774936897683;0.1085856349214004;0.8220568227334334;0.1057942588388046;460876.91493432457;697325.4864426283;112815.04561108295;46.09867754231202;36459.82088895502;1756.396053589703
2018-11-01;34534.70035074093;1.0061641033222641;21952.941303934538;-5.983949059527797;0.33604566457005974;16.636443422019227;3.017632890705551;1.3282133433889474;950.5852956638815;78961.29184843853;0.0;0.0;11345551053.684109;-23530.407351857066;0.0;7.488492534692266;0.4639904858888666;1.3070144039328098;0.4531098986490824;0.4187835148528833;-0.006113126178560959;0.9873478329425652;0.09288777789471223;364.72911476894495;0.10857010264849853;0.8236522572715153;0.10883938597233415;464510.53140744014;702288.8906324026;113597.25178853609;499.6539099268959;36690.372390489894;1772.2801002741635
2018-12-01;34519.8079949518;1.0048224261001109;21430.867720216072;-6.689923934405132;0.33705715094187666;16.645643215940858;3.0149821149914073;1.3088612870872076;956.1966263467705;78152.6808170496;0.0;0.0;12529617088.701242;-23809.76113137773;0.0;6.799640195685396;0.4639904858888666;1.317180866227213;0.45389916991077406;0.41944105406049903;-0.0034635981168003433;0.9886022600493305;0.09288777789471223;366.69705292470485;0.10864091444809718;0.8245848037700527;0.10072127817408226;467788.1750841726;706892.5213602775;114365.14396796137;127.14053546900803;36898.004870713936;1787.989142061088
2019-01-01;34528.236080796065;1.004618219539959;21292.523453183152;-8.41082235193289;0.3380166927900328;16.6523024911116;3.0132788780708006;1.3296958435005488;962.3284603877422;77265.65824938547;0.0;0.0;13837268177.9564;-24521.32494973338;0.0;6.8734887300239516;0.4639904858888666;1.2937484470323406;0.4575431079500651;0.4218016811771568;-0.0052421847353700335;0.9906128983134115;0.09288777789471223;367.9464611531843;0.10870259972919952;0.8249538224024804;0.12025936231498176;470937.5005816912;711385.4082663236;115116.3183624301;127.04892515137105;37112.06214836681;1803.6623543839632
2019-02-01;34529.175516688905;1.0041641033222644;21314.14977920388;-10.52367355817295;0.33806704121032355;16.642349741062706;3.0043572836418106;1.3597470499667195;970.0518250068036;75897.1228442729;0.0;0.0;15281402902.801168;-23894.561594626623;0.0;7.0558207036798954;0.4646420168794036;1.2384321767792876;0.4596083899351214;0.42450850691342235;-0.003741528774242544;0.9928087154144107;0.09288777789471223;369.6018775228523;0.10878270120109655;0.8243239775151523;0.11785129186241335;473998.41535897483;716200.4863357131;115875.33046457215;30.08703624437141;37317.517821334004;1819.2739061589068
2019-03-01;34537.11994403789;1.0057218638179295;21096.780850996096;-4.56723732556513;0.3393500261233662;16.65924798851947;2.997064941158938;1.287690997364868;976.3471421784972;74801.19849995468;0.0;0.0;16876264427.996382;-23673.49887295869;0.0;6.55966733837126;0.46499048588886666;1.2321516436355664;0.4617442659580952;0.4257993851564746;-0.002743553522468692;0.994664444609029;0.0927238176085433;371.2743396733839;0.10881473733188587;0.8225785327100534;0.11301504654548532;477063.8835667141;720579.5481836543;116621.6813401042;38.425289756301076;37546.7524054475;1835.7361599405758
2019-04-01;34528.16150063534;1.0029336996447586;20615.28042905934;-7.276113923166595;0.33884445475160646;16.678907845467354;2.99413413674611;1.337932850242603;984.3939265328602;74156.22217237802;0.0;0.0;18637586319.549297;-24162.938508017673;0.0;6.636597198210742;0.46503055635884594;1.2223584325138332;0.46357606706128257;0.4244608046696354;-0.0022823374691404888;0.9953028665037209;0.0927238176085433;372.08293271862755;0.10879053809574107;0.8204391577909048;0.10712825389865518;480027.13074732537;724892.4730053268;117342.54554077475;41.095771059697284;37826.93147189346;1850.3544497568257
2019-05-01;34537.23130298367;1.0054668498223795;20783.068975965933;-7.594826472923474;0.3401693555383901;16.67491326994074;3.001450009087605;1.348475677864516;993.125094654209;74139.67695734688;0.0;0.0;20582740652.25692;-24862.096857476063;0.0;6.889348003788957;0.46499048588886666;1.2290681634186278;0.46721141657147935;0.4280597878152896;-0.0064009588894849085;0.9966833415923376;0.0927238176085433;372.8961587476115;0.1087242974501407;0.8222821367523727;0.1316430562446665;483218.0674171759;729252.6882316138;118070.98016338973;144.6763124907397;38032.39893837964;1866.5272358593318
2019-06-01;34530.96000499875;1.004978636627668;20246.714170469655;-10.918116486566964;0.3398444547516064;16.66145395154936;3.0104205731301166;1.2749071227878601;999.0335387708107;74156.70874710166;0.0;0.0;22730915842.11673;-24253.4411674734;0.0;6.274986737557554;0.46432667110519504;1.1609445628845323;0.47039496729289065;0.4272918646056892;-0.003935212061532844;0.9979973335466324;0.0927238176085433;375.30279984870447;0.10816744007177866;0.822391550690027;0.14336214146871734;486443.6201811081;733780.8008504355;118802.14520077927;157.73796969975942;38261.55549182667;1883.6883200926109
2019-07-01;34521.264652235055;1.0045593812200466;20807.490907685788;-10.018141739448854;0.34088777789471225;16.66538170703174;3.0161514431433503;1.3201114114117893;1004.9440037701229;73489.43615938256;0.0;0.0;25103301331.86769;-24490.204112841715;0.0;6.493367577989589;0.46470946275988095;1.1820289238108974;0.47408770849316506;0.4286430603721038;-0.003585951490725351;0.9989130386553818;0.09238441653899214;376.8736888993402;0.108207054188141;0.8233106025648107;0.12924909706464505;489648.33171684534;738180.7623568648;119551.94329388042;180.14879634781659;38482.7702462366;1900.760600979671
2019-08-01;34522.46233265432;1.0036571525555331;20958.859580634773;-9.79330905232043;0.3411708349622103;16.678288452234003;3.0204801242787944;1.3239435481930673;1012.387566805949;74065.32286108732;0.0;0.0;27723299403.97503;-24651.724294894917;0.0;6.388300541880171;0.46480476460731945;1.195549006927677;0.478697023989024;0.42829571025419666;-0.003031751113996555;1.000984292763351;0.09238441653899214;379.0670683184148;0.10805857166361114;0.8238490770696651;0.16059388930019408;492931.88368196617;742672.9577265506;120286.2762630487;106.46478991645824;38727.5651750368;1917.9445731242147
2019-09-01;34527.32064765978;1.0044222912360001;20659.336992602945;-6.805673333068126;0.34084445475160646;16.685617202517452;3.033121848406774;1.3388529192071628;1020.188454642412;74114.98744990173;0.0;0.0;30616752534.57164;-24599.15321186969;0.0;6.103739671678881;0.4639904858888666;1.0908595071681568;0.4787805130620289;0.4331333492670636;-0.0056368375213548035;1.002984292763351;0.09238441653899214;380.8292113390177;0.108067007735482;0.8240574433245177;0.1622675496328198;496137.96197017987;747100.2178265697;121022.00382302348;152.79769297899674;38993.58796362516;1934.747471172778
2019-10-01;34512.83417935884;1.0062002825061664;20485.294228254737;-6.357946729205713;0.34177882608911475;16.67268818633359;3.0341272497982854;1.3269975771183717;1027.1859940776653;73695.56260960228;0.0;0.0;33812203150.591614;-24085.30780599912;0.0;6.575799084568771;0.4639904858888666;1.1638881475971694;0.4828629751747809;0.43719507264388924;-0.00485363949069005;1.0050636366244647;0.09245629117676367;382.02734688446986;0.10791159699654586;0.8247008204452053;0.16034534221771024;499227.98391792405;751451.6248843676;121745.26915460647;123.0228055297861;39230.80215006091;1950.7197968724295
2019-11-01;34527.3925499882;1.0020571509418763;20363.690148974678;-3.4737453456342364;0.34177882608911475;16.684322984646165;3.0274876683423964;1.3130730370413073;1032.9891445474693;72713.9596748484;0.0;0.0;37341170539.48159;-24289.805247486496;0.0;6.484257174669806;0.464030556358846;1.1012457913129996;0.4878657038881916;0.43741830531230164;-0.0069814564155259475;1.0071679487653653;0.09245629117676367;383.2405671022651;0.10805593871359007;0.8218861968440071;0.16135812074176725;502193.50101006334;755709.3867243594;122472.72485114275;33.231795738999004;39442.199297512416;1966.3087915719846
2019-12-01;34568.03467067352;1.0002190719766564;20034.461993811645;-3.386710498299972;0.3423128929550627;16.688635198296815;3.0172695755699594;1.3001183535539504;1039.0666711909648;72424.18539293169;0.0;0.0;41238465162.58976;-24448.311074524503;0.0;5.90465285146311;0.46470946275988095;1.1204412560736268;0.48471204285576425;0.4355125414286499;-0.0053043315743455536;1.009730980946996;0.09245629117676367;384.90922870503397;0.10781957233316763;0.8220636530914008;0.1761560031986896;505136.2054885402;760122.2557739468;123195.7551613317;44.77398177086599;39712.65997790165;2000.1585307613943
