2010-01-01;33655.166666666664;1.0008333333333332;7438.7609999999995;100.0;0.229;17.258333333333333;0.102;0.043500000000000004;368.40049999999997;81089.40966666666;0.0;0.0;1350074.5233333334;92.4415;70.615;0.3376666666666666;0.47083333333333327;0.13575;0.12126666666666668;0.03936666666666667;0.0;0.7033333333333333;0.08216666666666667;239.05701666666667;0.24738333333333332;0.023183333333333334;0.0;1359.18015;4076.2995666666666;260.3207;0.0;713.21;8.235541473315378
2010-02-01;33723.666666666664;1.0041666666666667;11228.554166666667;33.508;0.25216666666666665;16.796833333333336;0.287;0.20666666666666667;362.02383333333336;10775.528333333334;0.0;0.0;1378243.3836666667;-218.62433333333334;106.855;2.2211666666666665;0.5753333333333334;0.5287833333333333;0.09036666666666666;0.08134999999999999;0.00345;0.7031666666666666;0.07866666666666666;207.09278333333336;0.23135000000000003;0.18585;0.0;3263.8529;9800.4108;647.4669333333333;0.27258333333333334;1039.3933333333334;22.737781040779968
2010-03-01;33785.333333333336;1.0063333333333333;14331.158000000001;21.569333333333333;0.26466666666666666;16.567666666666668;0.5415;0.33383333333333337;361.1768333333334;13302.620666666668;0.0;0.0;1409998.102;-278.62916666666666;130.8216666666667;4.0520000000000005;0.5266666666666667;0.8936833333333333;0.0645;0.11486666666666667;0.0022333333333333333;0.7040000000000001;0.07516666666666666;201.0972833333333;0.2184;0.30556666666666665;0.0;5622.6060333333335;15653.7264;1139.2626;24.41661666666667;1379.0516666666665;35.07797836813851
2010-04-01;33840.333333333336;1.009;15670.3085;8.461333333333334;0.2735;16.427;0.5898333333333333;0.37399999999999994;363.31199999999995;23882.903833333334;0.0;0.0;1446617.6923333332;-593.8528333333334;150.0716666666667;4.5248333333333335;0.5475;1.0345166666666665;0.05798333333333333;0.14126666666666668;0.00225;0.7056666666666667;0.0725;207.31203333333335;0.20776666666666666;0.3647833333333333;0.0;8222.588683333333;21670.3744;1674.8100000000002;102.06561666666666;1766.3866666666665;49.16623967407772
2010-05-01;33888.166666666664;1.0081666666666667;17612.7475;11.0145;0.2801666666666667;16.334;0.7623333333333333;0.439;365.5305;33126.558333333334;0.0;0.0;1487467.2920000001;-834.9806666666667;162.87666666666667;5.285833333333334;0.5273333333333333;1.2734333333333334;0.048666666666666664;0.16448333333333334;-0.0006666666666666666;0.7075;0.06983333333333334;208.03453333333334;0.19715000000000002;0.4298;0.0;11178.013283333334;27968.56195;2275.1047;218.73638333333335;2159.0316666666668;76.46521071046477
2010-06-01;33934.5;1.0065;20326.761666666665;13.264333333333333;0.2848333333333333;16.2715;1.1238333333333335;0.5725;369.1911666666667;39510.55033333333;0.0;0.0;1534068.2333333334;-1146.041;172.07666666666668;6.754166666666666;0.48266666666666663;1.6807833333333333;0.03565;0.1878;-0.0013333333333333333;0.7091666666666666;0.06733333333333334;206.708;0.18778333333333333;0.5191333333333333;0.0;14683.832783333333;34462.4322;2966.8145499999996;428.9026833333333;2573.271666666667;105.81133821150803
2010-07-01;33976.666666666664;1.0076666666666665;21827.171166666667;6.882666666666666;0.28883333333333333;16.229666666666667;1.4226666666666665;0.6715;372.5698333333333;50657.42800000001;0.0;0.0;1587645.0418333334;-1392.2488333333333;178.06833333333336;8.055666666666667;0.46216666666666667;1.9680833333333334;0.027433333333333334;0.20586666666666664;0.0008666666666666666;0.7118333333333333;0.06483333333333334;210.84203333333335;0.17946666666666666;0.5839833333333334;0.0;18673.667566666667;41278.468133333336;3708.9367166666666;748.4630166666667;3008.2183333333337;127.33227523224264
2010-08-01;34015.666666666664;1.0086666666666666;23212.428833333335;5.946333333333334;0.29216666666666663;16.195;1.6593333333333333;0.7588333333333334;376.47616666666664;68436.86716666666;0.0;0.0;1646890.8311666667;-2038.0453333333332;180.20166666666668;9.197166666666666;0.4498333333333333;2.1158;0.02323333333333333;0.22675;0.001;0.7143333333333333;0.06266666666666666;212.1236;0.17148333333333332;0.6336666666666667;0.0;22997.890199999998;48396.099683333334;4496.9847500000005;921.7596333333332;3455.2166666666667;148.29406694508407
2010-09-01;34055.333333333336;1.0086666666666666;24184.208333333332;4.024333333333334;0.2953333333333333;16.168833333333335;1.7140000000000002;0.7971666666666667;380.58366666666666;77141.7485;0.0;0.0;1712124.8236666666;-2362.802166666667;179.88166666666666;9.777;0.45249999999999996;2.1790333333333334;0.0238;0.24306666666666668;0.00026666666666666673;0.7164999999999999;0.0605;215.0583;0.16419999999999998;0.6585;0.0;26840.68358333333;55567.8286;5317.557316666666;250.76513333333332;3923.191666666667;169.76400153629723
2010-10-01;34084.333333333336;1.0093333333333334;23996.323999999997;-0.9311666666666666;0.298;16.142166666666668;1.6666666666666667;0.8113333333333334;384.95716666666664;78697.60416666667;0.0;0.0;1784989.2375;-3069.3123333333333;182.52666666666667;9.9745;0.4633333333333334;2.1203333333333334;0.026;0.25903333333333334;0.0007166666666666667;0.7191666666666666;0.05883333333333333;218.9539;0.15776666666666667;0.6665;0.0;30453.772;62759.47271666667;6131.725516666666;21.529666666666667;4370.263333333333;191.56379537037284
2010-11-01;34112.833333333336;1.0103333333333333;24405.3625;1.5533333333333335;0.30083333333333334;16.125833333333333;1.6341666666666665;0.823;390.2778333333333;78770.71233333333;0.0;0.0;1865282.949;-3283.4448333333335;183.70000000000002;10.166500000000001;0.4721666666666666;2.1185666666666667;0.028766666666666666;0.27165;0.0007;0.7216666666666667;0.05683333333333334;225.1111;0.15163333333333331;0.6734666666666667;0.0;34120.959233333335;69977.59438333333;6958.906683333334;34.554966666666665;4864.178333333333;214.17212328131384
2010-12-01;34138.166666666664;1.0105;24743.687833333333;1.2318333333333331;0.303;16.109166666666667;1.6615;0.8485;394.92716666666666;78409.47966666667;0.0;0.0;1954135.394;-3703.8179999999998;184.41666666666666;10.311333333333332;0.4746666666666666;2.1169333333333333;0.0304;0.28853333333333336;0.0002666666666666666;0.7241666666666666;0.0555;228.01266666666666;0.1458;0.6887333333333334;0.0;37887.24453333334;77226.02333333333;7797.674116666666;99.37245;5381.075;236.79212735204257
2011-01-01;34152.333333333336;1.0118333333333334;25023.409;1.0953333333333333;0.305;16.095333333333333;1.6191666666666666;0.8673333333333333;399.5641666666667;83582.69766666666;0.0;0.0;2052527.8825;-3953.1119999999996;183.155;10.377333333333333;0.4828333333333333;2.0955833333333334;0.03378333333333333;0.2961833333333333;0.0012333333333333335;0.7271666666666666;0.05433333333333334;233.13653333333332;0.14123333333333332;0.6915166666666667;0.0;41619.897183333334;84436.78923333333;8734.491983333333;27.746066666666668;5855.23;259.8077031792801
2011-02-01;34159.666666666664;1.0113333333333332;25254.256999999998;0.8885000000000001;0.306;16.08666666666667;1.5878333333333332;0.884;404.6598333333333;82787.833;0.0;0.0;2159915.579166667;-4204.027333333333;181.42333333333332;10.353499999999999;0.48933333333333334;2.0714;0.03816666666666666;0.30905;-0.0004166666666666667;0.7301666666666667;0.05333333333333334;234.66986666666665;0.13668333333333335;0.6964833333333335;0.011366666666666669;45368.37088333333;91795.78841666668;9679.797433333333;15.6334;6350.588333333333;283.1764757121462
2011-03-01;34166.166666666664;1.0113333333333332;25998.81983333333;2.8533333333333335;0.308;16.0765;1.58;0.8933333333333334;409.74083333333334;81722.06;0.0;0.0;2278382.5943333334;-4134.635833333333;179.63666666666666;10.7365;0.494;2.0981833333333335;0.04155;0.3178666666666667;0.00015;0.7331666666666666;0.052;240.17038333333335;0.13238333333333333;0.70135;0.040516666666666666;49234.883116666664;99159.14668333333;10653.653233333333;44.377100000000006;6818.255;306.80789864731815
2011-04-01;34179.0;1.0118333333333334;26129.4265;0.4804999999999999;0.3093333333333333;16.068;1.5631666666666666;0.9;414.4781666666667;85728.54533333333;0.0;0.0;2409288.2785;-4721.523666666667;182.865;10.745833333333332;0.49899999999999994;2.05285;0.04535;0.3292;8.333333333333333e-05;0.7360000000000001;0.050833333333333335;243.07690000000002;0.12811666666666668;0.7069333333333333;0.0396;53124.32263333333;106578.30080000001;11631.355666666665;53.950649999999996;7290.723333333332;330.79182202236024
2011-05-01;34167.5;1.0121666666666667;27108.8655;3.6205;0.3113333333333333;16.0595;1.6335;0.9241666666666667;419.78133333333335;87674.93666666666;0.0;0.0;2552683.2568333335;-4969.029666666666;180.29999999999998;11.005166666666668;0.4951666666666667;2.0894166666666667;0.0478;0.33558333333333334;0.0006333333333333333;0.7393333333333333;0.049666666666666665;244.44235;0.12374999999999999;0.7168333333333333;0.06936666666666667;57394.029233333335;114019.06321666668;12645.3421;345.48918333333336;7771.580000000001;354.8402866708807
2011-06-01;34175.833333333336;1.0116666666666665;28230.917833333337;3.951333333333333;0.31216666666666665;16.055833333333332;1.7521666666666667;0.9641666666666667;424.89016666666663;90390.402;0.0;0.0;2711626.168;-5114.25;178.73833333333332;11.490499999999999;0.4876666666666667;2.1400166666666665;0.05096666666666667;0.3436333333333333;-0.0006500000000000001;0.7428333333333333;0.04833333333333333;246.29056666666665;0.11928333333333334;0.7319666666666667;0.07073333333333333;62060.40056666667;121612.42785;13700.531116666665;633.3195166666667;8219.116666666667;379.15523145139076
2011-07-01;34181.5;1.0125;29274.297666666665;3.546333333333333;0.3135;16.049166666666668;1.8648333333333333;0.9973333333333333;429.76433333333335;92165.82250000001;0.0;0.0;2886876.092;-5320.582833333333;171.835;11.602833333333335;0.4815;2.1765666666666665;0.052833333333333336;0.3547833333333333;0.0008833333333333333;0.7463333333333333;0.04716666666666667;248.96216666666666;0.11543333333333333;0.7428166666666667;0.07546666666666667;66858.6511;129333.32121666666;14794.544483333333;621.2632;8677.171666666667;403.4536564908588
2011-08-01;34182.5;1.0136666666666667;30144.423166666664;2.8748333333333336;0.31466666666666665;16.046;1.947;1.0374999999999999;435.0323333333333;99608.87716666667;0.0;0.0;3078944.0668333336;-5719.861666666667;167.17999999999998;12.302333333333332;0.4785;2.188966666666667;0.05558333333333334;0.35600000000000004;0.0011666666666666668;0.7498333333333332;0.04683333333333334;251.59351666666666;0.115;0.7497833333333334;0.09428333333333333;72006.08216666667;137206.30126666665;15920.799283333334;883.0620833333332;9176.918333333333;427.92063425290127
2011-09-01;34186.666666666664;1.0156666666666665;31339.275833333333;3.8136666666666668;0.3155;16.049;1.9811666666666667;1.0431666666666668;440.57349999999997;102028.77283333334;0.0;0.0;3290560.15;-5591.648166666666;159.03333333333333;11.976666666666667;0.47866666666666663;2.229766666666667;0.05865;0.35538333333333333;0.0017833333333333332;0.7536666666666667;0.048666666666666664;252.99866666666665;0.11515000000000002;0.75215;0.11251666666666667;76769.77355;145186.85818333333;17090.211316666668;295.86795;9626.005;452.19187726401987
2011-10-01;34188.5;1.0153333333333332;32423.310500000003;3.331;0.31666666666666665;16.046666666666667;2.0226666666666664;1.0663333333333334;445.39433333333335;105937.41849999999;0.0;0.0;3524142.8233333337;-5567.1365000000005;154.98666666666665;12.295499999999999;0.47833333333333333;2.2560499999999997;0.06176666666666667;0.3525666666666667;-3.333333333333335e-05;0.7575;0.051;256.35729999999995;0.1151;0.7551833333333334;0.11403333333333332;81735.0489;153450.7676;18301.141366666667;354.85563333333334;10086.488333333333;476.7140568558184
2011-11-01;34186.0;1.0151666666666668;33450.16683333333;3.028;0.318;16.045333333333335;2.0406666666666666;1.0845;450.60716666666667;107800.69283333333;0.0;0.0;3781221.4015;-5745.290666666667;149.39333333333335;12.161499999999998;0.4795;2.2722166666666666;0.06655;0.3547166666666666;-0.00016666666666666663;0.761;0.05333333333333334;259.6001;0.11498333333333333;0.7570166666666666;0.11669999999999998;86707.63028333333;161747.82739999998;19549.841066666664;214.62213333333332;10560.995;501.13553471157644
2011-12-01;34180.0;1.0161666666666667;34380.28083333333;2.6773333333333333;0.31883333333333336;16.036833333333334;2.0711666666666666;1.0718333333333334;455.8573333333334;109434.167;0.0;0.0;4064678.1586666666;-5751.249333333333;144.73833333333332;11.8725;0.48;2.27235;0.07175;0.35368333333333335;0.0008666666666666666;0.765;0.05516666666666667;262.19135;0.11498333333333333;0.7585333333333333;0.12145;91828.52165;170168.0057;20832.554066666667;248.26274999999998;11020.659999999998;525.5766455881295
2012-01-01;34187.166666666664;1.0161666666666667;35614.3595;3.4401666666666664;0.3196666666666667;16.037833333333335;2.0855;1.0785;461.079;109709.48533333333;0.0;0.0;4376296.4225;-5705.941833333333;138.25333333333333;11.948833333333333;0.48100000000000004;2.2895;0.07513333333333333;0.35405;-9.999999999999999e-05;0.769;0.05716666666666667;264.74899999999997;0.11493333333333333;0.7601166666666667;0.12285;97052.28386666666;178815.36343333335;22160.597416666667;183.1081333333333;11489.056666666665;550.294939057853
2012-02-01;34195.166666666664;1.0173333333333332;36781.66966666667;3.1678333333333337;0.3215;16.039166666666667;2.0995000000000004;1.0968333333333333;465.66966666666667;114762.76766666667;0.0;0.0;4720652.878;-5922.8725;130.07500000000002;12.2005;0.4825;2.293766666666667;0.07976666666666667;0.35366666666666663;0.0012833333333333334;0.7728333333333334;0.059166666666666666;266.1087;0.11491666666666667;0.76105;0.11908333333333333;102530.27341666666;187363.5084833333;23531.901683333333;297.851;11925.435;575.2303243545932
2012-03-01;34198.833333333336;1.0178333333333331;38610.586;4.739;0.32266666666666666;16.033833333333334;2.1555;1.0981666666666667;470.27433333333335;117898.95766666667;0.0;0.0;5099336.59;-5769.528333333333;121.16833333333334;12.142333333333333;0.48166666666666663;2.3533666666666666;0.0852;0.3537666666666666;0.0005;0.7768333333333334;0.061;267.3024;0.11488333333333334;0.7649333333333334;0.1176;108396.40528333333;196146.57406666665;24971.275333333335;464.4701166666667;12356.06;600.0139382444851
2012-04-01;34209.5;1.0188333333333333;39441.79783333334;2.1043333333333334;0.3233333333333333;16.041;2.1415;1.0966666666666667;475.8968333333333;118368.66516666667;0.0;0.0;5516910.3775;-6406.588500000001;112.245;11.9215;0.48500000000000004;2.3190666666666666;0.08971666666666667;0.3555333333333333;0.0009166666666666666;0.7808333333333334;0.06266666666666666;269.24330000000003;0.11483333333333333;0.7650833333333332;0.1164;113994.75426666667;204998.54244999998;26441.337433333334;41.4222;12794.548333333332;624.9694822425516
2012-05-01;34210.833333333336;1.0188333333333333;40624.5225;2.8976666666666673;0.3245;16.043499999999998;2.1666666666666665;1.098;482.2221666666667;120991.83966666665;0.0;0.0;5976851.401500001;-7082.1286666666665;96.00166666666667;12.144;0.48583333333333334;2.3138;0.09511666666666667;0.3547166666666666;1.6666666666666637e-05;0.785;0.064;271.9932333333333;0.11478333333333333;0.7672500000000001;0.11293333333333333;119960.58323333332;214013.11693333334;27955.28375;285.38795;13224.24;650.011560318172
2012-06-01;34214.666666666664;1.0185;40676.714166666665;-0.06233333333333326;0.3256666666666667;16.048;2.2123333333333335;1.1285;487.3695;121550.14366666666;0.0;0.0;6485627.030833334;-7859.302500000001;76.705;13.150500000000001;0.48583333333333334;2.3561333333333336;0.09973333333333334;0.35450000000000004;-0.0002;0.789;0.06566666666666666;274.30213333333336;0.11476666666666667;0.7710333333333333;0.12035;125979.00624999999;222970.76528333334;29470.933833333333;340.9997;13728.353333333333;675.2210593265119
2012-07-01;34219.833333333336;1.0178333333333331;38504.64666666667;-5.848833333333332;0.32616666666666666;16.054666666666666;2.216833333333333;1.1548333333333334;492.9783333333333;121782.60666666667;0.0;0.0;7050536.808499999;-8641.4295;60.098333333333336;13.542166666666667;0.48816666666666664;2.3416;0.10373333333333333;0.35581666666666667;-0.0008;0.7926666666666667;0.0675;276.19911666666667;0.11473333333333334;0.77205;0.11221666666666667;131534.11438333333;231533.91608333334;30906.305633333333;151.76045;14185.69;700.6194108228921
2012-08-01;34222.833333333336;1.0118333333333334;36062.149333333335;-6.913333333333333;0.327;16.0605;2.227;1.1605;499.06766666666664;125064.02983333333;0.0;0.0;7677093.1504999995;-9080.997333333333;48.955000000000005;13.426166666666667;0.48966666666666664;2.379916666666667;0.10911666666666668;0.3549333333333333;-0.00585;0.7966666666666667;0.06866666666666667;278.84448333333336;0.11464999999999999;0.7740833333333333;0.11293333333333333;136841.134;239691.30621666668;32250.788;240.03908333333334;14614.883333333333;725.8672694405312
2012-09-01;34235.5;1.008333333333333;30424.825666666668;-18.74116666666667;0.328;16.070333333333334;2.2146666666666666;1.1455;505.326;124061.24833333334;0.0;0.0;8375359.891666667;-9985.7345;44.53333333333333;13.299833333333334;0.49216666666666664;2.346833333333333;0.11220000000000001;0.35660000000000003;-0.003416666666666667;0.7996666666666666;0.07016666666666667;280.87201666666664;0.11463333333333332;0.77325;0.11270000000000001;141242.64455;247075.67173333335;33387.29595;53.69438333333333;15057.11;751.444820852429
2012-10-01;34239.5;1.0090000000000001;28836.831000000002;-5.726333333333333;0.32866666666666666;16.075333333333333;2.1923333333333335;1.1363333333333332;511.47416666666663;122379.16350000001;0.0;0.0;9147876.042166667;-9731.107;41.96;13.328666666666665;0.49466666666666664;2.3017833333333333;0.11791666666666667;0.35589999999999994;0.0006833333333333334;0.8028333333333334;0.07116666666666667;281.76375;0.1146;0.7721833333333333;0.11258333333333333;145385.94301666666;254235.51653333334;34464.786583333334;13.839383333333332;15477.781666666668;777.0480803204686
2012-11-01;34238.166666666664;1.0088333333333332;29141.254166666666;1.0256666666666667;0.3296666666666667;16.084;2.181;1.1318333333333335;516.8888333333333;119114.828;0.0;0.0;10001003.414333334;-9435.839166666667;38.57333333333333;12.711833333333333;0.4963333333333333;2.3053;0.12438333333333333;0.35555000000000003;0.0;0.806;0.07283333333333332;283.79275;0.1146;0.7719999999999999;0.11781666666666667;149612.63255;261383.85018333336;35553.677083333336;62.20623333333333;15890.086666666668;802.5784390229816
2012-12-01;34241.666666666664;1.0094999999999998;28811.85933333333;-1.2625;0.32983333333333337;16.092666666666666;2.1706666666666665;1.1433333333333333;523.9711666666667;118299.86416666668;0.0;0.0;10942747.9925;-9750.737666666666;37.31166666666667;12.878833333333333;0.49766666666666665;2.2651499999999998;0.12973333333333334;0.3578666666666666;0.0004666666666666666;0.8088333333333334;0.07383333333333332;286.2205166666667;0.11453333333333333;0.7717999999999999;0.12169999999999999;153805.38263333333;268388.4107833333;36630.52746666667;77.92988333333334;16302.176666666666;828.0560430036968
2013-01-01;34250.166666666664;1.009;28607.289;-0.7263333333333333;0.33;16.1035;2.158333333333333;1.1596666666666666;529.7624999999999;115824.63883333333;0.0;0.0;11984093.459166666;-10138.005333333333;36.95666666666667;12.976166666666666;0.4991666666666667;2.24985;0.13478333333333334;0.35885000000000006;-0.0006166666666666667;0.8119999999999999;0.075;288.18311666666665;0.11451666666666667;0.7714500000000001;0.12758333333333333;157957.84178333334;275375.199;37699.484449999996;67.4772;16705.704999999998;853.7634861775442
2013-02-01;34249.166666666664;1.0085;28810.399;0.6170000000000001;0.3305;16.111166666666666;2.1468333333333334;1.1513333333333333;536.5773333333333;113480.89883333334;0.0;0.0;13133789.7785;-9988.997000000001;33.79666666666667;13.077;0.5003333333333333;2.2222;0.14131666666666667;0.3584833333333333;-0.0002833333333333333;0.8148333333333332;0.076;290.3899166666667;0.1145;0.7719833333333334;0.12201666666666666;162133.15455;282231.9585333333;38775.508850000006;69.04048333333334;17106.98833333333;879.2281477774405
2013-03-01;34245.833333333336;1.0093333333333334;28841.942333333336;0.09900000000000013;0.331;16.112666666666666;2.1378333333333335;1.1681666666666668;542.8076666666667;113483.22033333335;0.0;0.0;14403726.478666665;-10058.313833333334;32.28666666666667;12.807166666666667;0.5018333333333334;2.2094333333333336;0.14576666666666668;0.36001666666666665;0.0007666666666666667;0.818;0.07733333333333332;292.85498333333334;0.11451666666666667;0.7717166666666667;0.12063333333333333;166318.46065;289190.34023333335;39852.75006666667;75.1756;17516.36333333333;904.977579316701
2013-04-01;34252.333333333336;1.0086666666666666;28201.194333333333;-2.2986666666666666;0.33183333333333337;16.124666666666666;2.1265;1.1620000000000001;548.6875;111356.54433333334;0.0;0.0;15806023.458833335;-10691.721;29.026666666666667;12.572333333333333;0.503;2.1717;0.15045;0.3607833333333333;-0.0006333333333333333;0.8213333333333334;0.07833333333333332;296.0143166666667;0.11445;0.7717833333333334;0.11431666666666666;170383.0606666667;296051.93416666664;40906.15881666667;38.82111666666667;17937.831666666665;930.5490035723184
2013-05-01;34264.666666666664;1.0086666666666666;28514.503666666667;1.0963333333333334;0.33233333333333337;16.136833333333332;2.131;1.194;554.9041666666667;110320.38083333331;0.0;0.0;17355390.270333335;-10791.602166666666;28.18166666666667;12.875333333333332;0.503;2.18275;0.15663333333333332;0.3618166666666667;-1.6666666666666674e-05;0.8241666666666666;0.0795;298.62715;0.11441666666666667;0.7733833333333333;0.10913333333333335;174607.86425;302790.9776666667;41971.645566666666;179.35875000000001;18339.073333333334;956.0698037918283
2013-06-01;34271.0;1.0086666666666666;28737.715166666665;0.7115;0.33283333333333337;16.146333333333335;2.144833333333333;1.1995;561.4115;108720.06549999998;0.0;0.0;19066693.8105;-10491.593666666666;27.813333333333333;12.594499999999998;0.5028333333333334;2.1573666666666664;0.16171666666666668;0.3633166666666667;-9.999999999999999e-05;0.8273333333333333;0.08033333333333333;300.7797166666667;0.11438333333333334;0.7749;0.12006666666666667;178920.1335;309704.0437166667;43045.15476666667;241.01595;18744.62166666667;981.7994477179809
2013-07-01;34269.833333333336;1.0094999999999998;28359.502666666667;-1.3369999999999997;0.333;16.150166666666667;2.1876666666666664;1.1943333333333335;567.2203333333333;107751.68583333334;0.0;0.0;20956543.920166668;-10985.091333333332;25.771666666666665;12.653166666666666;0.5001666666666666;2.1264333333333334;0.16655;0.3616166666666667;0.0009333333333333333;0.8303333333333333;0.081;302.3019;0.11435000000000001;0.7781666666666666;0.12158333333333333;183412.59736666665;316319.7708333333;44104.64088333333;500.1273166666667;19152.57;1007.5192445526187
2013-08-01;34271.333333333336;1.01;29130.022;2.626;0.3336666666666667;16.158;2.211;1.2196666666666667;573.4303333333334;106705.95049999999;0.0;0.0;23042746.61916667;-10483.151;25.24;12.387333333333332;0.49899999999999994;2.1614;0.17235;0.36366666666666664;0.00045000000000000004;0.8334999999999999;0.08183333333333333;303.22838333333334;0.11436666666666667;0.7799833333333334;0.12526666666666667;187855.72115;323063.39868333336;45192.51013333333;340.21585;19522.581666666665;1033.291510018973
2013-09-01;34276.666666666664;1.0098333333333331;28359.566666666666;-2.734166666666667;0.33383333333333337;16.168499999999998;2.2255;1.2318333333333333;579.8461666666667;107434.22499999999;0.0;0.0;25348602.45383333;-11392.843833333332;25.256666666666664;12.467333333333334;0.49866666666666665;2.1119;0.17681666666666665;0.3635833333333333;-4.999999999999999e-05;0.8363333333333333;0.08266666666666667;303.9384333333333;0.11435000000000001;0.7812;0.12469999999999999;192154.75749999998;329710.23235;46251.86913333333;289.9533666666667;19914.375;1059.072420942332
2013-10-01;34282.833333333336;1.0094999999999998;28704.1825;1.1221666666666668;0.33483333333333337;16.178;2.231333333333333;1.2466666666666668;586.0536666666667;107168.20033333334;0.0;0.0;27894114.627666667;-11364.055166666667;23.22;12.352333333333334;0.49866666666666665;2.1256666666666666;0.18225;0.36369999999999997;-0.00024999999999999995;0.8396666666666667;0.08333333333333333;305.27299999999997;0.1143;0.7813166666666667;0.12351666666666666;196408.59211666664;336297.32783333334;47324.041333333334;201.52936666666665;20285.366666666665;1084.8855758035472
2013-11-01;34293.0;1.0091666666666665;28799.26283333333;0.32266666666666666;0.3358333333333334;16.191333333333333;2.2318333333333333;1.2576666666666665;592.7705;106184.9605;0.0;0.0;30705868.359333336;-11632.315166666667;21.790000000000003;12.267000000000001;0.4988333333333333;2.14695;0.18635000000000002;0.36565000000000003;-0.0004166666666666666;0.8424999999999999;0.08416666666666667;307.21448333333336;0.11426666666666667;0.7815500000000001;0.13183333333333333;200598.7265;342806.50525;48399.82678333333;117.47008333333333;20663.075;1110.6687654251239
2013-12-01;34300.5;1.0091666666666665;29029.226333333336;0.758;0.3358333333333334;16.202166666666667;2.2255;1.2683333333333333;599.1836666666667;105179.69733333333;0.0;0.0;33809946.285000004;-11514.4975;20.351666666666667;12.235;0.4996666666666667;2.10055;0.18993333333333332;0.36578333333333335;-0.00016666666666666663;0.8453333333333334;0.08466666666666667;309.0052;0.11428333333333333;0.7818333333333333;0.12511666666666665;204771.68586666664;349380.2111;49484.17721666666;63.70666666666667;21028.63666666667;1136.5152343711247
2014-01-01;34297.5;1.0086666666666666;29061.475333333336;0.11133333333333334;0.33483333333333337;16.207833333333333;2.2375000000000003;1.2708333333333333;604.6778333333333;103889.01566666667;0.0;0.0;37239242.10366667;-11773.315166666667;19.726666666666667;11.915999999999999;0.4995;2.0882;0.19676666666666667;0.36755;-0.0001833333333333334;0.8486666666666666;0.0855;310.60585;0.11428333333333333;0.78205;0.12765;209052.51788333335;355933.58323333337;50633.30318333333;177.82298333333333;21414.381666666668;1162.3471862842903
2014-02-01;34306.666666666664;1.0085;29418.655;1.2106666666666668;0.33383333333333337;16.22;2.232666666666667;1.286;611.004;103562.24233333334;0.0;0.0;41025842.326;-11800.239166666666;20.128333333333334;11.922666666666666;0.5001666666666666;2.0913166666666667;0.2005;0.3672166666666667;-0.00030000000000000003;0.852;0.08600000000000001;313.03821666666664;0.11428333333333333;0.7824666666666666;0.12498333333333334;213276.27676666668;362584.57235000003;51796.24648333333;71.4818;21757.57;1188.349730028321
2014-03-01;34312.833333333336;1.0085;29225.594833333333;-0.6833333333333332;0.33266666666666667;16.230999999999998;2.2281666666666666;1.2886666666666666;617.7478333333333;102852.74666666666;0.0;0.0;45207283.55166667;-12254.695833333333;16.603333333333335;11.713333333333333;0.501;2.0585;0.20445;0.3674;-0.00021666666666666674;0.855;0.08666666666666667;314.4488833333333;0.11423333333333334;0.7829666666666667;0.12166666666666666;217469.79161666668;369065.61435;52952.25596666667;63.77116666666666;22109.434999999998;1214.0965420998962
2014-04-01;34327.166666666664;1.008;29376.742833333334;0.4784999999999999;0.3315;16.242833333333333;2.2285;1.3293333333333333;624.5271666666666;103272.60016666667;0.0;0.0;49825735.12566667;-12665.308333333332;15.803333333333333;11.6915;0.5011666666666666;2.0530166666666667;0.21084999999999998;0.36928333333333335;-0.0001833333333333334;0.8574999999999999;0.08716666666666667;314.8795166666667;0.11418333333333335;0.7841999999999999;0.11746666666666666;221724.56888333333;375617.1363833333;54113.638816666666;116.46528333333333;22473.27666666667;1239.947348917988
2014-05-01;34325.5;1.008;29806.747666666666;1.3006666666666666;0.33016666666666666;16.250666666666664;2.248666666666667;1.3556666666666668;630.8623333333334;103035.134;0.0;0.0;54925270.102166675;-12692.407333333334;14.549999999999999;11.633333333333333;0.5;2.028783333333333;0.21575;0.37051666666666666;9.999999999999998e-05;0.8601666666666666;0.08733333333333333;315.4809333333333;0.11413333333333335;0.7854833333333334;0.12181666666666667;226213.76505000002;382083.28281666664;55291.85581666667;318.54516666666666;22826.828333333335;1265.7850010049935
2014-06-01;34329.833333333336;1.0108333333333333;29962.843833333332;0.48000000000000015;0.3293333333333333;16.2585;2.271;1.3603333333333332;636.907;102865.10966666667;0.0;0.0;60557775.80483333;-13055.522666666666;13.693333333333333;11.559166666666668;0.49899999999999994;2.039683333333333;0.22013333333333332;0.3703;0.0026999999999999997;0.8633333333333333;0.08833333333333333;316.64985;0.11411666666666666;0.78755;0.11806666666666665;230690.5352;388661.6366166666;56476.02166666667;283.9813;23179.13;1291.5933535764814
2014-07-01;34334.5;1.0113333333333332;30607.624833333335;2.0955;0.328;16.269833333333334;2.33;1.3945;643.5655;102718.66416666667;0.0;0.0;66777571.58466667;-13126.568333333335;14.018333333333333;11.840666666666666;0.49583333333333335;2.04615;0.22413333333333332;0.37061666666666665;0.00025000000000000006;0.8663333333333334;0.08883333333333333;318.4823833333333;0.11406666666666666;0.7913166666666666;0.12638333333333332;235631.03696666667;395332.7582666667;57685.61120000001;709.2243166666667;23519.87166666667;1317.381059393383
2014-08-01;34336.666666666664;1.01;30925.619000000002;1.0178333333333334;0.32683333333333336;16.28;2.3615;1.4038333333333333;650.0955;102028.07;0.0;0.0;73646134.83366667;-13412.0815;14.613333333333335;11.462833333333334;0.494;2.0119666666666665;0.22866666666666666;0.37083333333333335;-0.0011666666666666668;0.8694999999999999;0.08933333333333333;320.86856666666665;0.11405;0.7933166666666667;0.12941666666666665;240324.6962166667;402055.7104166667;58907.639800000004;387.4038;23860.565000000002;1343.1185696463638
2014-09-01;34336.5;1.0103333333333333;31704.506666666668;2.4378333333333333;0.3256666666666667;16.290666666666667;2.3753333333333333;1.4311666666666667;657.0223333333333;102450.23583333334;0.0;0.0;81232312.14533333;-13121.128166666667;12.481666666666667;11.566833333333333;0.4935;2.0263666666666666;0.23288333333333333;0.37188333333333334;0.0003;0.8728333333333333;0.08983333333333333;323.3568833333333;0.11405;0.7945833333333333;0.14426666666666668;244968.44271666664;408801.76046666666;60159.95593333334;220.2161166666667;24178.281666666666;1369.0161805590758
2014-10-01;34344.833333333336;1.0096666666666667;32019.752500000002;0.9688333333333333;0.32433333333333336;16.304;2.4023333333333334;1.4725000000000001;663.3556666666667;103810.84233333333;0.0;0.0;89609111.59383333;-13618.370333333332;11.398333333333333;11.503;0.492;1.9957666666666665;0.23691666666666666;0.3720833333333333;-0.0007;0.8756666666666666;0.09016666666666666;325.33078333333333;0.11398333333333333;0.7968000000000001;0.14298333333333332;249816.1488333333;415592.48130000004;61425.06431666666;403.8942;24500.118333333332;1395.0611142926798
2014-11-01;34351.833333333336;1.0108333333333333;32842.763;2.4753333333333334;0.32316666666666666;16.317;2.4148333333333336;1.4646666666666668;669.472;104549.91316666668;0.0;0.0;98859264.42533334;-13447.735166666665;9.86;11.229333333333335;0.49183333333333334;1.9859499999999999;0.24168333333333333;0.3734166666666667;0.0013333333333333333;0.8788333333333332;0.09049999999999998;327.2964;0.11396666666666666;0.7975833333333333;0.13905;254623.78286666668;422464.7867333333;62721.70133333333;246.41461666666666;24826.26833333333;1421.339220806477
2014-12-01;34362.0;1.0118333333333334;33397.853;1.6443333333333332;0.322;16.329833333333333;2.42;1.4758333333333333;675.4923333333332;104378.2075;0.0;0.0;109075106.01916666;-13827.6175;8.84;11.359833333333333;0.49183333333333334;1.96795;0.24613333333333332;0.37446666666666667;0.00095;0.8816666666666667;0.09066666666666667;328.33375;0.11399999999999999;0.7976833333333334;0.14121666666666666;259380.3819;429320.05898333335;64040.59268333333;106.49521666666665;25174.155;1448.0218918086687
2015-01-01;34369.666666666664;1.0114999999999998;33832.358;1.2656666666666667;0.32233333333333336;16.341166666666666;2.4235;1.4880000000000002;681.2078333333334;103405.96766666666;0.0;0.0;120356512.45850001;-14145.057333333332;8.055;10.957666666666666;0.49183333333333334;1.94155;0.24966666666666668;0.37648333333333334;-0.0003666666666666666;0.8855;0.09133333333333334;331.3941;0.11401666666666667;0.7987833333333333;0.14366666666666666;264143.12556666665;436232.5677;65374.325983333336;52.9745;25508.833333333332;1474.468273774972
2015-02-01;34380.333333333336;1.0103333333333333;35063.89666666667;3.5091666666666668;0.3225;16.353166666666667;2.4250000000000003;1.4956666666666667;688.0856666666667;103156.24699999999;0.0;0.0;132814501.74416667;-14151.200499999999;7.625;10.978333333333333;0.4925;1.9419833333333332;0.25533333333333336;0.3768833333333333;-0.0012333333333333335;0.8883333333333333;0.09166666666666667;333.1519666666667;0.114;0.8000833333333333;0.1361;269071.91788333334;443406.39513333334;66756.42506666666;59.631283333333336;25837.923333333336;1501.039496458412
2015-03-01;34388.833333333336;1.0113333333333332;35870.204333333335;2.236333333333333;0.32266666666666666;16.3645;2.4288333333333334;1.5196666666666667;694.7206666666666;102870.6915;0.0;0.0;146572161.10933334;-14090.976833333334;6.328333333333333;10.829333333333333;0.49266666666666664;1.9160000000000001;0.2593666666666667;0.37833333333333335;0.0010666666666666665;0.8916666666666666;0.09200000000000001;334.86331666666666;0.114;0.8002166666666667;0.13393333333333332;274103.0643166667;450540.2971;68170.17518333334;56.69681666666667;26177.01;1528.0496160974462
2015-04-01;34395.166666666664;1.0128333333333333;36837.308;2.613;0.3233333333333333;16.37366666666667;2.4435000000000002;1.5261666666666667;700.616;103434.85033333332;0.0;0.0;161764819.631;-14574.584166666667;5.351666666666667;10.793999999999999;0.4925;1.9146833333333333;0.26425;0.3794666666666667;0.0013166666666666667;0.8953333333333333;0.09249999999999999;337.42;0.11393333333333333;0.8008000000000001;0.13658333333333333;279337.6675833333;457808.50455;69621.46003333334;146.15426666666667;26481.418333333335;1554.73717546212
2015-05-01;34402.166666666664;1.0113333333333332;38297.63333333333;3.7635;0.32416666666666666;16.3845;2.4551666666666665;1.5196666666666667;707.0805;103937.75583333334;0.0;0.0;178542362.36066666;-14977.359833333334;4.056666666666667;10.429666666666668;0.4916666666666667;1.9006833333333333;0.2672333333333333;0.3807833333333333;-0.00125;0.8986666666666667;0.09266666666666667;339.5708333333333;0.11391666666666667;0.8020333333333333;0.12548333333333334;284778.6852;465310.9228166667;71130.08608333334;160.80376666666666;26779.971666666668;1581.2289718803695
2015-06-01;34404.666666666664;1.0111666666666668;39143.612166666666;2.1221666666666668;0.32483333333333336;16.392;2.469666666666667;1.5318333333333334;712.9486666666667;104584.0405;0.0;0.0;197069227.20166668;-15467.968333333332;2.513333333333333;10.210833333333333;0.4915;1.8260833333333333;0.27295;0.3816;-1.666666666666671e-05;0.9025;0.09266666666666667;341.38805;0.1139;0.8028333333333334;0.12553333333333333;290359.4841333333;472942.1689666666;72672.32516666666;193.08536666666666;27111.85666666667;1607.8160736692137
2015-07-01;34412.5;1.0121666666666667;40877.515;4.230833333333333;0.3253333333333333;16.402333333333335;2.5056666666666665;1.5373333333333334;719.1238333333334;104714.94483333333;0.0;0.0;217529071.56716666;-15152.392999999998;1.7083333333333333;10.013333333333334;0.49;1.8462500000000002;0.27940000000000004;0.38386666666666663;0.0009666666666666668;0.906;0.09300000000000001;341.8847666666666;0.11383333333333334;0.805;0.13005;296303.0661333333;480797.8742166667;74282.16861666666;347.7676666666666;27424.208333333332;1634.9239129576383
2015-08-01;34418.666666666664;1.0131666666666665;42788.47816666667;4.446000000000001;0.32583333333333336;16.413833333333333;2.563;1.51;725.9393333333334;105132.99633333333;0.0;0.0;240123014.02133334;-14842.231999999998;1.5666666666666667;10.006166666666667;0.48733333333333334;1.8410333333333335;0.28565;0.38408333333333333;0.0009666666666666666;0.91;0.09349999999999999;344.3334333333333;0.1138;0.8072166666666667;0.13223333333333334;302757.34151666664;488907.90993333334;75966.46845;635.9492;27730.558333333334;1661.9925118656013
2015-09-01;34429.166666666664;1.0145;44511.67933333333;3.860333333333333;0.32666666666666666;16.423833333333334;2.6008333333333336;1.5181666666666667;732.7081666666667;105667.00116666667;0.0;0.0;265074185.0501667;-15093.693166666666;0.8133333333333334;9.728833333333334;0.48633333333333334;1.8075166666666667;0.2898833333333333;0.3858;0.0012333333333333335;0.9141666666666667;0.09349999999999999;345.75714999999997;0.11375;0.8094;0.13271666666666668;309214.0675333333;497286.8403166667;77718.17655;384.8881833333333;28059.168333333335;1688.839819531715
2015-10-01;34441.333333333336;1.0151666666666666;46558.6215;4.382666666666666;0.32683333333333336;16.4375;2.619666666666667;1.5030000000000001;739.2593333333333;106213.22733333334;0.0;0.0;292627453.7435;-14996.942833333334;0.9216666666666665;9.652833333333334;0.48583333333333334;1.8170833333333334;0.2947;0.38665;0.0007166666666666667;0.9185;0.09416666666666666;347.70278333333334;0.1138;0.8100833333333334;0.12956666666666666;315755.75126666663;505882.1502333333;79550.34776666666;179.56961666666666;28362.808333333334;1715.8549650231027
2015-11-01;34448.833333333336;1.0156666666666665;48316.74016666666;3.609666666666667;0.327;16.4485;2.626333333333333;1.5028333333333332;746.3378333333334;107311.271;0.0;0.0;323054864.24466664;-15176.925166666668;0.2733333333333333;9.296833333333334;0.4865;1.8218333333333332;0.29835;0.38830000000000003;0.0006166666666666667;0.9226666666666667;0.09416666666666666;350.33650000000006;0.11370000000000001;0.8097499999999999;0.13681666666666667;322398.88221666665;514676.3264833333;81450.9988;34.31235;28682.695000000003;1742.907397971424
2015-12-01;34453.666666666664;1.0176666666666667;49786.96316666666;2.9554999999999993;0.32783333333333337;16.452833333333334;2.6435;1.4711666666666667;752.7278333333334;107875.24683333334;0.0;0.0;356655899.8666667;-15675.062166666668;0.0;9.5205;0.4865;1.7761666666666667;0.3026166666666667;0.38976666666666665;0.0018333333333333333;0.9271666666666668;0.09433333333333334;354.2206833333333;0.11359999999999999;0.81115;0.1334;329321.7090833333;523651.6375333333;83409.13100000001;133.08201666666665;29012.896666666667;1769.8362510118275
2016-01-01;34461.833333333336;1.0198333333333334;52370.72116666666;4.873666666666667;0.32883333333333337;16.464333333333332;2.6534999999999997;1.4436666666666664;759.0045;107636.09533333335;0.0;0.0;393762005.78566664;-15300.635999999999;0.0;9.747166666666667;0.4865;1.8113000000000001;0.30605;0.3905;0.0020333333333333336;0.9311666666666666;0.09433333333333334;357.14754999999997;0.11353333333333333;0.8118833333333333;0.13326666666666667;336517.6414166666;532987.8425500001;85207.9312;59.76718333333333;29308.483333333334;1796.6940039884728
2016-02-01;34477.333333333336;1.0194999999999999;51775.90666666667;-1.978;0.329;16.476666666666667;2.6696666666666666;1.4076666666666666;765.1053333333333;107476.93366666666;0.0;0.0;434739562.4695;-16304.629333333332;0.0;10.2145;0.4868333333333333;1.8026833333333334;0.30770000000000003;0.39225;-0.00045000000000000015;0.9351666666666666;0.09466666666666668;360.5549833333334;0.11355;0.8126166666666667;0.14218333333333333;343637.00111666665;542275.4081333333;86986.41765;59.11625;29616.196666666667;1823.5454506894773
2016-03-01;34494.166666666664;1.0115;46308.001;-12.911;0.32983333333333337;16.48966666666667;2.7115000000000005;1.5128333333333333;771.4693333333333;107703.88316666667;0.0;0.0;479996652.6315;-16379.257;0.0;11.524500000000002;0.48533333333333334;1.7747833333333334;0.3169;0.39196666666666663;-0.007666666666666666;0.9385;0.09500000000000001;362.8419166666667;0.11353333333333333;0.8143666666666666;0.1401;350381.7134;550871.4594333334;88578.12268333333;449.63578333333334;29910.006666666668;1850.651621683237
2016-04-01;34507.5;1.008;29566.584499999997;-57.873833333333344;0.33033333333333337;16.502166666666668;2.732333333333333;1.4571666666666667;777.4540000000001;110294.14266666667;0.0;0.0;529992455.71933335;-19375.7915;0.0;11.116333333333335;0.4848333333333333;1.7992833333333333;0.3159;0.39294999999999997;-0.003666666666666667;0.9405;0.09500000000000001;364.75303333333335;0.11353333333333333;0.8156333333333333;0.13741666666666666;354763.3397833333;556925.3097166667;89597.88136666668;288.11920000000003;30221.25833333333;1877.703864548593
2016-05-01;34515.166666666664;1.0073333333333332;25682.034166666668;-15.1115;0.3305;16.512;2.7411666666666665;1.4311666666666667;783.7598333333334;107879.35316666665;0.0;0.0;585210104.433;-18638.573333333334;0.0;11.069166666666668;0.4848333333333333;1.744;0.32339999999999997;0.3962666666666667;-0.00045000000000000004;0.9425;0.09500000000000001;366.50780000000003;0.11333333333333334;0.8166833333333333;0.1424;358553.55348333326;562454.7106166667;90484.69805;212.90656666666666;30553.00333333333;1904.726223059827
2016-06-01;34522.666666666664;1.0063333333333333;25862.34;0.6791666666666667;0.33083333333333337;16.522499999999997;2.7746666666666666;1.4186666666666667;790.6401666666667;105795.01316666667;0.0;0.0;646190509.034;-18339.630166666666;0.0;10.849666666666666;0.48299999999999993;1.7597666666666667;0.33431666666666665;0.39526666666666666;-0.0008333333333333334;0.9446666666666665;0.09500000000000001;368.53091666666666;0.11333333333333334;0.8182999999999999;0.1424;362798.4753;567849.7895833333;91377.77895;698.8699166666667;30867.111666666668;1931.6481164432898
2016-07-01;34533.5;1.007;25838.407000000003;-0.11399999999999995;0.3313333333333333;16.531666666666666;2.797166666666667;1.4188333333333334;797.0034999999999;103285.68199999999;0.0;0.0;713536289.2488333;-18293.667833333333;0.0;10.678666666666667;0.482;1.7430833333333335;0.3373833333333333;0.3967833333333333;0.00085;0.9471666666666666;0.09516666666666666;370.32755;0.11336666666666667;0.8200333333333333;0.14356666666666668;366854.92593333335;573275.7515333333;92270.03308333334;494.1575666666667;31172.75;1958.5922961223032
2016-08-01;34538.5;1.007;25561.746833333335;-1.1255;0.3315;16.539833333333334;2.829833333333333;1.4174999999999998;802.6733333333333;100977.93183333334;0.0;0.0;787911522.9906667;-18384.8805;0.0;10.534333333333334;0.4808333333333333;1.7217166666666666;0.34418333333333334;0.39716666666666667;-0.00035000000000000005;0.9496666666666665;0.09533333333333334;371.35858333333334;0.11333333333333333;0.8212166666666666;0.1563;371035.82745;578643.3539833333;93152.90476666666;673.5404666666667;31495.595;1985.504993079755
2016-09-01;34533.833333333336;1.0076666666666665;25559.122333333333;-0.008500000000000027;0.33216666666666667;16.541833333333333;2.8689999999999998;1.4241666666666666;809.1535;98798.59766666667;0.0;0.0;870048066.6913333;-18379.897166666666;0.0;10.444333333333333;0.4788333333333333;1.7139333333333333;0.34923333333333334;0.39926666666666666;0.0008;0.9514999999999999;0.09566666666666668;372.04505;0.11331666666666666;0.8230833333333334;0.15940000000000001;375492.8863833333;584002.9944333333;94035.65215;985.9200000000001;31796.673333333336;2012.367238158662
2016-10-01;34538.5;1.0085;25398.47616666667;-0.7116666666666666;0.333;16.5525;2.900166666666667;1.4245;816.2018333333334;98012.51183333334;0.0;0.0;960758299.0848333;-18476.365166666666;0.0;10.621;0.4775;1.7040166666666667;0.35435;0.3991833333333334;0.0007000000000000001;0.9540000000000001;0.09583333333333333;373.64508333333333;0.11333333333333334;0.8246166666666667;0.16351666666666667;379837.20619999996;589316.18365;94913.1259;885.1950499999999;32101.703333333335;2038.7304343787416
2016-11-01;34549.333333333336;1.0076666666666665;25457.687333333335;0.21250000000000005;0.3333333333333333;16.566666666666666;2.9346666666666668;1.4266666666666667;822.9993333333333;97232.78250000002;0.0;0.0;1060936444.5914999;-18663.3585;0.0;10.581666666666667;0.476;1.7142;0.35915;0.4017833333333334;-0.0008500000000000001;0.9558333333333332;0.09583333333333333;375.32095;0.11333333333333334;0.8262999999999999;0.16583333333333333;384191.47315;594635.2802;95792.22165;890.1123833333332;32382.483333333334;2066.0117807183196
2016-12-01;34552.833333333336;1.008;25382.394666666663;-0.37683333333333335;0.3335000000000001;16.575;2.9643333333333337;1.439;828.5403333333334;98064.543;0.0;0.0;1171570389.8931668;-18641.85783333333;0.0;10.703000000000001;0.4746666666666666;1.6953666666666667;0.3641666666666667;0.40114999999999995;0.0005833333333333334;0.9583333333333334;0.09583333333333333;376.9318;0.11338333333333334;0.8273333333333334;0.16731666666666667;388666.38501666667;599926.54515;96669.00233333332;1035.3444166666666;32660.285;2093.5539906275376
2017-01-01;34555.0;1.0093333333333334;25731.755333333334;1.3121666666666665;0.33433333333333337;16.5805;2.9916666666666667;1.4326666666666668;834.0633333333334;97365.75816666667;0.0;0.0;1293752288.9778333;-18463.86533333333;0.0;10.3405;0.4736666666666666;1.7062333333333335;0.36788333333333334;0.4033166666666667;0.001;0.9605;0.09583333333333333;378.73528333333337;0.1133;0.8285166666666667;0.1605;392900.36128333333;605345.0617666667;97557.163;717.45165;32932.34166666667;2120.9462532908383
2017-02-01;34555.666666666664;1.0091666666666665;25083.294833333333;-2.6016666666666666;0.3345;16.589666666666666;3.0063333333333335;1.4373333333333334;840.5554999999999;96285.942;0.0;0.0;1428686402.6128333;-19038.284499999998;0.0;10.467666666666666;0.47333333333333333;1.6697499999999998;0.3735833333333333;0.4053;-1.6666666666666674e-05;0.9624999999999999;0.09633333333333334;380.48853333333335;0.11328333333333333;0.8297833333333333;0.1622333333333333;396821.33255;610639.5897499999;98423.61009999999;462.109;33259.91166666667;2148.2973947351124
2017-03-01;34564.5;1.0083333333333333;25079.618166666667;-0.0611666666666667;0.335;16.601166666666668;3.0340000000000003;1.431;846.091;94982.49583333333;0.0;0.0;1577703909.4086666;-19035.872333333333;0.0;10.302666666666667;0.4721666666666666;1.6524;0.3783666666666667;0.4056166666666667;-0.0007;0.965;0.09649999999999999;383.1029833333334;0.11328333333333333;0.8314333333333334;0.1644;400971.2395833333;616055.1790333333;99289.90548333334;722.1182833333332;33534.005;2175.5640214184664
2017-04-01;34569.333333333336;1.0075;25037.295;-0.18033333333333332;0.33549999999999996;16.611166666666666;3.0561666666666665;1.4331666666666667;852.4908333333333;94133.95916666667;0.0;0.0;1742275098.3495;-19049.038666666667;0.0;10.296833333333334;0.4716666666666667;1.6549333333333334;0.3831166666666667;0.4075166666666667;-0.001;0.9671666666666666;0.09666666666666668;385.03981666666664;0.11326666666666667;0.8325666666666667;0.16841666666666666;405012.27918333333;621326.0448500001;100154.7499;607.3386166666667;33816.14666666667;2202.76487734253
2017-05-01;34578.166666666664;1.0061666666666667;24647.57816666667;-1.582;0.3358333333333334;16.625;3.074666666666667;1.4215;858.2905000000001;93374.58116666666;0.0;0.0;1924022216.6569998;-19493.655833333334;0.0;10.027166666666666;0.47100000000000003;1.6090333333333333;0.38943333333333335;0.40841666666666665;-0.0010833333333333333;0.9695;0.09666666666666668;386.88866666666667;0.11325;0.8331;0.17105;408980.91438333335;626459.6541666667;101006.38353333333;585.7888833333333;34116.454999999994;2229.8338162106534
2017-06-01;34576.0;1.0076666666666665;24597.11333333333;-0.25033333333333324;0.336;16.629166666666666;3.112666666666667;1.4123333333333334;864.1615;93623.98266666666;0.0;0.0;2124739095.3588333;-19412.369166666667;0.0;9.767833333333334;0.4693333333333333;1.6165833333333335;0.3976;0.4100333333333333;0.0011833333333333333;0.9713333333333333;0.09666666666666668;388.56553333333335;0.11323333333333334;0.8347833333333333;0.1713;413431.20978333335;631579.5604;101855.93445;1140.5009166666666;34397.439999999995;2257.3837986456015
2017-07-01;34587.666666666664;1.0068333333333332;23837.923666666666;-3.1811666666666665;0.3363333333333334;16.642500000000002;3.128;1.4136666666666666;870.9355;93447.06083333334;0.0;0.0;2346406091.0221667;-20133.443499999998;0.0;9.868;0.46900000000000003;1.5751666666666668;0.4000666666666666;0.4126833333333333;-0.0007000000000000001;0.9733333333333333;0.09683333333333333;390.3382;0.11318333333333334;0.8356;0.17595000000000002;417216.5087833333;636633.3649666667;102679.66543333333;510.59906666666666;34714.541666666664;2284.940364994024
2017-08-01;34586.333333333336;1.0076666666666665;24595.2255;3.0561666666666665;0.3368333333333333;16.652166666666666;3.1415;1.4293333333333333;877.8076666666666;92522.99766666668;0.0;0.0;2591209302.3053336;-19625.931666666667;0.0;9.794833333333335;0.4683333333333333;1.6106333333333334;0.40596666666666664;0.4115333333333333;0.00105;0.9756666666666667;0.09700000000000002;391.32865;0.11311666666666666;0.8363833333333334;0.18526666666666666;421144.4871833334;641792.7130833333;103529.45483333334;562.5644666666667;34971.90333333333;2312.8276554359236
2017-09-01;34588.666666666664;1.007;24365.227333333332;-0.9576666666666666;0.33716666666666667;16.657666666666668;3.1506666666666665;1.4306666666666665;884.6678333333333;91439.54616666667;0.0;0.0;2861562738.605167;-19771.817333333332;0.0;9.307666666666668;0.46799999999999997;1.5985666666666667;0.40778333333333333;0.41385;-0.0008166666666666666;0.9775;0.09700000000000002;392.7057;0.11303333333333333;0.83695;0.18388333333333332;424912.18083333335;646873.7621333334;104371.39071666666;415.27618333333334;35248.66;2340.357714546581
2017-10-01;34603.833333333336;1.0081666666666667;24134.962166666664;-0.9720000000000001;0.3375000000000001;16.669666666666668;3.1496666666666666;1.4416666666666667;891.7511666666666;90372.6495;0.0;0.0;3160133054.0761666;-20048.251833333332;0.0;9.610666666666667;0.4683333333333333;1.5677666666666668;0.4106166666666667;0.41405000000000003;0.001216666666666667;0.979;0.09700000000000002;395.0287166666667;0.11298333333333332;0.8373499999999999;0.18218333333333334;428435.7612333333;651909.2480333333;105205.42711666667;176.8386;35523.198333333334;2368.1066689412455
2017-11-01;34613.333333333336;1.0083333333333333;23954.296333333332;-0.8293333333333335;0.3378333333333334;16.675333333333334;3.1493333333333333;1.4351666666666667;897.9058333333332;89340.02766666666;0.0;0.0;3489866640.4810004;-20134.24166666667;0.0;9.500833333333333;0.4683333333333333;1.5638666666666667;0.41536666666666666;0.4167666666666667;0.00025;0.9808333333333333;0.09733333333333334;396.0233;0.11305;0.8369666666666666;0.18431666666666668;431978.7296833333;656976.55535;106033.39104999999;229.03073333333336;35775.38333333333;2395.8803658497964
2017-12-01;34610.666666666664;1.0085;23620.83266666667;-1.4463333333333335;0.33816666666666667;16.6815;3.1405;1.4391666666666667;905.2325000000001;89164.42;0.0;0.0;3854015120.7421665;-20502.91866666667;0.0;9.473;0.4688333333333334;1.5232833333333333;0.4203333333333334;0.41673333333333334;-0.00011666666666666667;0.9819999999999999;0.09733333333333334;396.4066833333333;0.11301666666666667;0.8361333333333333;0.1782;435345.0279833333;661883.7130333333;106849.7475;81.85934999999999;36055.84333333333;2420.4476243674635
2018-01-01;34614.833333333336;1.0086666666666666;23616.049499999997;-0.22883333333333336;0.3385;16.6905;3.141833333333333;1.4320000000000002;911.4803333333333;88130.11233333334;0.0;0.0;4256169995.471;-20450.532833333335;0.0;9.4755;0.4688333333333334;1.5169833333333334;0.42393333333333333;0.41815;0.00025000000000000006;0.984;0.09733333333333334;396.95970000000005;0.113;0.8365;0.1828;438841.3473333333;666790.1700333334;107666.08685;229.29893333333334;36341.261666666665;2448.6633120148963
2018-02-01;34624.333333333336;1.0076666666666667;23995.319166666668;1.6028333333333336;0.33816666666666667;16.7025;3.137166666666667;1.4243333333333332;918.486;87427.01983333332;0.0;0.0;4700299091.919833;-20049.2345;0.0;9.270666666666665;0.46900000000000003;1.5027333333333335;0.4291333333333333;0.4197166666666667;-0.0008833333333333332;0.9860000000000001;0.09733333333333334;397.2310333333333;0.113;0.8364333333333334;0.17786666666666665;442286.2785;671798.6961666667;108495.24286666668;116.385;36584.16333333334;2475.7370308969007
2018-03-01;34634.166666666664;1.0093333333333332;23194.893;-3.4854999999999996;0.3388333333333334;16.715666666666667;3.142333333333333;1.4236666666666666;925.6383333333333;87241.05933333332;0.0;0.0;5190783760.030167;-20892.844166666666;0.0;8.929666666666668;0.4688333333333334;1.4689666666666668;0.43405;0.42235;0.0014333333333333333;0.9876666666666667;0.09733333333333334;397.5934333333333;0.11301666666666667;0.8370666666666667;0.1867;445848.94029999996;676695.31145;109297.18298333335;365.67765;36878.59333333333;2504.1952201874324
2018-04-01;34638.833333333336;1.009;23383.5635;0.6536666666666666;0.339;16.727666666666668;3.1438333333333333;1.4286666666666668;932.0771666666666;86385.10483333333;0.0;0.0;5732461836.253834;-20794.084166666667;0.0;9.184666666666667;0.46900000000000003;1.4765333333333333;0.4384166666666667;0.42253333333333337;-0.00018333333333333334;0.9898333333333333;0.09749999999999999;399.0853;0.11286666666666667;0.83715;0.19456666666666667;449328.3485;681619.5837333334;110105.55976666667;249.57581666666667;37147.885;2533.1239645761657
2018-05-01;34639.0;1.0088333333333332;23355.830166666667;-0.10300000000000005;0.33949999999999997;16.735;3.1378333333333335;1.4266666666666667;938.3879999999999;85594.87783333333;0.0;0.0;6330675532.612834;-20824.768500000002;0.0;8.953333333333333;0.46900000000000003;1.4707333333333334;0.4416;0.42324999999999996;-0.00010000000000000003;0.9918333333333332;0.09749999999999999;400.7871333333333;0.11281666666666666;0.8366666666666666;0.2041666666666667;452658.19293333334;686466.9033166667;110912.96641666668;89.47161666666666;37409.166666666664;2561.4945461981047
2018-06-01;34642.833333333336;1.0086666666666666;22650.543666666665;-3.2466666666666666;0.33949999999999997;16.741333333333333;3.1300000000000003;1.4216666666666669;945.0143333333334;85356.041;0.0;0.0;6991327058.279667;-21297.307;0.0;8.682666666666668;0.4693333333333333;1.4202000000000001;0.44575000000000004;0.42408333333333337;-0.00038333333333333334;0.9936666666666666;0.09766666666666668;402.4367;0.11283333333333334;0.83655;0.20706666666666665;455884.8079666667;691301.24045;111696.39993333333;78.60785;37697.431666666664;2590.0431300090663
2018-07-01;34638.0;1.0088333333333332;23341.15566666667;2.929166666666667;0.33966666666666673;16.744333333333334;3.1283333333333334;1.4235;951.689;84677.8075;0.0;0.0;7720932873.1225;-20746.269;0.0;8.837166666666667;0.46950000000000003;1.44215;0.45003333333333334;0.4253833333333333;0.0002;0.9958333333333332;0.09766666666666668;403.2314166666667;0.11283333333333334;0.8367999999999999;0.21498333333333333;459276.96235;696118.5753166666;112503.10633333334;165.2841;37939.35833333333;2618.5899432649026
2018-08-01;34636.5;1.0093333333333334;22816.74;-2.328333333333333;0.3406666666666667;16.74983333333333;3.145666666666667;1.4128333333333334;957.5311666666666;84302.63133333334;0.0;0.0;8526688961.351167;-21124.533333333333;0.0;8.576666666666666;0.46900000000000003;1.4176833333333334;0.4542333333333333;0.4251833333333333;0.0004833333333333333;0.9973333333333333;0.09766666666666668;405.10985;0.1128;0.8372333333333334;0.21913333333333332;462940.12686666666;700971.36625;113291.7781;543.4755166666666;38198.88333333334;2647.7217114268265
2018-09-01;34644.666666666664;1.01;22750.35716666667;-0.42733333333333334;0.341;16.7585;3.1359999999999997;1.4248333333333332;964.1203333333333;83626.0405;0.0;0.0;9416543266.742834;-21307.236;0.0;8.352;0.4691666666666667;1.3893333333333333;0.4584333333333333;0.42533333333333334;0.0006500000000000001;0.999;0.09766666666666668;407.02405;0.11275;0.8371666666666666;0.21861666666666668;466170.94563333335;705705.2379833333;114078.47876666667;71.90238333333333;38458.909999999996;2676.6014998342107
2018-10-01;34655.5;1.0101666666666667;22959.748000000003;0.9248333333333333;0.34149999999999997;16.767666666666667;3.1291666666666664;1.4473333333333331;970.5001666666667;83127.6275;0.0;0.0;10399274032.854334;-21216.485;0.0;8.506166666666667;0.4696666666666667;1.4060666666666666;0.46226666666666666;0.42861666666666665;0.00031666666666666665;1.0006666666666666;0.09766666666666668;408.39641666666665;0.11270000000000001;0.83715;0.21341666666666667;469419.04866666667;710506.1863000001;114872.32933333334;63.537650000000006;38726.82833333333;2705.6349986824202
2018-11-01;34663.0;1.0105;22975.560666666668;0.02500000000000006;0.3421666666666667;16.779833333333332;3.1481666666666666;1.4364999999999999;977.2603333333333;82682.92616666667;0.0;0.0;11484574852.0775;-21293.755666666668;0.0;8.490166666666667;0.4686666666666666;1.4068333333333332;0.46495;0.4305666666666667;0.0003500000000000001;1.0026666666666666;0.09816666666666667;409.79701666666665;0.11268333333333334;0.8385166666666667;0.21303333333333332;473118.0753666667;715404.1928;115666.66081666667;562.8556833333333;38965.958333333336;2734.758074468818
2018-12-01;34654.333333333336;1.0096666666666667;23320.08;1.3611666666666666;0.3426666666666667;16.775833333333335;3.151666666666667;1.4373333333333334;983.4043333333334;81942.2755;0.0;0.0;12683151291.5585;-21081.4685;0.0;8.402666666666667;0.4686666666666666;1.3911666666666667;0.46685;0.4310833333333333;-0.0009666666666666666;1.0043333333333333;0.09816666666666667;411.3684166666667;0.11258333333333333;0.8390166666666667;0.21866666666666668;476572.00056666665;720216.4503166666;116472.79675;240.87633333333335;39201.948333333334;2763.8131385058327
2019-01-01;34662.5;1.0090000000000001;23272.086;-0.2806666666666667;0.3433333333333333;16.786333333333335;3.150166666666667;1.4398333333333333;989.7556666666666;81591.95166666668;0.0;0.0;14006826257.756166;-21256.18533333333;0.0;8.365166666666667;0.4686666666666666;1.4037;0.46878333333333333;0.4333833333333333;-0.0004833333333333333;1.0065;0.09816666666666667;413.4832166666667;0.11263333333333332;0.8387666666666668;0.2178;479934.4455666666;725080.7395166666;117277.1813;144.88465;39435.206666666665;2792.880618904342
2019-02-01;34666.333333333336;1.0085;22809.781166666668;-2.0708333333333333;0.34400000000000003;16.792;3.141666666666667;1.4376666666666666;996.3916666666668;80893.4795;0.0;0.0;15468656178.142;-21635.839833333335;0.0;8.372833333333334;0.46950000000000003;1.3612833333333334;0.472;0.43334999999999996;-0.0002666666666666666;1.0081666666666667;0.09816666666666667;415.31395;0.11264999999999999;0.8382000000000001;0.2179;483141.92576666665;729897.71895;118065.46458333333;40.94231666666667;39679.53666666667;2821.8895570027084
2019-03-01;34676.5;1.0091666666666665;22811.629833333336;-0.02633333333333332;0.3446666666666667;16.80666666666667;3.135833333333333;1.4283333333333335;1002.4631666666666;80573.59216666667;0.0;0.0;17083061207.767;-21415.843333333334;0.0;8.147666666666668;0.4696666666666667;1.36235;0.47618333333333335;0.4364166666666667;0.0001833333333333334;1.0096666666666667;0.09833333333333334;416.8514;0.11261666666666666;0.8379666666666666;0.22046666666666667;486370.0321833333;734612.9753833333;118854.27966666665;67.95434999999999;39911.67833333334;2851.074437381559
2019-04-01;34680.333333333336;1.009;22764.599;-0.2935;0.3448333333333333;16.81833333333333;3.1296666666666666;1.4483333333333333;1009.3228333333333;80107.559;0.0;0.0;18865965698.59367;-21621.754666666664;0.0;8.194333333333333;0.4698333333333333;1.3437000000000001;0.4798;0.43695;0.00028333333333333335;1.011;0.09833333333333334;418.49081666666666;0.11259999999999999;0.8372999999999999;0.22586666666666666;489593.59778333333;739300.0979666667;119641.52118333335;68.44446666666667;40164.96;2880.0846789298357
2019-05-01;34688.0;1.0085;22730.962166666664;-0.18800000000000003;0.3453333333333333;16.826;3.139;1.4493333333333334;1015.4288333333334;79233.14216666667;0.0;0.0;20834956686.208332;-21829.893666666667;0.0;8.325333333333333;0.4696666666666667;1.3399;0.4829333333333334;0.43724999999999997;-0.0009833333333333335;1.0134999999999998;0.09833333333333334;419.9664666666667;0.11255;0.8377666666666667;0.23381666666666667;492957.71931666665;744076.72315;120427.2121;233.5220833333333;40389.043333333335;2908.8892721425705
2019-06-01;34691.0;1.0085;22320.142833333335;-1.9346666666666668;0.34583333333333327;16.827666666666666;3.1478333333333333;1.4160000000000001;1021.564;78697.18933333333;0.0;0.0;23009455306.229;-22158.266333333333;0.0;8.008166666666666;0.4693333333333333;1.3140666666666665;0.4853;0.4398166666666667;0.00024999999999999995;1.0146666666666666;0.09833333333333334;421.4191166666667;0.11233333333333334;0.8379;0.2446;496312.4203833333;748830.7595333332;121199.13218333333;282.1093333333333;40653.39833333334;2938.582101114704
2019-07-01;34696.666666666664;1.0088333333333332;22694.923;1.5226666666666668;0.3461666666666667;16.838833333333334;3.154833333333334;1.4393333333333331;1027.6348333333333;77925.98816666666;0.0;0.0;25410912379.8585;-22069.774833333333;0.0;7.932666666666667;0.4691666666666667;1.3262833333333333;0.4905166666666667;0.44229999999999997;0.00026666666666666673;1.0163333333333333;0.09866666666666667;423.57573333333335;0.11235;0.8382833333333334;0.24418333333333334;499692.8858333333;753555.7678666668;121983.63946666667;260.54183333333333;40888.24333333333;2967.8697524107806
2019-08-01;34705.0;1.0083333333333333;22287.56983333333;-1.8543333333333332;0.3465;16.845666666666666;3.1606666666666663;1.4245;1033.6433333333332;77917.75533333333;0.0;0.0;28063015280.269833;-22399.314333333332;0.0;7.865666666666667;0.46900000000000003;1.3111;0.4923166666666667;0.44176666666666664;-0.0004166666666666667;1.0185;0.09866666666666667;425.0946166666667;0.1124;0.8384166666666667;0.25101666666666667;503045.17196666665;758246.5966166668;122754.23904999999;287.99315;41149.00666666666;2997.261537282877
2019-09-01;34710.166666666664;1.008;22202.948333333334;-0.43750000000000006;0.3468333333333333;16.853833333333334;3.171666666666667;1.4416666666666667;1040.4308333333333;77371.9965;0.0;0.0;30991924735.351;-22587.266;0.0;7.8435;0.4686666666666666;1.282;0.49524999999999997;0.44185;-0.0004666666666666666;1.0205;0.09866666666666667;426.78215;0.11238333333333334;0.839;0.2535;506412.70805;762892.8422500001;123522.23305;318.92018333333334;41406.19;3027.2492534724092
2019-10-01;34709.833333333336;1.0081666666666667;22397.06366666667;0.7881666666666666;0.3476666666666666;16.858166666666666;3.1765000000000003;1.4405000000000001;1046.1851666666666;77394.05266666667;0.0;0.0;34226532069.729168;-22372.947166666665;0.0;7.8374999999999995;0.4686666666666666;1.3053000000000001;0.4996;0.44425;0.0003;1.0226666666666666;0.09883333333333333;428.1056833333334;0.11251666666666667;0.8386833333333333;0.25161666666666666;509823.82448333333;767515.7736166666;124296.66619999999;341.22451666666666;41654.21833333333;3057.4856850447563
2019-11-01;34718.0;1.0076666666666665;22190.09983333333;-0.9341666666666667;0.3476666666666666;16.869;3.172333333333333;1.439;1052.5121666666666;77174.048;0.0;0.0;37798742880.16167;-22594.851833333334;0.0;7.922666666666667;0.4688333333333334;1.2706;0.5004166666666666;0.44331666666666664;-0.0006333333333333334;1.0245;0.09883333333333333;429.77400000000006;0.11256666666666666;0.8374833333333332;0.25553333333333333;512960.7686;772155.4718166668;125064.04366666666;64.55263333333333;41907.04666666667;3087.567186170674
2019-12-01;34718.0;1.0076666666666665;22418.7925;0.9528333333333334;0.3481666666666667;16.86766666666667;3.167;1.4128333333333334;1059.5486666666666;76696.33283333333;0.0;0.0;41743794532.62383;-22562.306833333336;0.0;7.564666666666667;0.4691666666666667;1.2811000000000001;0.5024666666666667;0.44645;3.3333333333333294e-05;1.0265;0.09883333333333333;431.3912666666667;0.11248333333333334;0.8372833333333333;0.2564666666666667;516119.1324;776821.9411999999;125839.21574999999;57.675016666666664;42139.02166666667;3111.6725531534116
