isic_12,emissions,Demanda Total,eco
Agriculture,3577865393.351921,764097.8229,4682.470341
Business,32371.09614216544,515418.7487,0.06280543
Construction,156069.5042334914,603302.9565,0.258691761
Financial,0.0,821532.1244,0.0
Government,31635527.719831254,1506091.9026,21.005044688984874
Manufacturing,474502616.0798629,5895771.78304,80.48184928813477
Mining,111027361.94853187,481972.29074,230.36046694316207
OtherServices,636313.5440159613,2168445.9675000003,0.2934421948034826
RealEstate,0.0,681221.4608,0.0
Trade,4691656.444432891,302252.3016,15.522318339999998
Transport,328369280.27655923,611323.3938,537.1449606
Utilities,316932568.7683975,513985.2466,616.6180272
